1.0;0.0;0.3724622;0.0;0.1958111;0.0;0.17320508;0.0;0.15231398;0.0;0.15231399;0.0;0.17320509;0.0;0.07778621;0.0;0.15962665;0.0;0.15;0.0;0.15962668;0.0;0.07778617;0.0;0.17320508;0.0;0.15231398;0.0;0.152314;0.0;0.17320512;0.0;0.19581105;0.0;0.43857092;0.0;1.0;0.0;1.0;0.0;1.0;0.0;1.0;0.0;1.0;0.0;1.0;0.0;1.0;0.0;1.0;0.0;1.0;0.0;1.0;0.0;1.0;0.0;1.0;0.0;1.0;0.0;1.0;0.0;1.0;0.0;1.0;0.0;1.0;0.0;1.0;0.0;1.0;0.0;0.0;0.0;0.0
1.0;0.0;0.3618204;0.0;0.18275698;0.0;0.07999993;0.0;0.0;0.0;0.15231399;0.0;0.17320509;0.0;0.07778621;0.0;0.17026848;0.0;0.16000004;0.0;0.1702685;0.0;0.07778617;0.0;0.17320508;0.0;0.15231398;0.0;0.0;0.0;0.079999864;0.0;0.18275693;0.0;0.43857092;0.0;1.0;0.0;1.0;0.0;1.0;0.0;1.0;0.0;1.0;0.0;1.0;0.0;1.0;0.0;1.0;0.0;1.0;0.0;1.0;0.0;1.0;0.0;1.0;0.0;1.0;0.0;1.0;0.0;1.0;0.0;1.0;0.0;1.0;0.0;1.0;0.0;1.0;0.0;0.0;0.0;0.0
1.0;0.0;0.3511786;0.0;0.16970286;0.0;0.059999853;0.0;0.0;0.0;0.15231399;0.0;0.17320509;0.0;0.07778621;0.0;0.18091029;0.0;0.17000008;0.0;0.18091032;0.0;0.07778617;0.0;0.17320508;0.0;0.15231398;0.0;0.0;0.0;0.059999805;0.0;0.1697028;0.0;0.43857092;0.0;1.0;0.0;1.0;0.0;1.0;0.0;1.0;0.0;1.0;0.0;1.0;0.0;1.0;0.0;1.0;0.0;1.0;0.0;1.0;0.0;1.0;0.0;1.0;0.0;1.0;0.0;1.0;0.0;1.0;0.0;1.0;0.0;1.0;0.0;1.0;0.0;1.0;0.0;0.0;0.0;0.0
1.0;0.0;0.34053677;0.0;0.15664873;0.0;0.039999776;0.0;0.15231398;0.0;0.15231399;0.0;0.17320509;0.0;0.10443272;0.0;0.19155212;0.0;0.18000011;0.0;0.19155213;0.0;0.10443275;0.0;0.17320508;0.0;0.15231398;0.0;0.152314;0.0;0.039999742;0.0;0.1566487;0.0;0.43857092;0.0;1.0;0.0;1.0;0.0;1.0;0.0;1.0;0.0;1.0;0.0;1.0;0.0;1.0;0.0;1.0;0.0;1.0;0.0;1.0;0.0;1.0;0.0;1.0;0.0;1.0;0.0;1.0;0.0;1.0;0.0;1.0;0.0;1.0;0.0;1.0;0.0;1.0;0.0;0.0;0.0;0.0
1.0;0.0;0.43631274;0.0;0.1435946;0.0;0.019999696;0.0;0.15231398;0.0;0.15231399;0.0;0.0;0.0;0.117486835;0.0;0.20219393;0.0;0.19000015;0.0;0.20219395;0.0;0.11748687;0.0;0.0;0.0;0.15231398;0.0;0.152314;0.0;0.01999968;0.0;0.14359458;0.0;0.43857092;0.0;1.0;0.0;1.0;0.0;1.0;0.0;1.0;0.0;1.0;0.0;1.0;0.0;1.0;0.0;1.0;0.0;1.0;0.0;1.0;0.0;1.0;0.0;1.0;0.0;1.0;0.0;1.0;0.0;1.0;0.0;1.0;0.0;1.0;0.0;1.0;0.0;1.0;0.0;0.0;0.0;0.0
1.0;0.0;0.42567092;0.0;0.13054048;0.0;0.0;0.0;0.15231398;0.0;0.15231399;0.0;3.8146968E-7;0.0;0.13054094;0.0;0.21283574;0.0;0.2000002;0.0;0.21283576;0.0;0.130541;0.0;3.8146982E-7;0.0;0.15231398;0.0;0.152314;0.0;0.0;0.0;0.13054046;0.0;0.43857092;0.0;1.0;0.0;1.0;0.0;1.0;0.0;1.0;0.0;1.0;0.0;1.0;0.0;1.0;0.0;1.0;0.0;1.0;0.0;1.0;0.0;1.0;0.0;1.0;0.0;1.0;0.0;1.0;0.0;1.0;0.0;1.0;0.0;1.0;0.0;1.0;0.0;1.0;0.0;0.0;0.0;0.0
1.0;0.0;0.4150291;0.0;0.11748636;0.0;0.0;0.0;0.15231398;0.0;0.15231399;0.0;0.020000454;0.0;0.14359507;0.0;0.22347756;0.0;0.21000023;0.0;0.2234776;0.0;0.14359513;0.0;0.020000461;0.0;0.15231398;0.0;0.152314;0.0;0.0;0.0;0.117486335;0.0;0.43857092;0.0;1.0;0.0;1.0;0.0;1.0;0.0;1.0;0.0;1.0;0.0;1.0;0.0;1.0;0.0;1.0;0.0;1.0;0.0;1.0;0.0;1.0;0.0;1.0;0.0;1.0;0.0;1.0;0.0;1.0;0.0;1.0;0.0;1.0;0.0;1.0;0.0;1.0;0.0;0.0;0.0;0.0
1.0;0.0;0.4043873;0.0;0.10443224;0.0;0.17320508;0.0;0.15231398;0.0;0.15231399;0.0;0.040000528;0.0;0.15664919;0.0;0.23411939;0.0;0.22000027;0.0;0.23411942;0.0;0.15664925;0.0;0.04000054;0.0;0.15231398;0.0;0.152314;0.0;0.17320512;0.0;0.10443221;0.0;0.6172228;0.0;1.0;0.0;1.0;0.0;1.0;0.0;1.0;0.0;1.0;0.0;1.0;0.0;1.0;0.0;1.0;0.0;1.0;0.0;1.0;0.0;1.0;0.0;1.0;0.0;1.0;0.0;1.0;0.0;1.0;0.0;1.0;0.0;1.0;0.0;1.0;0.0;1.0;0.0;0.0;0.0;0.0
1.0;0.0;0.39374545;0.0;0.22191885;0.0;0.17320508;0.0;0.15231398;0.0;0.0;0.0;0.060000606;0.0;0.1697033;0.0;0.2447612;0.0;0.2300003;0.0;0.24476123;0.0;0.16970338;0.0;0.06000062;0.0;0.0;0.0;0.152314;0.0;0.17320512;0.0;0.22191879;0.0;0.606581;0.0;1.0;0.0;1.0;0.0;1.0;0.0;1.0;0.0;1.0;0.0;1.0;0.0;1.0;0.0;1.0;0.0;1.0;0.0;1.0;0.0;1.0;0.0;1.0;0.0;1.0;0.0;1.0;0.0;1.0;0.0;1.0;0.0;1.0;0.0;1.0;0.0;1.0;0.0;0.0;0.0;0.0
1.0;0.0;0.38310364;0.0;0.20886472;0.0;0.17320508;0.0;0.15231398;0.0;0.0;0.0;0.080000676;0.0;0.18275742;0.0;0.255403;0.0;0.24000034;0.0;0.25540304;0.0;0.1827575;0.0;0.0800007;0.0;0.0;0.0;0.152314;0.0;0.17320512;0.0;0.20886466;0.0;0.59593916;0.0;1.0;0.0;1.0;0.0;1.0;0.0;1.0;0.0;1.0;0.0;1.0;0.0;1.0;0.0;1.0;0.0;1.0;0.0;1.0;0.0;1.0;0.0;1.0;0.0;1.0;0.0;1.0;0.0;1.0;0.0;1.0;0.0;1.0;0.0;1.0;0.0;1.0;0.0;0.0;0.0;0.0
1.0;0.0;0.37246183;0.0;0.19581059;0.0;0.17320508;0.0;0.15231398;0.0;0.15231399;0.0;0.17320509;0.0;0.19581154;0.0;0.26604483;0.0;0.2500004;0.0;0.26604488;0.0;0.19581161;0.0;0.17320508;0.0;0.15231398;0.0;0.152314;0.0;0.17320512;0.0;0.19581056;0.0;0.58529735;0.0;1.0;0.0;1.0;0.0;1.0;0.0;1.0;0.0;1.0;0.0;1.0;0.0;1.0;0.0;1.0;0.0;1.0;0.0;1.0;0.0;1.0;0.0;1.0;0.0;1.0;0.0;1.0;0.0;1.0;0.0;1.0;0.0;1.0;0.0;1.0;0.0;1.0;0.0;0.0;0.0;0.0
1.0;0.0;0.36182;0.0;0.18275647;0.0;0.079999164;0.0;0.0;0.0;0.15231399;0.0;0.17320509;0.0;0.20886567;0.0;0.27668664;0.0;0.2600004;0.0;0.2766867;0.0;0.20886573;0.0;0.17320508;0.0;0.15231398;0.0;0.0;0.0;0.079999104;0.0;0.18275644;0.0;0.57465553;0.0;1.0;0.0;1.0;0.0;1.0;0.0;1.0;0.0;1.0;0.0;1.0;0.0;1.0;0.0;1.0;0.0;1.0;0.0;1.0;0.0;1.0;0.0;1.0;0.0;1.0;0.0;1.0;0.0;1.0;0.0;1.0;0.0;1.0;0.0;1.0;0.0;1.0;0.0;0.0;0.0;0.0
1.0;0.0;0.35117817;0.0;0.16970235;0.0;0.05999909;0.0;0.0;0.0;0.15231399;0.0;0.17320509;0.0;0.22191978;0.0;0.28732845;0.0;0.27000046;0.0;0.2873285;0.0;0.22191986;0.0;0.17320508;0.0;0.15231398;0.0;0.0;0.0;0.05999904;0.0;0.16970232;0.0;0.5640137;0.0;1.0;0.0;1.0;0.0;1.0;0.0;1.0;0.0;1.0;0.0;1.0;0.0;1.0;0.0;1.0;0.0;1.0;0.0;1.0;0.0;1.0;0.0;1.0;0.0;1.0;0.0;1.0;0.0;1.0;0.0;1.0;0.0;1.0;0.0;1.0;0.0;1.0;0.0;0.0;0.0;0.0
1.0;0.0;0.34053636;0.0;0.15664823;0.0;0.039999012;0.0;0.15231398;0.0;0.15231399;0.0;0.17320509;0.0;0.1044332;0.0;0.2979703;0.0;0.2800005;0.0;0.29797032;0.0;0.10443325;0.0;0.17320508;0.0;0.15231398;0.0;0.152314;0.0;0.03999898;0.0;0.15664819;0.0;0.55337185;0.0;1.0;0.0;1.0;0.0;1.0;0.0;1.0;0.0;1.0;0.0;1.0;0.0;1.0;0.0;1.0;0.0;1.0;0.0;1.0;0.0;1.0;0.0;1.0;0.0;1.0;0.0;1.0;0.0;1.0;0.0;1.0;0.0;1.0;0.0;1.0;0.0;1.0;0.0;0.0;0.0;0.0
1.0;0.0;0.43631235;0.0;0.14359412;0.0;0.019998934;0.0;0.15231398;0.0;0.15231399;0.0;0.0;0.0;0.117487326;0.0;0.3086121;0.0;0.29000053;0.0;0.30861214;0.0;0.11748737;0.0;0.0;0.0;0.15231398;0.0;0.152314;0.0;0.019998917;0.0;0.14359407;0.0;0.54273003;0.0;1.0;0.0;1.0;0.0;1.0;0.0;1.0;0.0;1.0;0.0;1.0;0.0;1.0;0.0;1.0;0.0;1.0;0.0;1.0;0.0;1.0;0.0;1.0;0.0;1.0;0.0;1.0;0.0;1.0;0.0;1.0;0.0;1.0;0.0;1.0;0.0;1.0;0.0;0.0;0.0;0.0
0.9999994;0.0;0.42567047;0.0;0.13053998;0.0;0.0;0.0;0.15231398;0.0;0.15231399;0.0;1.1444091E-6;0.0;0.13054144;0.0;0.31925392;0.0;0.30000058;0.0;0.31925398;0.0;0.13054149;0.0;1.1444093E-6;0.0;0.15231398;0.0;0.152314;0.0;0.0;0.0;0.13053995;0.0;0.5320882;0.0;1.0;0.0;1.0;0.0;1.0;0.0;1.0;0.0;1.0;0.0;1.0;0.0;1.0;0.0;1.0;0.0;1.0;0.0;1.0;0.0;1.0;0.0;1.0;0.0;1.0;0.0;1.0;0.0;1.0;0.0;1.0;0.0;1.0;0.0;1.0;0.0;1.0;0.0;0.0;0.0;0.0
0.9899994;0.0;0.41502866;0.0;0.11748586;0.0;0.0;0.0;0.15231398;0.0;0.15231399;0.0;0.020001218;0.0;0.14359556;0.0;0.32989573;0.0;0.3100006;0.0;0.3298958;0.0;0.14359562;0.0;0.020001223;0.0;0.15231398;0.0;0.152314;0.0;0.0;0.0;0.117485836;0.0;0.5214464;0.0;1.0;0.0;1.0;0.0;1.0;0.0;1.0;0.0;1.0;0.0;1.0;0.0;1.0;0.0;1.0;0.0;1.0;0.0;1.0;0.0;1.0;0.0;1.0;0.0;1.0;0.0;1.0;0.0;1.0;0.0;1.0;0.0;1.0;0.0;1.0;0.0;1.0;0.0;0.0;0.0;0.0
0.97999936;0.0;0.40438685;0.0;0.10443173;0.0;0.17320508;0.0;0.15231398;0.0;0.15231399;0.0;0.04000129;0.0;0.15664968;0.0;0.14619027;0.0;0.32000065;0.0;0.14619012;0.0;0.15664974;0.0;0.040001303;0.0;0.15231398;0.0;0.152314;0.0;0.17320512;0.0;0.10443171;0.0;0.5108046;0.0;1.0;0.0;1.0;0.0;1.0;0.0;1.0;0.0;1.0;0.0;1.0;0.0;1.0;0.0;1.0;0.0;1.0;0.0;1.0;0.0;1.0;0.0;1.0;0.0;1.0;0.0;1.0;0.0;1.0;0.0;1.0;0.0;1.0;0.0;1.0;0.0;1.0;0.0;0.0;0.0;0.0
0.9699993;0.0;0.39374503;0.0;0.22191834;0.0;0.17320508;0.0;0.15231398;0.0;0.0;0.0;0.060001366;0.0;0.16970381;0.0;0.14619027;0.0;0.3300007;0.0;0.14619012;0.0;0.16970387;0.0;0.060001384;0.0;0.0;0.0;0.152314;0.0;0.17320512;0.0;0.5445035;0.0;0.5001628;0.0;1.0;0.0;1.0;0.0;1.0;0.0;1.0;0.0;1.0;0.0;1.0;0.0;1.0;0.0;1.0;0.0;1.0;0.0;1.0;0.0;1.0;0.0;1.0;0.0;1.0;0.0;1.0;0.0;1.0;0.0;1.0;0.0;9.0;0.0;1.0;0.0;1.0;0.0;0.0;0.0;0.0
0.95999926;0.0;0.38310322;0.0;0.20886421;0.0;0.17320508;0.0;0.15231398;0.0;0.0;0.0;0.080001436;0.0;0.18275793;0.0;0.14619027;0.0;0.34000072;0.0;0.14619012;0.0;0.182758;0.0;0.08000146;0.0;0.0;0.0;0.152314;0.0;0.17320512;0.0;0.5445035;0.0;0.48952097;0.0;1.0;0.0;1.0;0.0;1.0;0.0;1.0;0.0;1.0;0.0;1.0;0.0;1.0;0.0;1.0;0.0;1.0;0.0;1.0;0.0;1.0;0.0;1.0;0.0;1.0;0.0;1.0;0.0;1.0;0.0;1.0;0.0;9.0;0.0;1.0;0.0;1.0;0.0;0.0;0.0;0.0
0.9499992;0.0;0.3724614;0.0;0.19581011;0.0;0.17320508;0.0;0.15231398;0.0;0.15231399;0.0;0.17320509;0.0;0.19581205;0.0;0.14619027;0.0;0.35000077;0.0;0.14619012;0.0;0.19581212;0.0;0.17320508;0.0;0.15231398;0.0;0.152314;0.0;0.17320512;0.0;0.5445035;0.0;0.47887915;0.0;1.0;0.0;1.0;0.0;1.0;0.0;1.0;0.0;1.0;0.0;1.0;0.0;1.0;0.0;1.0;0.0;1.0;0.0;1.0;0.0;1.0;0.0;1.0;0.0;1.0;0.0;1.0;0.0;1.0;0.0;1.0;0.0;9.0;0.0;1.0;0.0;1.0;0.0;0.0;0.0;0.0
0.9399992;0.0;0.3618196;0.0;0.18275598;0.0;0.079998404;0.0;0.0;0.0;0.15231399;0.0;0.17320509;0.0;0.20886616;0.0;0.14619027;0.0;0.3600008;0.0;0.14619012;0.0;0.20886624;0.0;0.17320508;0.0;0.15231398;0.0;0.0;0.0;0.07999834;0.0;0.5445035;0.0;0.46823734;0.0;1.0;0.0;1.0;0.0;1.0;0.0;1.0;0.0;1.0;0.0;1.0;0.0;1.0;0.0;1.0;0.0;1.0;0.0;1.0;0.0;1.0;0.0;1.0;0.0;1.0;0.0;1.0;0.0;1.0;0.0;1.0;0.0;9.0;0.0;1.0;0.0;1.0;0.0;0.0;0.0;0.0
0.9299992;0.0;0.35117775;0.0;0.16970184;0.0;0.059998326;0.0;0.0;0.0;0.15231399;0.0;0.17320509;0.0;0.22192028;0.0;0.14619027;0.0;0.37000084;0.0;0.14619012;0.0;0.22192037;0.0;0.17320508;0.0;0.15231398;0.0;0.0;0.0;0.05999828;0.0;0.56132394;0.0;0.45759553;0.0;1.0;0.0;1.0;0.0;1.0;0.0;1.0;0.0;1.0;0.0;1.0;0.0;1.0;0.0;1.0;0.0;1.0;0.0;1.0;0.0;1.0;0.0;1.0;0.0;1.0;0.0;1.0;0.0;1.0;0.0;1.0;0.0;9.0;0.0;1.0;0.0;1.0;0.0;0.0;0.0;0.0
0.9199991;0.0;0.34053594;0.0;0.15664773;0.0;0.03999825;0.0;0.15231398;0.0;0.15231399;0.0;0.17320509;0.0;0.1044337;0.0;0.14619027;0.0;0.3800009;0.0;0.14619012;0.0;0.10443375;0.0;0.17320508;0.0;0.15231398;0.0;0.152314;0.0;0.039998215;0.0;0.5482698;0.0;0.4469537;0.0;1.0;0.0;1.0;0.0;1.0;0.0;1.0;0.0;1.0;0.0;1.0;0.0;1.0;0.0;1.0;0.0;1.0;0.0;1.0;0.0;1.0;0.0;1.0;0.0;1.0;0.0;1.0;0.0;1.0;0.0;1.0;0.0;9.0;0.0;1.0;0.0;1.0;0.0;0.0;0.0;0.0
0.9099991;0.0;0.4363119;0.0;0.14359361;0.0;0.01999817;0.0;0.15231398;0.0;0.15231399;0.0;0.0;0.0;0.117487825;0.0;0.14619027;0.0;0.3900009;0.0;0.14619012;0.0;0.11748787;0.0;0.0;0.0;0.15231398;0.0;0.152314;0.0;0.019998154;0.0;0.3889311;0.0;0.43631187;0.0;1.0;0.0;1.0;0.0;1.0;0.0;1.0;0.0;1.0;0.0;1.0;0.0;1.0;0.0;1.0;0.0;1.0;0.0;1.0;0.0;1.0;0.0;1.0;0.0;1.0;0.0;1.0;0.0;1.0;0.0;1.0;0.0;1.0;0.0;1.0;0.0;1.0;0.0;0.0;0.0;0.0
0.89999926;0.0;0.4256703;0.0;0.13053975;0.0;0.0;0.0;0.15231398;0.0;0.15231399;0.0;1.5258787E-6;0.0;0.1305417;0.0;0.14619027;0.0;0.40000075;0.0;0.14619012;0.0;0.13054174;0.0;1.5258793E-6;0.0;0.15231398;0.0;0.152314;0.0;0.0;0.0;0.3889311;0.0;0.4256703;0.0;1.0;0.0;1.0;0.0;1.0;0.0;1.0;0.0;1.0;0.0;1.0;0.0;1.0;0.0;1.0;0.0;1.0;0.0;1.0;0.0;1.0;0.0;1.0;0.0;1.0;0.0;1.0;0.0;1.0;0.0;1.0;0.0;1.0;0.0;1.0;0.0;1.0;0.0;0.0;0.0;0.0
0.8899994;0.0;0.41502866;0.0;0.11748586;0.0;0.0;0.0;0.15231398;0.0;0.15231399;0.0;0.020001218;0.0;0.14359556;0.0;0.14619027;0.0;0.41000062;0.0;0.14619012;0.0;0.14359562;0.0;0.020001223;0.0;0.15231398;0.0;0.152314;0.0;0.0;0.0;0.3889311;0.0;0.41502866;0.0;1.0;0.0;1.0;0.0;1.0;0.0;1.0;0.0;1.0;0.0;1.0;0.0;1.0;0.0;1.0;0.0;1.0;0.0;1.0;0.0;1.0;0.0;1.0;0.0;1.0;0.0;1.0;0.0;1.0;0.0;1.0;0.0;1.0;0.0;1.0;0.0;1.0;0.0;0.0;0.0;0.0
0.8799995;0.0;0.40438706;0.0;0.10443199;0.0;0.17320508;0.0;0.15231398;0.0;0.15231399;0.0;0.040000908;0.0;0.15664944;0.0;0.34053737;0.0;0.42000046;0.0;0.3405374;0.0;0.1566495;0.0;0.040000923;0.0;0.15231398;0.0;0.152314;0.0;0.7505555;0.0;0.3889311;0.0;0.40438706;0.0;1.0;0.0;1.0;0.0;1.0;0.0;1.0;0.0;1.0;0.0;1.0;0.0;1.0;0.0;1.0;0.0;1.0;0.0;1.0;0.0;1.0;0.0;1.0;0.0;1.0;0.0;1.0;0.0;1.0;0.0;1.0;0.0;1.0;0.0;1.0;0.0;1.0;0.0;0.0;0.0;0.0
0.8699997;0.0;0.39374545;0.0;0.22191885;0.0;0.17320508;0.0;0.15231398;0.0;0.0;0.0;0.060000606;0.0;0.1697033;0.0;0.35117897;0.0;0.4300003;0.0;0.351179;0.0;0.16970338;0.0;0.06000062;0.0;0.0;0.0;0.152314;0.0;0.63508546;0.0;0.3889311;0.0;0.39374542;0.0;1.0;0.0;1.0;0.0;1.0;0.0;1.0;0.0;1.0;0.0;1.0;0.0;1.0;0.0;1.0;0.0;1.0;0.0;1.0;0.0;1.0;0.0;1.0;0.0;1.0;0.0;1.0;0.0;1.0;0.0;1.0;0.0;1.0;0.0;1.0;0.0;1.0;0.0;0.0;0.0;0.0
0.85999984;0.0;0.38310385;0.0;0.20886497;0.0;0.17320508;0.0;0.15231398;0.0;0.0;0.0;0.080000296;0.0;0.18275717;0.0;0.36182058;0.0;0.44000015;0.0;0.36182064;0.0;0.18275724;0.0;0.08000032;0.0;0.0;0.0;0.152314;0.0;0.63508546;0.0;0.3889311;0.0;0.38310382;0.0;1.0;0.0;1.0;0.0;1.0;0.0;1.0;0.0;1.0;0.0;1.0;0.0;1.0;0.0;1.0;0.0;1.0;0.0;1.0;0.0;1.0;0.0;1.0;0.0;1.0;0.0;1.0;0.0;1.0;0.0;1.0;0.0;1.0;0.0;1.0;0.0;1.0;0.0;0.0;0.0;0.0
0.85;0.0;0.3724622;0.0;0.1958111;0.0;0.17320508;0.0;0.15231398;0.0;0.15231399;0.0;0.17320509;0.0;0.19581105;0.0;0.3724622;0.0;0.45;0.0;0.37246224;0.0;0.19581112;0.0;0.17320508;0.0;0.15231398;0.0;0.152314;0.0;0.63508546;0.0;0.3889311;0.0;0.3724622;0.0;1.0;0.0;1.0;0.0;1.0;0.0;1.0;0.0;1.0;0.0;1.0;0.0;1.0;0.0;1.0;0.0;1.0;0.0;1.0;0.0;1.0;0.0;1.0;0.0;1.0;0.0;1.0;0.0;1.0;0.0;1.0;0.0;1.0;0.0;1.0;0.0;0.0;0.0;1.0;0.0;0.0
0.8505181;0.0;0.47315797;0.0;0.19035272;0.0;0.094353996;0.0;0.0;0.0;0.15147415;0.0;0.16988552;0.0;0.20184489;0.0;0.37748712;0.0;0.4502743;0.0;0.16180328;0.0;0.19035275;0.0;0.09435405;0.0;0.0;0.0;0.15147415;0.0;0.7361706;0.0;0.37361914;0.0;0.37748715;0.0;1.0;0.0;1.0;0.0;1.0;0.0;1.0;0.0;1.0;0.0;1.0;0.0;1.0;0.0;1.0;0.0;1.0;0.0;1.0;0.0;1.0;0.0;1.0;0.0;1.0;0.0;1.0;0.0;1.0;0.0;1.0;0.0;1.0;0.0;1.0;0.0;0.0;0.0;1.0;0.0;0.0
0.8520757;0.0;0.46813473;0.0;0.18541019;0.0;0.089414574;0.0;0.0;0.0;0.15082625;0.0;0.1668903;0.0;0.20852451;0.0;0.27365905;0.0;0.45109883;0.0;0.18139765;0.0;0.18541022;0.0;0.08941458;0.0;0.0;0.0;0.15082625;0.0;0.7231914;0.0;0.3598892;0.0;0.38312265;0.0;1.0;0.0;1.0;0.0;1.0;0.0;1.0;0.0;1.0;0.0;1.0;0.0;1.0;0.0;1.0;0.0;1.0;0.0;1.0;0.0;1.0;0.0;1.0;0.0;1.0;0.0;1.0;0.0;1.0;0.0;1.0;0.0;1.0;0.0;1.0;0.0;0.0;0.0;1.0;0.0;0.0
0.8546821;0.0;0.5668375;0.0;0.18093269;0.0;0.085065074;0.0;0.0;0.0;0.15036628;0.0;0.16419543;0.0;0.07197782;0.0;0.2781505;0.0;0.0;0.0;0.46377617;0.0;0.1809327;0.0;0.08506505;0.0;0.0;0.0;0.15036629;0.0;0.8209774;0.0;0.48655748;0.0;0.3894106;0.0;1.0;0.0;1.0;0.0;1.0;0.0;1.0;0.0;1.0;0.0;1.0;0.0;1.0;0.0;1.0;0.0;1.0;0.0;1.0;0.0;1.0;0.0;1.0;0.0;1.0;0.0;1.0;0.0;1.0;0.0;1.0;0.0;9.0;0.0;1.0;0.0;0.0;0.0;1.0;0.0;0.0
0.85835344;0.0;0.66452134;0.0;0.17687675;0.0;0.08121345;0.0;0.0;0.0;0.15009144;0.0;0.16178021;0.0;0.074723825;0.0;0.2831425;0.0;0.4544224;0.0;0.4600533;0.0;0.17687675;0.0;0.08121346;0.0;0.0;0.0;0.15009144;0.0;0.9167546;0.0;0.4709715;0.0;0.3963995;0.0;1.0;0.0;1.0;0.0;1.0;0.0;1.0;0.0;1.0;0.0;1.0;0.0;1.0;0.0;1.0;0.0;1.0;0.0;1.0;0.0;1.0;0.0;1.0;0.0;1.0;0.0;1.0;0.0;1.0;0.0;9.0;0.0;9.0;0.0;1.0;0.0;0.0;0.0;1.0;0.0;0.0
0.2879382;0.0;0.2879388;0.0;0.2886751;0.0;0.07778617;0.0;0.15962668;0.0;0.15;0.0;0.15962665;0.0;0.07778619;0.0;0.28867513;0.0;0.456942;0.0;0.456942;0.0;0.28867513;0.0;0.0777862;0.0;0.15962665;0.0;0.15;0.0;1.0;0.0;0.45689255;0.0;0.2999999;0.0;1.0;0.0;1.0;0.0;1.0;0.0;1.0;0.0;1.0;0.0;1.0;0.0;1.0;0.0;1.0;0.0;1.0;0.0;1.0;0.0;1.0;0.0;1.0;0.0;1.0;0.0;1.0;0.0;1.0;0.0;1.0;0.0;9.0;0.0;1.0;0.0;0.0;0.0;1.0;0.0;0.0
0.6645214;0.0;0.85835344;0.0;0.2831425;0.0;0.07472381;0.0;0.16178021;0.0;0.15009144;0.0;0.0;0.0;0.08121347;0.0;0.17687677;0.0;0.4600533;0.0;0.4544224;0.0;0.2831425;0.0;0.074723825;0.0;0.16178021;0.0;0.15009144;0.0;0.0;0.0;0.4441564;0.0;0.28306198;0.0;1.0;0.0;1.0;0.0;1.0;0.0;1.0;0.0;1.0;0.0;1.0;0.0;1.0;0.0;1.0;0.0;1.0;0.0;1.0;0.0;1.0;0.0;1.0;0.0;1.0;0.0;1.0;0.0;1.0;0.0;1.0;0.0;9.0;0.0;1.0;0.0;0.0;0.0;1.0;0.0;0.0
0.56683755;0.0;0.8546821;0.0;0.27815044;0.0;0.07197781;0.0;0.16419545;0.0;0.15036629;0.0;0.0;0.0;0.08506509;0.0;0.18093272;0.0;0.46377617;0.0;0.0;0.0;0.27815047;0.0;0.07197781;0.0;0.16419548;0.0;0.15036628;0.0;0.0;0.0;0.55623066;0.0;0.26824385;0.0;1.0;0.0;1.0;0.0;1.0;0.0;1.0;0.0;1.0;0.0;1.0;0.0;1.0;0.0;1.0;0.0;1.0;0.0;1.0;0.0;1.0;0.0;1.0;0.0;1.0;0.0;1.0;0.0;1.0;0.0;1.0;0.0;1.0;0.0;1.0;0.0;0.0;0.0;1.0;0.0;0.0
0.4681348;0.0;0.8520756;0.0;0.27365905;0.0;0.20852447;0.0;0.16689031;0.0;0.15082625;0.0;0.0;0.0;0.08941459;0.0;0.18541023;0.0;0.1813976;0.0;0.45109883;0.0;0.27365905;0.0;0.2085245;0.0;0.16689031;0.0;0.15082625;0.0;0.0;0.0;0.54279804;0.0;0.4326238;0.0;1.0;0.0;1.0;0.0;1.0;0.0;1.0;0.0;1.0;0.0;1.0;0.0;1.0;0.0;1.0;0.0;1.0;0.0;1.0;0.0;1.0;0.0;1.0;0.0;1.0;0.0;1.0;0.0;1.0;0.0;1.0;0.0;1.0;0.0;1.0;0.0;0.0;0.0;1.0;0.0;0.0
0.47315803;0.0;0.8505181;0.0;0.37748712;0.0;0.20184486;0.0;0.16988555;0.0;0.15147415;0.0;0.0;0.0;0.09435402;0.0;0.19035277;0.0;0.16180326;0.0;0.4502743;0.0;0.37748712;0.0;0.20184486;0.0;0.16988552;0.0;0.15147415;0.0;0.0;0.0;0.648548;0.0;0.40606713;0.0;1.0;0.0;1.0;0.0;1.0;0.0;1.0;0.0;1.0;0.0;1.0;0.0;1.0;0.0;1.0;0.0;1.0;0.0;1.0;0.0;1.0;0.0;1.0;0.0;1.0;0.0;1.0;0.0;1.0;0.0;1.0;0.0;1.0;0.0;1.0;0.0;0.0;0.0;1.0;0.0;0.0
0.37246227;0.0;0.85;0.0;0.37246218;0.0;0.19581103;0.0;0.1732051;0.0;0.15231399;0.0;0.15231398;0.0;0.17320506;0.0;0.19581114;0.0;0.37246227;0.0;0.45;0.0;0.3724622;0.0;0.19581105;0.0;0.17320512;0.0;0.15231398;0.0;0.15231399;0.0;0.6350852;0.0;0.38893086;0.0;1.0;0.0;1.0;0.0;1.0;0.0;1.0;0.0;1.0;0.0;1.0;0.0;1.0;0.0;1.0;0.0;1.0;0.0;1.0;0.0;1.0;0.0;1.0;0.0;1.0;0.0;1.0;0.0;1.0;0.0;1.0;0.0;1.0;0.0;1.0;0.0;0.0;0.0;1.0;0.0;0.0
0.37748724;0.0;0.8505181;0.0;0.47315794;0.0;0.19035266;0.0;0.094353944;0.0;0.0;0.0;0.15147413;0.0;0.16988549;0.0;0.20184496;0.0;0.3774872;0.0;0.4502743;0.0;0.16180353;0.0;0.19035268;0.0;0.0943539;0.0;0.0;0.0;0.15147415;0.0;0.7361706;0.0;0.37361914;0.0;1.0;0.0;1.0;0.0;1.0;0.0;1.0;0.0;1.0;0.0;1.0;0.0;1.0;0.0;1.0;0.0;1.0;0.0;1.0;0.0;1.0;0.0;1.0;0.0;1.0;0.0;1.0;0.0;1.0;0.0;1.0;0.0;1.0;0.0;1.0;0.0;0.0;0.0;1.0;0.0;0.0
0.38312277;0.0;0.8520757;0.0;0.4681347;0.0;0.18541014;0.0;0.08941452;0.0;0.0;0.0;0.15082625;0.0;0.16689026;0.0;0.20852461;0.0;0.2736591;0.0;0.45109886;0.0;0.18139796;0.0;0.18541014;0.0;0.08941452;0.0;0.0;0.0;0.15082625;0.0;0.7231912;0.0;0.35988906;0.0;1.0;0.0;1.0;0.0;1.0;0.0;1.0;0.0;1.0;0.0;1.0;0.0;1.0;0.0;1.0;0.0;1.0;0.0;1.0;0.0;1.0;0.0;1.0;0.0;1.0;0.0;1.0;0.0;1.0;0.0;1.0;0.0;1.0;0.0;1.0;0.0;0.0;0.0;1.0;0.0;0.0
0.3894108;0.0;0.8546821;0.0;0.56683743;0.0;0.18093263;0.0;0.08506503;0.0;0.0;0.0;0.15036628;0.0;0.16419542;0.0;0.071977854;0.0;0.27815053;0.0;0.0;0.0;0.4637761;0.0;0.18093264;0.0;0.08506505;0.0;0.0;0.0;0.15036628;0.0;0.82097703;0.0;0.486557;0.0;1.0;0.0;1.0;0.0;1.0;0.0;1.0;0.0;1.0;0.0;1.0;0.0;1.0;0.0;1.0;0.0;1.0;0.0;1.0;0.0;1.0;0.0;1.0;0.0;1.0;0.0;1.0;0.0;1.0;0.0;1.0;0.0;1.0;0.0;9.0;0.0;0.0;0.0;1.0;0.0;0.0
0.39639965;0.0;0.8583535;0.0;0.66452134;0.0;0.1768767;0.0;0.08121341;0.0;0.0;0.0;0.15009144;0.0;0.1617802;0.0;0.074723855;0.0;0.2831426;0.0;0.4544224;0.0;0.4600532;0.0;0.17687671;0.0;0.08121341;0.0;0.0;0.0;0.15009144;0.0;0.9167544;0.0;0.4709713;0.0;1.0;0.0;1.0;0.0;1.0;0.0;1.0;0.0;1.0;0.0;1.0;0.0;1.0;0.0;1.0;0.0;1.0;0.0;1.0;0.0;1.0;0.0;1.0;0.0;1.0;0.0;1.0;0.0;1.0;0.0;1.0;0.0;9.0;0.0;9.0;0.0;0.0;0.0;1.0;0.0;0.0
0.29999968;0.0;0.28793758;0.0;0.28793946;0.0;0.28867504;0.0;0.07778615;0.0;0.15962669;0.0;0.15;0.0;0.15962665;0.0;0.07778623;0.0;0.28867522;0.0;0.45694202;0.0;0.45694193;0.0;0.28867507;0.0;0.07778612;0.0;0.15962665;0.0;0.15;0.0;1.0;0.0;0.45689255;0.0;1.0;0.0;1.0;0.0;1.0;0.0;1.0;0.0;1.0;0.0;1.0;0.0;1.0;0.0;1.0;0.0;1.0;0.0;1.0;0.0;1.0;0.0;1.0;0.0;1.0;0.0;1.0;0.0;1.0;0.0;1.0;0.0;1.0;0.0;9.0;0.0;0.0;0.0;1.0;0.0;0.0
0.28306168;0.0;0.6645215;0.0;0.8583533;0.0;0.28314242;0.0;0.07472378;0.0;0.16178024;0.0;0.15009144;0.0;0.0;0.0;0.08121352;0.0;0.17687681;0.0;0.4600533;0.0;0.45442238;0.0;0.28314242;0.0;0.07472378;0.0;0.16178021;0.0;0.15009144;0.0;0.0;0.0;0.44415623;0.0;1.0;0.0;1.0;0.0;1.0;0.0;1.0;0.0;1.0;0.0;1.0;0.0;1.0;0.0;1.0;0.0;1.0;0.0;1.0;0.0;1.0;0.0;1.0;0.0;1.0;0.0;1.0;0.0;1.0;0.0;1.0;0.0;1.0;0.0;9.0;0.0;0.0;0.0;1.0;0.0;0.0
0.26824346;0.0;0.5668376;0.0;0.85468197;0.0;0.27815038;0.0;0.07197778;0.0;0.16419548;0.0;0.15036629;0.0;0.0;0.0;0.08506514;0.0;0.18093276;0.0;0.4637762;0.0;0.0;0.0;0.2781504;0.0;0.07197778;0.0;0.16419548;0.0;0.15036629;0.0;0.0;0.0;0.5562303;0.0;1.0;0.0;1.0;0.0;1.0;0.0;1.0;0.0;1.0;0.0;1.0;0.0;1.0;0.0;1.0;0.0;1.0;0.0;1.0;0.0;1.0;0.0;1.0;0.0;1.0;0.0;1.0;0.0;1.0;0.0;1.0;0.0;1.0;0.0;1.0;0.0;0.0;0.0;1.0;0.0;0.0
0.432624;0.0;0.46813482;0.0;0.8520756;0.0;0.273659;0.0;0.20852439;0.0;0.16689035;0.0;0.15082625;0.0;0.0;0.0;0.08941466;0.0;0.18541029;0.0;0.18139747;0.0;0.45109883;0.0;0.273659;0.0;0.20852439;0.0;0.16689031;0.0;0.15082625;0.0;0.0;0.0;0.5427979;0.0;1.0;0.0;1.0;0.0;1.0;0.0;1.0;0.0;1.0;0.0;1.0;0.0;1.0;0.0;1.0;0.0;1.0;0.0;1.0;0.0;1.0;0.0;1.0;0.0;1.0;0.0;1.0;0.0;1.0;0.0;1.0;0.0;1.0;0.0;1.0;0.0;0.0;0.0;1.0;0.0;0.0
0.4060669;0.0;0.47315812;0.0;0.8505181;0.0;0.37748706;0.0;0.20184478;0.0;0.16988558;0.0;0.15147415;0.0;0.0;0.0;0.09435409;0.0;0.19035283;0.0;0.16180316;0.0;0.4502743;0.0;0.37748706;0.0;0.20184478;0.0;0.16988552;0.0;0.15147415;0.0;0.0;0.0;0.648548;0.0;1.0;0.0;1.0;0.0;1.0;0.0;1.0;0.0;1.0;0.0;1.0;0.0;1.0;0.0;1.0;0.0;1.0;0.0;1.0;0.0;1.0;0.0;1.0;0.0;1.0;0.0;1.0;0.0;1.0;0.0;1.0;0.0;1.0;0.0;1.0;0.0;0.0;0.0;1.0;0.0;0.0
0.3889306;0.0;0.37246233;0.0;0.85;0.0;0.3724621;0.0;0.19581097;0.0;0.17320515;0.0;0.15231402;0.0;0.15231398;0.0;0.17320502;0.0;0.19581121;0.0;0.3724623;0.0;0.45;0.0;0.37246212;0.0;0.19581097;0.0;0.17320512;0.0;0.152314;0.0;0.15231398;0.0;0.6350851;0.0;1.0;0.0;1.0;0.0;1.0;0.0;1.0;0.0;1.0;0.0;1.0;0.0;1.0;0.0;1.0;0.0;1.0;0.0;1.0;0.0;1.0;0.0;1.0;0.0;1.0;0.0;1.0;0.0;1.0;0.0;1.0;0.0;1.0;0.0;1.0;0.0;0.0;0.0;1.0;0.0;0.0
0.37361878;0.0;0.37748727;0.0;0.8505181;0.0;0.47315788;0.0;0.1903526;0.0;0.09435389;0.0;0.0;0.0;0.15147412;0.0;0.16988544;0.0;0.20184505;0.0;0.37748724;0.0;0.45027432;0.0;0.16180377;0.0;0.1903526;0.0;0.0943539;0.0;0.0;0.0;0.15147412;0.0;0.7361702;0.0;1.0;0.0;1.0;0.0;1.0;0.0;1.0;0.0;1.0;0.0;1.0;0.0;1.0;0.0;1.0;0.0;1.0;0.0;1.0;0.0;1.0;0.0;1.0;0.0;1.0;0.0;1.0;0.0;1.0;0.0;1.0;0.0;1.0;0.0;1.0;0.0;0.0;0.0;1.0;0.0;0.0
0.35988882;0.0;0.38312286;0.0;0.8520757;0.0;0.46813464;0.0;0.18541008;0.0;0.08941448;0.0;0.0;0.0;0.15082623;0.0;0.16689023;0.0;0.2085247;0.0;0.27365917;0.0;0.45109886;0.0;0.18139824;0.0;0.18541008;0.0;0.08941452;0.0;0.0;0.0;0.15082623;0.0;0.723191;0.0;1.0;0.0;1.0;0.0;1.0;0.0;1.0;0.0;1.0;0.0;1.0;0.0;1.0;0.0;1.0;0.0;1.0;0.0;1.0;0.0;1.0;0.0;1.0;0.0;1.0;0.0;1.0;0.0;1.0;0.0;1.0;0.0;1.0;0.0;1.0;0.0;0.0;0.0;1.0;0.0;0.0
0.48655683;0.0;0.38941085;0.0;0.85468215;0.0;0.5668374;0.0;0.1809326;0.0;0.08506499;0.0;0.0;0.0;0.15036628;0.0;0.16419539;0.0;0.07197789;0.0;0.2781506;0.0;0.0;0.0;0.46377605;0.0;0.18093258;0.0;0.08506505;0.0;0.0;0.0;0.15036628;0.0;0.82097703;0.0;9.0;0.0;1.0;0.0;1.0;0.0;1.0;0.0;1.0;0.0;1.0;0.0;1.0;0.0;1.0;0.0;1.0;0.0;1.0;0.0;1.0;0.0;1.0;0.0;1.0;0.0;1.0;0.0;1.0;0.0;1.0;0.0;1.0;0.0;1.0;0.0;0.0;0.0;1.0;0.0;0.0
0.47097105;0.0;0.3963997;0.0;0.8583535;0.0;0.6645213;0.0;0.17687666;0.0;0.08121337;0.0;0.0;0.0;0.15009144;0.0;0.16178015;0.0;0.0747239;0.0;0.28314263;0.0;0.45442247;0.0;0.46005315;0.0;0.17687666;0.0;0.08121341;0.0;0.0;0.0;0.15009144;0.0;0.91675425;0.0;9.0;0.0;1.0;0.0;1.0;0.0;1.0;0.0;1.0;0.0;1.0;0.0;1.0;0.0;1.0;0.0;1.0;0.0;1.0;0.0;1.0;0.0;1.0;0.0;1.0;0.0;1.0;0.0;1.0;0.0;1.0;0.0;1.0;0.0;9.0;0.0;0.0;0.0;1.0;0.0;0.0
0.45689216;0.0;0.2999995;0.0;0.28793693;0.0;0.2879401;0.0;0.28867498;0.0;0.07778611;0.0;0.15962672;0.0;0.15;0.0;0.15962662;0.0;0.077786274;0.0;0.28867525;0.0;0.45694202;0.0;0.4569419;0.0;0.28867498;0.0;0.07778612;0.0;0.15962672;0.0;0.15;0.0;1.0;0.0;9.0;0.0;1.0;0.0;1.0;0.0;1.0;0.0;1.0;0.0;1.0;0.0;1.0;0.0;1.0;0.0;1.0;0.0;1.0;0.0;1.0;0.0;1.0;0.0;1.0;0.0;1.0;0.0;1.0;0.0;1.0;0.0;1.0;0.0;1.0;0.0;0.0;0.0;1.0;0.0;0.0
0.444156;0.0;0.28306156;0.0;0.6645216;0.0;0.8583533;0.0;0.2831424;0.0;0.07472375;0.0;0.16178027;0.0;0.15009144;0.0;0.0;0.0;0.08121356;0.0;0.17687684;0.0;0.46005335;0.0;0.45442238;0.0;0.2831424;0.0;0.07472378;0.0;0.16178025;0.0;0.15009144;0.0;0.0;0.0;9.0;0.0;1.0;0.0;1.0;0.0;1.0;0.0;1.0;0.0;1.0;0.0;1.0;0.0;1.0;0.0;1.0;0.0;1.0;0.0;1.0;0.0;1.0;0.0;1.0;0.0;1.0;0.0;1.0;0.0;1.0;0.0;1.0;0.0;1.0;0.0;1.0;0.0;0.0;0.0;0.0
0.43415612;0.0;0.26819134;0.0;0.65822744;0.0;0.85213625;0.0;0.27616966;0.0;0.065522954;0.0;0.17027915;0.0;0.15797625;0.0;0.0;0.0;0.09121345;0.0;0.18413651;0.0;0.4663474;0.0;0.4606394;0.0;0.29011506;0.0;0.08392458;0.0;0.15328138;0.0;0.14220661;0.0;0.789096;0.0;9.0;0.0;1.0;0.0;1.0;0.0;1.0;0.0;1.0;0.0;1.0;0.0;1.0;0.0;1.0;0.0;1.0;0.0;1.0;0.0;1.0;0.0;1.0;0.0;1.0;0.0;1.0;0.0;1.0;0.0;1.0;0.0;1.0;0.0;1.0;0.0;1.0;0.0;0.0;0.0;0.0
0.42415625;0.0;0.2533211;0.0;0.5496993;0.0;0.84591925;0.0;0.26919693;0.0;0.20576966;0.0;0.17877802;0.0;0.16586109;0.0;0.0;0.0;0.10121335;0.0;0.30931407;0.0;0.47264153;0.0;0.46685642;0.0;0.18383084;0.0;0.09312538;0.0;0.0;0.0;0.1343218;0.0;0.76917297;0.0;9.0;0.0;1.0;0.0;1.0;0.0;1.0;0.0;1.0;0.0;1.0;0.0;1.0;0.0;1.0;0.0;1.0;0.0;1.0;0.0;1.0;0.0;1.0;0.0;1.0;0.0;1.0;0.0;1.0;0.0;1.0;0.0;1.0;0.0;1.0;0.0;1.0;0.0;0.0;0.0;0.0
0.41415635;0.0;0.23845093;0.0;0.5434052;0.0;0.8397021;0.0;0.26222426;0.0;0.19656888;0.0;0.18727691;0.0;0.1737459;0.0;0.0;0.0;0.11121323;0.0;0.31657374;0.0;0.47893557;0.0;0.47307348;0.0;0.19080356;0.0;0.10232618;0.0;0.0;0.0;0.12643698;0.0;0.9740322;0.0;9.0;0.0;1.0;0.0;1.0;0.0;1.0;0.0;1.0;0.0;1.0;0.0;1.0;0.0;1.0;0.0;1.0;0.0;1.0;0.0;1.0;0.0;1.0;0.0;1.0;0.0;1.0;0.0;1.0;0.0;1.0;0.0;1.0;0.0;1.0;0.0;1.0;0.0;0.0;0.0;0.0
0.4041565;0.0;0.22358072;0.0;0.53711116;0.0;0.8334851;0.0;0.3685085;0.0;0.18736807;0.0;0.19577578;0.0;0.18163073;0.0;0.0;0.0;0.12121312;0.0;0.3238334;0.0;0.48522967;0.0;0.47929054;0.0;0.19777626;0.0;0.11152698;0.0;0.0;0.0;0.11855215;0.0;0.9657467;0.0;9.0;0.0;1.0;0.0;1.0;0.0;1.0;0.0;1.0;0.0;1.0;0.0;1.0;0.0;1.0;0.0;1.0;0.0;1.0;0.0;1.0;0.0;1.0;0.0;1.0;0.0;1.0;0.0;1.0;0.0;1.0;0.0;1.0;0.0;1.0;0.0;1.0;0.0;0.0;0.0;0.0
0.3941566;0.0;0.20871052;0.0;0.53081703;0.0;0.8272681;0.0;0.36153576;0.0;0.17816728;0.0;0.20427465;0.0;0.18951556;0.0;0.0;0.0;0.13121301;0.0;0.33109304;0.0;0.49152374;0.0;0.48550758;0.0;0.20474896;0.0;0.12072778;0.0;0.0;0.0;0.110667326;0.0;0.9574612;0.0;9.0;0.0;1.0;0.0;1.0;0.0;1.0;0.0;1.0;0.0;1.0;0.0;1.0;0.0;1.0;0.0;1.0;0.0;1.0;0.0;1.0;0.0;1.0;0.0;1.0;0.0;1.0;0.0;1.0;0.0;1.0;0.0;1.0;0.0;1.0;0.0;1.0;0.0;0.0;0.0;0.0
0.3841567;0.0;0.19384031;0.0;0.4222889;0.0;0.821051;0.0;0.35456306;0.0;0.16896649;0.0;0.034865182;0.0;0.19740038;0.0;0.0;0.0;0.14121291;0.0;0.33835274;0.0;0.49781784;0.0;0.49172464;0.0;0.21172169;0.0;0.13822332;0.0;0.11078699;0.0;0.1027825;0.0;0.94917554;0.0;9.0;0.0;1.0;0.0;1.0;0.0;1.0;0.0;1.0;0.0;1.0;0.0;1.0;0.0;1.0;0.0;1.0;0.0;1.0;0.0;1.0;0.0;1.0;0.0;1.0;0.0;1.0;0.0;1.0;0.0;1.0;0.0;1.0;0.0;1.0;0.0;1.0;0.0;0.0;0.0;0.0
0.37415683;0.0;0.17897011;0.0;0.4159948;0.0;0.814834;0.0;0.34759036;0.0;0.15976569;0.0;0.018430544;0.0;0.20528522;0.0;0.0;0.0;0.1512128;0.0;0.34561238;0.0;0.024818804;0.0;0.49794167;0.0;0.105437435;0.0;0.0;0.0;0.102288105;0.0;0.09489767;0.0;0.94089;0.0;9.0;0.0;1.0;0.0;1.0;0.0;1.0;0.0;1.0;0.0;1.0;0.0;1.0;0.0;1.0;0.0;1.0;0.0;1.0;0.0;1.0;0.0;1.0;0.0;1.0;0.0;1.0;0.0;1.0;0.0;1.0;0.0;1.0;0.0;1.0;0.0;1.0;0.0;0.0;0.0;0.0
0.36415693;0.0;0.35463542;0.0;0.40970072;0.0;0.093698114;0.0;0.34061763;0.0;0.1505649;0.0;0.001995904;0.0;0.21317002;0.0;0.0;0.0;0.16121268;0.0;0.35287204;0.0;0.06271945;0.0;0.5041587;0.0;0.11241015;0.0;0.0;0.0;0.093789235;0.0;0.08701285;0.0;0.9326045;0.0;9.0;0.0;1.0;0.0;1.0;0.0;1.0;0.0;1.0;0.0;1.0;0.0;1.0;0.0;1.0;0.0;1.0;0.0;1.0;0.0;1.0;0.0;1.0;0.0;1.0;0.0;1.0;0.0;1.0;0.0;1.0;0.0;1.0;0.0;1.0;0.0;1.0;0.0;0.0;0.0;0.0
0.35415706;0.0;0.34737572;0.0;0.30117255;0.0;0.15031882;0.0;0.4469019;0.0;0.29727766;0.0;0.0;0.0;0.22105487;0.0;0.23228917;0.0;0.17121258;0.0;0.3601317;0.0;0.100620106;0.0;0.0;0.0;0.11938286;0.0;0.008083409;0.0;0.08529036;0.0;0.07912803;0.0;0.92431897;0.0;9.0;0.0;1.0;0.0;1.0;0.0;1.0;0.0;1.0;0.0;1.0;0.0;1.0;0.0;1.0;0.0;1.0;0.0;1.0;0.0;1.0;0.0;1.0;0.0;1.0;0.0;1.0;0.0;1.0;0.0;1.0;0.0;1.0;0.0;1.0;0.0;1.0;0.0;0.0;0.0;0.0
0.3441572;0.0;0.34011608;0.0;0.29487845;0.0;0.7961829;0.0;0.43992916;0.0;0.2816108;0.0;0.24676904;0.0;0.22893968;0.0;0.24057469;0.0;0.18121247;0.0;0.36739138;0.0;0.13852075;0.0;0.41561002;0.0;0.12635556;0.0;0.017284207;0.0;0.07679148;0.0;0.2713651;0.0;0.91603345;0.0;9.0;0.0;1.0;0.0;1.0;0.0;1.0;0.0;1.0;0.0;1.0;0.0;1.0;0.0;1.0;0.0;1.0;0.0;1.0;0.0;1.0;0.0;1.0;0.0;1.0;0.0;1.0;0.0;1.0;0.0;1.0;0.0;9.0;0.0;1.0;0.0;1.0;0.0;0.0;0.0;0.0
0.3341573;0.0;0.33285642;0.0;0.28858438;0.0;0.7899658;0.0;0.43295646;0.0;0.27241;0.0;0.25526792;0.0;0.23682448;0.0;0.24886024;0.0;0.19121236;0.0;0.374651;0.0;0.52928823;0.0;0.42182708;0.0;0.13332827;0.0;0.026485005;0.0;0.0682926;0.0;0.46360222;0.0;0.90774786;0.0;9.0;0.0;1.0;0.0;1.0;0.0;1.0;0.0;1.0;0.0;1.0;0.0;1.0;0.0;1.0;0.0;1.0;0.0;1.0;0.0;1.0;0.0;1.0;0.0;1.0;0.0;1.0;0.0;1.0;0.0;1.0;0.0;1.0;0.0;1.0;0.0;1.0;0.0;0.0;0.0;0.0
0.32415742;0.0;0.32559675;0.0;0.28229028;0.0;0.78374875;0.0;0.42598376;0.0;0.26320922;0.0;0.26376683;0.0;0.24470933;0.0;0.2571458;0.0;0.20121224;0.0;0.3819107;0.0;0.5355823;0.0;0.32706138;0.0;0.027044037;0.0;0.035685804;0.0;0.059793722;0.0;0.6558393;0.0;0.7943162;0.0;9.0;0.0;1.0;0.0;1.0;0.0;1.0;0.0;1.0;0.0;1.0;0.0;1.0;0.0;1.0;0.0;1.0;0.0;1.0;0.0;1.0;0.0;1.0;0.0;1.0;0.0;1.0;0.0;1.0;0.0;1.0;0.0;1.0;0.0;9.0;0.0;1.0;0.0;0.0;0.0;0.0
0.31415755;0.0;0.31833708;0.0;0.2759962;0.0;0.77753174;0.0;0.532268;0.0;0.2540084;0.0;0.2722657;0.0;0.25259414;0.0;0.26543134;0.0;0.21121213;0.0;0.38917035;0.0;0.54187644;0.0;0.33327842;0.0;0.034016747;0.0;0.0448866;0.0;0.051294845;0.0;0.84807646;0.0;0.78603065;0.0;9.0;0.0;1.0;0.0;1.0;0.0;1.0;0.0;1.0;0.0;1.0;0.0;1.0;0.0;1.0;0.0;1.0;0.0;1.0;0.0;1.0;0.0;1.0;0.0;1.0;0.0;1.0;0.0;1.0;0.0;1.0;0.0;1.0;0.0;9.0;0.0;1.0;0.0;0.0;0.0;0.0
0.30415767;0.0;0.31107742;0.0;0.26970214;0.0;0.77131474;0.0;0.5252953;0.0;0.24480763;0.0;0.28076458;0.0;0.26047897;0.0;0.27371687;0.0;0.22121203;0.0;0.39643002;0.0;0.54817045;0.0;0.23851272;0.0;0.040989455;0.0;0.05339436;0.0;0.042795964;0.0;0.0;0.0;0.77774507;0.0;9.0;0.0;1.0;0.0;1.0;0.0;1.0;0.0;1.0;0.0;1.0;0.0;1.0;0.0;1.0;0.0;1.0;0.0;1.0;0.0;1.0;0.0;1.0;0.0;1.0;0.0;1.0;0.0;1.0;0.0;1.0;0.0;1.0;0.0;9.0;0.0;1.0;0.0;0.0;0.0;0.0
0.2941578;0.0;0.30381775;0.0;0.26340806;0.0;0.7650977;0.0;0.5183226;0.0;0.23560683;0.0;0.28926346;0.0;0.26836377;0.0;0.2820024;0.0;0.23121193;0.0;0.40368968;0.0;0.5544646;0.0;0.14374702;0.0;0.047962166;0.0;0.042790737;0.0;0.034297086;0.0;0.9323677;0.0;0.76945955;0.0;9.0;0.0;1.0;0.0;1.0;0.0;1.0;0.0;1.0;0.0;1.0;0.0;1.0;0.0;1.0;0.0;1.0;0.0;1.0;0.0;1.0;0.0;1.0;0.0;1.0;0.0;1.0;0.0;1.0;0.0;1.0;0.0;1.0;0.0;9.0;0.0;1.0;0.0;0.0;0.0;0.0
0.2841579;0.0;0.29655808;0.0;0.257114;0.0;0.7588806;0.0;0.51134986;0.0;0.22640602;0.0;0.13746484;0.0;0.27624863;0.0;0.29028794;0.0;0.24121182;0.0;0.41094932;0.0;0.56075865;0.0;0.14996406;0.0;0.05493487;0.0;0.03218712;0.0;0.02579821;0.0;0.92448294;0.0;0.76117396;0.0;9.0;0.0;1.0;0.0;1.0;0.0;1.0;0.0;1.0;0.0;1.0;0.0;1.0;0.0;1.0;0.0;1.0;0.0;1.0;0.0;1.0;0.0;1.0;0.0;1.0;0.0;1.0;0.0;1.0;0.0;1.0;0.0;1.0;0.0;9.0;0.0;1.0;0.0;0.0;0.0;0.0
0.27415803;0.0;0.28929842;0.0;0.2508199;0.0;0.75266355;0.0;0.5043772;0.0;0.36665276;0.0;0.12103019;0.0;0.28413343;0.0;0.2985735;0.0;0.2512117;0.0;0.41820902;0.0;0.5670527;0.0;0.05519836;0.0;0.061907582;0.0;0.021583501;0.0;0.12515284;0.0;0.916598;0.0;0.75288844;0.0;9.0;0.0;1.0;0.0;1.0;0.0;1.0;0.0;1.0;0.0;1.0;0.0;1.0;0.0;1.0;0.0;1.0;0.0;1.0;0.0;1.0;0.0;1.0;0.0;1.0;0.0;1.0;0.0;1.0;0.0;1.0;0.0;1.0;0.0;9.0;0.0;1.0;0.0;0.0;0.0;0.0
0.26415816;0.0;0.20410557;0.0;0.24452582;0.0;0.7464465;0.0;0.6106614;0.0;0.35745198;0.0;0.10459556;0.0;0.29201826;0.0;0.30685905;0.0;0.26121157;0.0;0.5433866;0.0;0.5733468;0.0;0.061415404;0.0;0.06888029;0.0;0.0109798815;0.0;0.11665396;0.0;0.9087132;0.0;0.7446029;0.0;9.0;0.0;1.0;0.0;1.0;0.0;1.0;0.0;1.0;0.0;1.0;0.0;1.0;0.0;1.0;0.0;1.0;0.0;1.0;0.0;1.0;0.0;1.0;0.0;1.0;0.0;1.0;0.0;1.0;0.0;1.0;0.0;1.0;0.0;9.0;0.0;1.0;0.0;0.0;0.0;0.0
0.25415826;0.0;0.18923536;0.0;0.23823173;0.0;0.7402295;0.0;0.60368866;0.0;0.34825116;0.0;0.08816092;0.0;0.2999031;0.0;0.31514457;0.0;0.27121148;0.0;0.55064625;0.0;0.5796409;0.0;0.06763245;0.0;0.075853005;0.0;3.762624E-4;0.0;0.10815507;0.0;0.9008285;0.0;0.73631734;0.0;9.0;0.0;1.0;0.0;1.0;0.0;1.0;0.0;1.0;0.0;1.0;0.0;1.0;0.0;1.0;0.0;1.0;0.0;1.0;0.0;1.0;0.0;1.0;0.0;1.0;0.0;1.0;0.0;1.0;0.0;1.0;0.0;1.0;0.0;9.0;0.0;1.0;0.0;0.0;0.0;0.0
0.24415839;0.0;0.17436515;0.0;0.23193765;0.0;0.054611553;0.0;0.596716;0.0;0.33905035;0.0;0.07172628;0.0;0.30778793;0.0;0.32343012;0.0;0.28121138;0.0;0.5579059;0.0;0.585935;0.0;0.073849484;0.0;0.082825705;0.0;0.0;0.0;0.0996562;0.0;0.89294356;0.0;0.7280318;0.0;9.0;0.0;1.0;0.0;1.0;0.0;1.0;0.0;1.0;0.0;1.0;0.0;1.0;0.0;1.0;0.0;1.0;0.0;1.0;0.0;1.0;0.0;1.0;0.0;1.0;0.0;1.0;0.0;1.0;0.0;1.0;0.0;1.0;0.0;9.0;0.0;1.0;0.0;0.0;0.0;0.0
0.23415849;0.0;0.15949495;0.0;0.22564356;0.0;0.7277954;0.0;0.58974326;0.0;0.32984957;0.0;0.34025672;0.0;0.31567273;0.0;0.33171564;0.0;0.29121128;0.0;0.5651656;0.0;0.592229;0.0;0.08006653;0.0;0.0;0.0;0.113732375;0.0;0.19901082;0.0;0.88505876;0.0;0.61460006;0.0;9.0;0.0;1.0;0.0;1.0;0.0;1.0;0.0;1.0;0.0;1.0;0.0;1.0;0.0;1.0;0.0;1.0;0.0;1.0;0.0;1.0;0.0;1.0;0.0;1.0;0.0;1.0;0.0;1.0;0.0;9.0;0.0;1.0;0.0;1.0;0.0;1.0;0.0;0.0;0.0;0.0
0.22415861;0.0;0.14462474;0.0;0.21934947;0.0;0.72157836;0.0;0.5827705;0.0;0.32064876;0.0;0.3487556;0.0;0.0;0.0;0.3400012;0.0;0.30121115;0.0;0.57242525;0.0;0.0;0.0;0.08628358;0.0;0.0;0.0;0.10312875;0.0;0.19051194;0.0;0.8771739;0.0;0.60631454;0.0;9.0;0.0;1.0;0.0;1.0;0.0;1.0;0.0;1.0;0.0;1.0;0.0;1.0;0.0;1.0;0.0;1.0;0.0;1.0;0.0;1.0;0.0;1.0;0.0;1.0;0.0;1.0;0.0;1.0;0.0;9.0;0.0;1.0;0.0;1.0;0.0;1.0;0.0;0.0;0.0;0.0
0.21415874;0.0;0.12975453;0.0;0.2130554;0.0;0.0;0.0;0.6890548;0.0;0.31144798;0.0;0.35725448;0.0;0.3314424;0.0;0.34828675;0.0;0.31121105;0.0;0.57968485;0.0;0.0;0.0;0.09250062;0.0;0.0;0.0;0.09252514;0.0;0.18201306;0.0;0.8692891;0.0;0.598029;0.0;9.0;0.0;1.0;0.0;1.0;0.0;1.0;0.0;1.0;0.0;1.0;0.0;1.0;0.0;1.0;0.0;1.0;0.0;1.0;0.0;1.0;0.0;1.0;0.0;1.0;0.0;1.0;0.0;1.0;0.0;9.0;0.0;1.0;0.0;1.0;0.0;1.0;0.0;0.0;0.0;0.0
0.20415886;0.0;0.11488433;0.0;0.0;0.0;0.0;0.0;0.68208206;0.0;0.45633203;0.0;0.36575335;0.0;0.33932722;0.0;0.35657227;0.0;0.32121092;0.0;0.5869445;0.0;0.0;0.0;0.09871766;0.0;0.0;0.0;0.08192152;0.0;0.17351419;0.0;0.8614043;0.0;0.5897435;0.0;9.0;0.0;1.0;0.0;1.0;0.0;1.0;0.0;1.0;0.0;1.0;0.0;1.0;0.0;1.0;0.0;1.0;0.0;1.0;0.0;1.0;0.0;1.0;0.0;1.0;0.0;1.0;0.0;1.0;0.0;9.0;0.0;1.0;0.0;1.0;0.0;1.0;0.0;0.0;0.0;0.0
0.19415899;0.0;0.10001413;0.0;0.0;0.0;0.19801351;0.0;0.6751094;0.0;0.44249386;0.0;0.37425226;0.0;0.34721202;0.0;0.36485782;0.0;0.33121082;0.0;0.5942042;0.0;0.106235005;0.0;0.10493471;0.0;0.11768925;0.0;0.071317896;0.0;0.2728688;0.0;0.85351944;0.0;0.5814579;0.0;9.0;0.0;1.0;0.0;1.0;0.0;1.0;0.0;1.0;0.0;1.0;0.0;1.0;0.0;1.0;0.0;1.0;0.0;1.0;0.0;1.0;0.0;1.0;0.0;1.0;0.0;1.0;0.0;1.0;0.0;1.0;0.0;1.0;0.0;1.0;0.0;1.0;0.0;0.0;0.0;0.0
0.1841591;0.0;0.085143924;0.0;0.0;0.0;0.19179648;0.0;0.66813666;0.0;0.4332931;0.0;0.3827511;0.0;0.35509688;0.0;0.37314337;0.0;0.34121072;0.0;0.6014639;0.0;0.112529084;0.0;0.11115174;0.0;0.12466197;0.0;0.060714282;0.0;0.26436993;0.0;0.84563464;0.0;0.5731724;0.0;9.0;0.0;1.0;0.0;1.0;0.0;1.0;0.0;1.0;0.0;1.0;0.0;1.0;0.0;1.0;0.0;1.0;0.0;1.0;0.0;1.0;0.0;1.0;0.0;1.0;0.0;1.0;0.0;1.0;0.0;1.0;0.0;1.0;0.0;1.0;0.0;1.0;0.0;0.0;0.0;0.0
0.17415921;0.0;0.07027372;0.0;0.18787907;0.0;0.18557945;0.0;0.6611639;0.0;0.4240923;0.0;0.22362983;0.0;0.36298168;0.0;0.3814289;0.0;0.35121062;0.0;0.6087235;0.0;0.11882317;0.0;0.117368795;0.0;0.13163468;0.0;0.05011066;0.0;0.25587106;0.0;0.83774984;0.0;0.56488687;0.0;9.0;0.0;1.0;0.0;1.0;0.0;1.0;0.0;1.0;0.0;1.0;0.0;1.0;0.0;1.0;0.0;1.0;0.0;1.0;0.0;1.0;0.0;1.0;0.0;1.0;0.0;1.0;0.0;1.0;0.0;1.0;0.0;1.0;0.0;1.0;0.0;1.0;0.0;0.0;0.0;0.0
0.16415933;0.0;0.055403512;0.0;0.18158498;0.0;0.17936239;0.0;0.5764802;0.0;0.41489148;0.0;0.20719521;0.0;0.3708665;0.0;0.07243349;0.0;0.3612105;0.0;0.6159832;0.0;0.12511726;0.0;0.0;0.0;0.13860738;0.0;0.17407039;0.0;0.24737218;0.0;0.829865;0.0;0.5566013;0.0;9.0;0.0;1.0;0.0;1.0;0.0;1.0;0.0;1.0;0.0;1.0;0.0;1.0;0.0;1.0;0.0;1.0;0.0;1.0;0.0;1.0;0.0;1.0;0.0;1.0;0.0;1.0;0.0;9.0;0.0;1.0;0.0;1.0;0.0;1.0;0.0;1.0;0.0;0.0;0.0;0.0
0.15415946;0.0;0.04053331;0.0;0.17529091;0.0;0.17314535;0.0;0.5932651;0.0;0.40569073;0.0;0.19076057;0.0;0.37875134;0.0;0.092356525;0.0;0.3712104;0.0;0.62324286;0.0;0.13141133;0.0;0.0;0.0;0.045752414;0.0;0.16346678;0.0;0.23887332;0.0;0.8219802;0.0;0.54831576;0.0;9.0;0.0;1.0;0.0;1.0;0.0;1.0;0.0;1.0;0.0;1.0;0.0;1.0;0.0;1.0;0.0;1.0;0.0;1.0;0.0;1.0;0.0;1.0;0.0;1.0;0.0;1.0;0.0;9.0;0.0;1.0;0.0;1.0;0.0;1.0;0.0;1.0;0.0;0.0;0.0;0.0
0.14415959;0.0;0.025663104;0.0;0.16899683;0.0;0.16692832;0.0;0.61005;0.0;0.39648992;0.0;0.17432591;0.0;0.38663617;0.0;0.11227957;0.0;0.38121027;0.0;0.0;0.0;0.13770542;0.0;0.13601992;0.0;0.028967509;0.0;0.15286316;0.0;0.33822793;0.0;0.8140954;0.0;0.434884;0.0;9.0;0.0;1.0;0.0;1.0;0.0;1.0;0.0;1.0;0.0;1.0;0.0;1.0;0.0;1.0;0.0;1.0;0.0;1.0;0.0;1.0;0.0;1.0;0.0;1.0;0.0;1.0;0.0;9.0;0.0;1.0;0.0;9.0;0.0;1.0;0.0;1.0;0.0;0.0;0.0;0.0
0.1341597;0.0;0.010792902;0.0;0.16270274;0.0;0.16071126;0.0;0.0;0.0;0.3872891;0.0;0.42524552;0.0;0.39452097;0.0;0.1322026;0.0;0.39121017;0.0;0.0;0.0;0.14399949;0.0;0.14223696;0.0;0.0121826045;0.0;0.14225954;0.0;0.32972905;0.0;0.8062105;0.0;0.4265985;0.0;9.0;0.0;1.0;0.0;1.0;0.0;1.0;0.0;1.0;0.0;1.0;0.0;1.0;0.0;1.0;0.0;1.0;0.0;1.0;0.0;1.0;0.0;1.0;0.0;1.0;0.0;1.0;0.0;9.0;0.0;1.0;0.0;9.0;0.0;1.0;0.0;1.0;0.0;0.0;0.0;0.0
0.12415981;0.0;0.0;0.0;0.15640865;0.0;0.15449423;0.0;0.004602299;0.0;0.54116094;0.0;0.43374437;0.0;0.4024058;0.0;0.15212563;0.0;0.40121007;0.0;0.0040773037;0.0;0.15029357;0.0;0.14845401;0.0;0.0;0.0;0.13165592;0.0;0.32123017;0.0;0.7983257;0.0;0.41831294;0.0;9.0;0.0;1.0;0.0;1.0;0.0;1.0;0.0;1.0;0.0;1.0;0.0;1.0;0.0;1.0;0.0;1.0;0.0;1.0;0.0;1.0;0.0;1.0;0.0;1.0;0.0;1.0;0.0;9.0;0.0;1.0;0.0;9.0;0.0;1.0;0.0;1.0;0.0;0.0;0.0;0.0
0.11415994;0.0;0.1731438;0.0;0.15011458;0.0;0.1482772;0.0;0.0213872;0.0;0.518335;0.0;0.44224328;0.0;0.41029063;0.0;0.17204867;0.0;0.41120997;0.0;0.018947514;0.0;0.15658766;0.0;0.15467104;0.0;0.0;0.0;0.1210523;0.0;0.3127313;0.0;0.7904409;0.0;0.4100274;0.0;9.0;0.0;9.0;0.0;1.0;0.0;1.0;0.0;1.0;0.0;1.0;0.0;1.0;0.0;1.0;0.0;1.0;0.0;1.0;0.0;1.0;0.0;1.0;0.0;1.0;0.0;1.0;0.0;9.0;0.0;1.0;0.0;9.0;0.0;1.0;0.0;1.0;0.0;0.0;0.0;0.0
0.104160056;0.0;0.16588415;0.0;0.1438205;0.0;0.14206013;0.0;0.038172103;0.0;0.50913423;0.0;0.45074216;0.0;0.41817546;0.0;0.1919717;0.0;0.42120987;0.0;0.033817723;0.0;0.16288175;0.0;0.16088809;0.0;0.18044364;0.0;0.11044868;0.0;0.41208592;0.0;0.78255606;0.0;0.40174183;0.0;9.0;0.0;9.0;0.0;1.0;0.0;1.0;0.0;1.0;0.0;1.0;0.0;1.0;0.0;1.0;0.0;1.0;0.0;1.0;0.0;1.0;0.0;1.0;0.0;1.0;0.0;9.0;0.0;9.0;0.0;1.0;0.0;9.0;0.0;1.0;0.0;1.0;0.0;0.0;0.0;0.0
0.09416018;0.0;0.15862449;0.0;0.13752642;0.0;0.0;0.0;0.1523545;0.0;0.49993342;0.0;0.459241;0.0;0.42606026;0.0;0.21189475;0.0;0.43120974;0.0;0.04868793;0.0;0.16917582;0.0;0.16710514;0.0;0.18741634;0.0;0.23440841;0.0;0.40358704;0.0;0.7746712;0.0;0.3934563;0.0;9.0;0.0;9.0;0.0;1.0;0.0;1.0;0.0;1.0;0.0;1.0;0.0;1.0;0.0;1.0;0.0;1.0;0.0;1.0;0.0;1.0;0.0;1.0;0.0;1.0;0.0;9.0;0.0;1.0;0.0;1.0;0.0;9.0;0.0;1.0;0.0;1.0;0.0;0.0;0.0;0.0
0.0841603;0.0;0.15136482;0.0;0.13123234;0.0;0.12962607;0.0;0.14538178;0.0;0.4907326;0.0;0.4677399;0.0;0.4339451;0.0;0.2318178;0.0;0.4412096;0.0;0.06355815;0.0;0.1754699;0.0;0.17332217;0.0;0.19438906;0.0;0.22380479;0.0;0.39508817;0.0;0.76678646;0.0;0.38517076;0.0;9.0;0.0;9.0;0.0;1.0;0.0;1.0;0.0;1.0;0.0;1.0;0.0;1.0;0.0;1.0;0.0;1.0;0.0;1.0;0.0;1.0;0.0;1.0;0.0;1.0;0.0;9.0;0.0;1.0;0.0;1.0;0.0;9.0;0.0;1.0;0.0;1.0;0.0;0.0;0.0;0.0
0.07416041;0.0;0.14410515;0.0;0.12493825;0.0;0.12340901;0.0;0.13840908;0.0;0.05592554;0.0;0.4762388;0.0;0.44182992;0.0;0.46428433;0.0;0.4512095;0.0;0.07842835;0.0;0.0;0.0;0.17953923;0.0;0.20136178;0.0;0.21320117;0.0;0.3865893;0.0;0.7589016;0.0;0.37688524;0.0;9.0;0.0;9.0;0.0;1.0;0.0;1.0;0.0;1.0;0.0;1.0;0.0;1.0;0.0;1.0;0.0;1.0;0.0;1.0;0.0;1.0;0.0;1.0;0.0;1.0;0.0;9.0;0.0;1.0;0.0;1.0;0.0;9.0;0.0;1.0;0.0;1.0;0.0;0.0;0.0;0.0
0.06416053;0.0;0.1368455;0.0;0.11864416;0.0;0.11719197;0.0;0.13143638;0.0;0.06652917;0.0;0.30979484;0.0;0.0;0.0;0.47256985;0.0;0.4612094;0.0;0.09329856;0.0;0.0;0.0;0.18575627;0.0;0.10769413;0.0;0.20259754;0.0;0.48594388;0.0;0.75101674;0.0;0.3685997;0.0;9.0;0.0;9.0;0.0;1.0;0.0;1.0;0.0;1.0;0.0;1.0;0.0;1.0;0.0;1.0;0.0;1.0;0.0;1.0;0.0;1.0;0.0;1.0;0.0;1.0;0.0;9.0;0.0;1.0;0.0;1.0;0.0;9.0;0.0;1.0;0.0;1.0;0.0;0.0;0.0;0.0
0.054160655;0.0;0.12958583;0.0;0.0;0.0;0.11097492;0.0;0.124463655;0.0;0.07713279;0.0;0.2933602;0.0;0.45759955;0.0;0.4808554;0.0;0.4712093;0.0;0.108168766;0.0;0.0;0.0;0.1919733;0.0;0.09090923;0.0;0.19199392;0.0;0.47744504;0.0;0.74313194;0.0;0.25516796;0.0;9.0;0.0;9.0;0.0;1.0;0.0;1.0;0.0;1.0;0.0;1.0;0.0;1.0;0.0;1.0;0.0;1.0;0.0;1.0;0.0;1.0;0.0;1.0;0.0;1.0;0.0;9.0;0.0;1.0;0.0;1.0;0.0;9.0;0.0;1.0;0.0;1.0;0.0;0.0;0.0;0.0
0.044160776;0.0;0.12232616;0.0;0.0;0.0;0.10475788;0.0;0.0;0.0;0.08773641;0.0;0.27692556;0.0;0.46548438;0.0;0.48914093;0.0;0.4812092;0.0;0.123038985;0.0;0.20064624;0.0;0.0;0.0;0.07412432;0.0;0.18139032;0.0;0.46894616;0.0;0.73524714;0.0;0.24688241;0.0;9.0;0.0;9.0;0.0;1.0;0.0;1.0;0.0;1.0;0.0;1.0;0.0;1.0;0.0;1.0;0.0;1.0;0.0;1.0;0.0;1.0;0.0;1.0;0.0;1.0;0.0;9.0;0.0;1.0;0.0;1.0;0.0;9.0;0.0;1.0;0.0;1.0;0.0;0.0;0.0;0.0
0.034160893;0.0;0.115066506;0.0;0.0;0.0;0.09854084;0.0;0.0;0.0;0.098340034;0.0;0.26049092;0.0;0.4733692;0.0;0.49742645;0.0;0.4912091;0.0;0.13790919;0.0;0.20694032;0.0;0.20440741;0.0;0.05733942;0.0;0.1707867;0.0;0.46044725;0.0;0.7273623;0.0;0.23859687;0.0;9.0;0.0;9.0;0.0;1.0;0.0;1.0;0.0;1.0;0.0;1.0;0.0;1.0;0.0;1.0;0.0;1.0;0.0;1.0;0.0;1.0;0.0;1.0;0.0;9.0;0.0;9.0;0.0;1.0;0.0;1.0;0.0;9.0;0.0;1.0;0.0;1.0;0.0;0.0;0.0;0.0
0.024161013;0.0;0.035928346;0.0;0.09346784;0.0;0.092323795;0.0;0.0;0.0;0.108943656;0.0;0.51873314;0.0;0.48125404;0.0;0.50571203;0.0;0.50120896;0.0;0.1527794;0.0;0.2132344;0.0;0.21062443;0.0;0.040554512;0.0;0.29474643;0.0;0.4519484;0.0;0.7194775;0.0;0.23031132;0.0;9.0;0.0;9.0;0.0;9.0;0.0;1.0;0.0;1.0;0.0;1.0;0.0;1.0;0.0;1.0;0.0;1.0;0.0;1.0;0.0;1.0;0.0;1.0;0.0;9.0;0.0;9.0;0.0;1.0;0.0;1.0;0.0;9.0;0.0;1.0;0.0;1.0;0.0;0.0;0.0;0.0
0.014161132;0.0;0.021058144;0.0;0.08717376;0.0;0.086106755;0.0;0.0;0.0;0.11954727;0.0;0.52723205;0.0;0.48913884;0.0;0.51399755;0.0;0.5112089;0.0;0.1676496;0.0;0.21952848;0.0;0.21684149;0.0;0.243198;0.0;0.2841428;0.0;0.551303;0.0;0.7115926;0.0;0.2220258;0.0;9.0;0.0;9.0;0.0;9.0;0.0;1.0;0.0;1.0;0.0;1.0;0.0;1.0;0.0;1.0;0.0;1.0;0.0;1.0;0.0;1.0;0.0;1.0;0.0;9.0;0.0;1.0;0.0;1.0;0.0;9.0;0.0;9.0;0.0;1.0;0.0;0.0;0.0;0.0;1.0;0.0
0.014567202;0.0;0.09845997;0.0;0.0865842;0.0;0.08658418;0.0;0.0;0.0;0.11597361;0.0;0.24930859;0.0;0.48884088;0.0;0.5202134;0.0;0.48963538;0.0;0.24795036;0.0;0.21804383;0.0;0.21804376;0.0;0.24795012;0.0;0.27564886;0.0;0.5439644;0.0;0.7111591;0.0;0.22471078;0.0;9.0;0.0;9.0;0.0;9.0;0.0;1.0;0.0;1.0;0.0;1.0;0.0;1.0;0.0;1.0;0.0;1.0;0.0;1.0;0.0;1.0;0.0;1.0;0.0;9.0;0.0;1.0;0.0;1.0;0.0;9.0;0.0;1.0;0.0;1.0;0.0;1.0;0.0;0.0;0.0;0.0
0.004567408;0.0;0.09103782;0.0;0.08005728;0.0;0.080057256;0.0;0.0;0.0;0.0;0.0;0.5283657;0.0;0.49650115;0.0;0.5283653;0.0;0.49963522;0.0;0.2553725;0.0;0.22457075;0.0;0.22457068;0.0;0.25537226;0.0;0.26564905;0.0;0.6422303;0.0;0.70349884;0.0;0.21655886;0.0;9.0;0.0;9.0;0.0;9.0;0.0;1.0;0.0;1.0;0.0;1.0;0.0;1.0;0.0;1.0;0.0;1.0;0.0;1.0;0.0;1.0;0.0;1.0;0.0;9.0;0.0;1.0;0.0;1.0;0.0;1.0;0.0;1.0;0.0;1.0;0.0;1.0;0.0;0.0;0.0;0.0
0.0;0.0;0.0;0.0;0.07353036;0.0;0.07353033;0.0;0.08361558;0.0;0.0054323957;0.0;0.11084634;0.0;0.5041615;0.0;0.53651726;0.0;0.5096351;0.0;0.26279467;0.0;0.23109767;0.0;0.23109761;0.0;0.2627944;0.0;0.25564927;0.0;0.6340784;0.0;0.6958386;0.0;0.20840696;0.0;9.0;0.0;9.0;0.0;9.0;0.0;1.0;0.0;1.0;0.0;1.0;0.0;1.0;0.0;1.0;0.0;1.0;0.0;1.0;0.0;1.0;0.0;1.0;0.0;9.0;0.0;1.0;0.0;1.0;0.0;1.0;0.0;1.0;0.0;1.0;0.0;1.0;0.0;0.0;0.0;0.0
0.0;0.0;0.0;0.0;0.06700343;0.0;0.0;0.0;0.07619344;0.0;0.015432207;0.0;0.11899825;0.0;0.51182175;0.0;0.54466915;0.0;0.5196349;0.0;0.2702168;0.0;0.2376246;0.0;0.23762453;0.0;0.1763568;0.0;0.24564943;0.0;0.62592643;0.0;0.68817824;0.0;0.093837306;0.0;9.0;0.0;9.0;0.0;9.0;0.0;9.0;0.0;1.0;0.0;1.0;0.0;1.0;0.0;1.0;0.0;1.0;0.0;1.0;0.0;1.0;0.0;1.0;0.0;9.0;0.0;1.0;0.0;1.0;0.0;1.0;0.0;1.0;0.0;1.0;0.0;0.0;0.0;0.0;1.0;0.0
0.0;0.0;0.0;0.0;0.06663398;0.0;0.06745963;0.0;0.07780862;0.0;0.015002022;0.0;0.117576376;0.0;0.5121337;0.0;0.35774806;0.0;0.64862514;0.0;0.26503792;0.0;0.23631434;0.0;0.23924248;0.0;0.16639966;0.0;0.3657036;0.0;0.43367925;0.0;0.68859774;0.0;0.09510328;0.0;9.0;0.0;9.0;0.0;9.0;0.0;1.0;0.0;1.0;0.0;1.0;0.0;1.0;0.0;1.0;0.0;1.0;0.0;1.0;0.0;1.0;0.0;1.0;0.0;9.0;0.0;1.0;0.0;1.0;0.0;1.0;0.0;1.0;0.0;1.0;0.0;0.0;0.0;0.0;1.0;0.0
0.0;0.0;0.07341562;0.0;0.06634896;0.0;0.068005525;0.0;0.021140758;0.0;0.014612491;0.0;0.23939168;0.0;0.51307154;0.0;0.32948774;0.0;0.624789;0.0;0.26036507;0.0;0.23530355;0.0;0.24117848;0.0;0.15768865;0.0;0.356208;0.0;0.7159115;0.0;0.6898587;0.0;0.09652309;0.0;9.0;0.0;9.0;0.0;9.0;0.0;1.0;0.0;1.0;0.0;1.0;0.0;1.0;0.0;1.0;0.0;1.0;0.0;1.0;0.0;1.0;0.0;1.0;0.0;9.0;0.0;1.0;0.0;1.0;0.0;1.0;0.0;1.0;0.0;1.0;0.0;0.0;0.0;0.0;1.0;0.0
0.0;0.0;0.072230145;0.0;0.06614662;0.0;0.06864465;0.0;0.02011238;0.0;0.014259611;0.0;0.52749056;0.0;0.5146409;0.0;0.56945366;0.0;0.60335165;0.0;0.029064825;0.0;0.23458596;0.0;0.0;0.0;0.15001798;0.0;0.34760588;0.0;0.709246;0.0;0.5914181;0.0;0.09810726;0.0;9.0;0.0;9.0;0.0;9.0;0.0;1.0;0.0;1.0;0.0;1.0;0.0;1.0;0.0;1.0;0.0;1.0;0.0;1.0;0.0;1.0;0.0;1.0;0.0;9.0;0.0;1.0;0.0;1.0;0.0;1.0;0.0;1.0;0.0;1.0;0.0;0.0;0.0;0.0;1.0;0.0
0.0;0.0;0.07116766;0.0;0.06602571;0.0;0.06938123;0.0;0.01920172;0.0;0.013939954;0.0;0.52325624;0.0;0.51685166;0.0;0.57967377;0.0;0.16711484;0.0;0.031557716;0.0;0.23415716;0.0;0.0;0.0;0.14322537;0.0;0.3398137;0.0;0.70355266;0.0;0.39199308;0.0;0.09986801;0.0;9.0;0.0;9.0;0.0;9.0;0.0;1.0;0.0;1.0;0.0;1.0;0.0;1.0;0.0;1.0;0.0;1.0;0.0;1.0;0.0;1.0;0.0;9.0;0.0;9.0;0.0;1.0;0.0;1.0;0.0;1.0;0.0;1.0;0.0;1.0;0.0;0.0;0.0;0.0;1.0;0.0
0.0;0.0;0.07022031;0.0;0.065985486;0.0;0.07022027;0.0;0.01839139;0.0;0.12912068;0.0;0.5197175;0.0;0.51971734;0.0;0.46802956;0.0;0.1739636;0.0;0.034564424;0.0;0.23401451;0.0;0.0;0.0;0.30548406;0.0;0.44822973;0.0;0.19588129;0.0;0.29262382;0.0;0.10181944;0.0;9.0;0.0;9.0;0.0;9.0;0.0;1.0;0.0;1.0;0.0;1.0;0.0;1.0;0.0;1.0;0.0;1.0;0.0;1.0;0.0;1.0;0.0;9.0;0.0;9.0;0.0;1.0;0.0;1.0;0.0;9.0;0.0;1.0;0.0;1.0;0.0;0.0;0.0;0.0;1.0;0.0
0.0;0.0;0.06938127;0.0;0.06602571;0.0;0.071167625;0.0;0.017667336;0.0;0.12664601;0.0;0.5168518;0.0;0.5232561;0.0;0.44160452;0.0;0.18162845;0.0;0.24605747;0.0;0.23415716;0.0;0.2523927;0.0;0.2812282;0.0;0.4396391;0.0;0.6949414;0.0;0.2946163;0.0;0.103977874;0.0;9.0;0.0;9.0;0.0;9.0;0.0;1.0;0.0;1.0;0.0;1.0;0.0;1.0;0.0;1.0;0.0;1.0;0.0;1.0;0.0;1.0;0.0;9.0;0.0;1.0;0.0;1.0;0.0;1.0;0.0;9.0;0.0;1.0;0.0;1.0;0.0;0.0;0.0;0.0;1.0;0.0
0.0;0.0;0.06864468;0.0;0.06614662;0.0;0.072230086;0.0;0.017018083;0.0;0.12441313;0.0;0.51464105;0.0;0.14060149;0.0;0.61736834;0.0;0.19024235;0.0;0.2434452;0.0;0.23458596;0.0;0.25616068;0.0;0.27089342;0.0;0.43188792;0.0;0.691969;0.0;0.19393906;0.0;0.10636215;0.0;9.0;0.0;9.0;0.0;9.0;0.0;1.0;0.0;1.0;0.0;1.0;0.0;1.0;0.0;1.0;0.0;1.0;0.0;1.0;0.0;1.0;0.0;9.0;0.0;1.0;0.0;1.0;0.0;1.0;0.0;9.0;0.0;1.0;0.0;1.0;0.0;0.0;0.0;0.0;1.0;0.0
0.0;0.0;0.068005554;0.0;0.0;0.0;0.07341556;0.0;0.016434172;0.0;0.12240417;0.0;0.5130716;0.0;0.5324478;0.0;0.56825984;0.0;0.19996971;0.0;0.24117859;0.0;0.23530352;0.0;0.26036495;0.0;0.2615987;0.0;0.53437775;0.0;0.68985873;0.0;0.1957617;0.0;0.10899426;0.0;9.0;0.0;9.0;0.0;9.0;0.0;1.0;0.0;1.0;0.0;1.0;0.0;1.0;0.0;1.0;0.0;1.0;0.0;1.0;0.0;1.0;0.0;9.0;0.0;1.0;0.0;1.0;0.0;9.0;0.0;9.0;0.0;1.0;0.0;1.0;0.0;0.0;0.0;0.0;1.0;0.0
0.0;0.0;0.06745966;0.0;0.0;0.0;0.07473317;0.0;0.015907738;0.0;0.12060366;0.0;0.5121337;0.0;0.53816116;0.0;0.5425298;0.0;0.27594495;0.0;0.23924255;0.0;0.2363143;0.0;0.26503775;0.0;0.25321895;0.0;0.5265173;0.0;0.68859774;0.0;0.1978623;0.0;0.0;0.0;9.0;0.0;9.0;0.0;9.0;0.0;1.0;0.0;1.0;0.0;1.0;0.0;1.0;0.0;1.0;0.0;1.0;0.0;1.0;0.0;1.0;0.0;9.0;0.0;1.0;0.0;1.0;0.0;9.0;0.0;1.0;0.0;1.0;0.0;9.0;0.0;0.0;0.0;0.0;1.0;0.0
0.0;0.0;0.06700343;0.0;0.0;0.0;0.07619345;0.0;0.015432201;0.0;0.118998244;0.0;0.51182175;0.0;0.5446693;0.0;0.5196346;0.0;0.27021676;0.0;0.23762457;0.0;0.23762456;0.0;0.17635664;0.0;0.24564943;0.0;0.6259262;0.0;0.68817824;0.0;0.093837336;0.0;0.0;0.0;9.0;0.0;9.0;0.0;9.0;0.0;1.0;0.0;1.0;0.0;1.0;0.0;1.0;0.0;1.0;0.0;1.0;0.0;1.0;0.0;1.0;0.0;9.0;0.0;1.0;0.0;1.0;0.0;1.0;0.0;1.0;0.0;1.0;0.0;9.0;0.0;0.0;0.0;0.0;1.0;0.0
0.0;0.0;0.06663397;0.0;0.067459635;0.0;0.07780863;0.0;0.015002017;0.0;0.11757636;0.0;0.5121337;0.0;0.3577476;0.0;0.6486248;0.0;0.2650379;0.0;0.23631433;0.0;0.23924251;0.0;0.16639952;0.0;0.3657036;0.0;0.4336799;0.0;0.68859774;0.0;0.0951033;0.0;0.0;0.0;9.0;0.0;9.0;0.0;1.0;0.0;1.0;0.0;1.0;0.0;1.0;0.0;1.0;0.0;1.0;0.0;1.0;0.0;1.0;0.0;1.0;0.0;9.0;0.0;1.0;0.0;1.0;0.0;1.0;0.0;1.0;0.0;1.0;0.0;9.0;0.0;1.0;0.0;0.0;0.0;0.0
0.0;0.0;0.0577177;0.0;0.0;0.0;0.06739709;0.0;0.020959739;0.0;0.12251271;0.0;0.51683134;0.0;0.3813177;0.0;0.6618203;0.0;0.2750379;0.0;0.24523059;0.0;0.24826927;0.0;0.15754016;0.0;0.3597459;0.0;0.46225277;0.0;0.6839001;0.0;0.09003986;0.0;0.0;0.0;9.0;0.0;9.0;0.0;9.0;0.0;1.0;0.0;1.0;0.0;1.0;0.0;1.0;0.0;1.0;0.0;1.0;0.0;1.0;0.0;1.0;0.0;9.0;0.0;1.0;0.0;1.0;0.0;1.0;0.0;1.0;0.0;1.0;0.0;9.0;0.0;1.0;0.0;0.0;0.0;0.0
0.0;0.0;0.04880143;0.0;0.0;0.0;0.05698554;0.0;0.026917463;0.0;0.12744907;0.0;0.52152896;0.0;0.5621444;0.0;0.67501575;0.0;0.28503793;0.0;0.25414687;0.0;0.25729603;0.0;0.14868078;0.0;0.35378817;0.0;0.4908256;0.0;0.6792025;0.0;0.084976405;0.0;0.0;0.0;9.0;0.0;9.0;0.0;9.0;0.0;1.0;0.0;1.0;0.0;1.0;0.0;1.0;0.0;1.0;0.0;1.0;0.0;1.0;0.0;1.0;0.0;9.0;0.0;1.0;0.0;1.0;0.0;1.0;0.0;1.0;0.0;1.0;0.0;9.0;0.0;1.0;0.0;0.0;0.0;0.0
0.0;0.0;0.039885156;0.0;0.0;0.0;0.0;0.0;0.032875188;0.0;0.027239174;0.0;0.5262266;0.0;0.5672078;0.0;0.68821126;0.0;0.29503796;0.0;0.26306313;0.0;0.0;0.0;0.13982141;0.0;0.34783044;0.0;0.7087844;0.0;0.6745049;0.0;0.07991295;0.0;0.0;0.0;9.0;0.0;9.0;0.0;9.0;0.0;9.0;0.0;1.0;0.0;1.0;0.0;1.0;0.0;1.0;0.0;1.0;0.0;1.0;0.0;1.0;0.0;9.0;0.0;1.0;0.0;1.0;0.0;1.0;0.0;1.0;0.0;1.0;0.0;9.0;0.0;1.0;0.0;0.0;0.0;0.0
0.0;0.0;0.030968886;0.0;0.031352624;0.0;0.0;0.0;0.03883291;0.0;0.032175526;0.0;0.5309242;0.0;0.5722712;0.0;0.71399343;0.0;0.305038;0.0;0.2719794;0.0;0.0;0.0;0.13096204;0.0;0.34187272;0.0;0.70384806;0.0;0.6698073;0.0;0.07484951;0.0;0.0;0.0;9.0;0.0;9.0;0.0;9.0;0.0;9.0;0.0;1.0;0.0;1.0;0.0;1.0;0.0;1.0;0.0;1.0;0.0;1.0;0.0;1.0;0.0;9.0;0.0;1.0;0.0;1.0;0.0;1.0;0.0;1.0;0.0;1.0;0.0;9.0;0.0;1.0;0.0;0.0;0.0;0.0
0.0;0.0;0.022052614;0.0;0.02232587;0.0;0.0;0.0;0.0;0.0;0.037111875;0.0;0.53562176;0.0;0.5773347;0.0;0.7203108;0.0;0.31503803;0.0;0.28089565;0.0;0.0;0.0;0.3280025;0.0;0.335915;0.0;0.6989117;0.0;0.5650487;0.0;0.0;0.0;0.0;0.0;9.0;0.0;9.0;0.0;9.0;0.0;9.0;0.0;9.0;0.0;1.0;0.0;1.0;0.0;1.0;0.0;1.0;0.0;1.0;0.0;1.0;0.0;9.0;0.0;1.0;0.0;1.0;0.0;1.0;0.0;1.0;0.0;9.0;0.0;9.0;0.0;1.0;0.0;0.0;0.0;0.0
0.0;0.0;0.013136342;0.0;0.013299115;0.0;0.0;0.0;0.0;0.0;0.042048227;0.0;0.5403194;0.0;0.5823981;0.0;0.57834995;0.0;0.32503805;0.0;0.28981194;0.0;0.29340303;0.0;0.3384141;0.0;0.45685917;0.0;0.6939753;0.0;0.3602292;0.0;0.0;0.0;0.0;0.0;9.0;0.0;9.0;0.0;9.0;0.0;9.0;0.0;9.0;0.0;1.0;0.0;1.0;0.0;1.0;0.0;1.0;0.0;1.0;0.0;1.0;0.0;1.0;0.0;1.0;0.0;1.0;0.0;1.0;0.0;1.0;0.0;9.0;0.0;9.0;0.0;0.0;0.0;0.0;1.0;0.0
0.014473285;0.0;0.013080155;0.0;0.013406734;0.0;0.0;0.0;0.0;0.0;0.041601826;0.0;0.5413088;0.0;0.5910928;0.0;0.70105207;0.0;0.09122452;0.0;0.0;0.0;0.29577735;0.0;0.28614432;0.0;0.44499665;0.0;0.68660784;0.0;0.16040048;0.0;0.0;0.0;0.0;0.0;9.0;0.0;9.0;0.0;9.0;0.0;9.0;0.0;9.0;0.0;1.0;0.0;1.0;0.0;1.0;0.0;1.0;0.0;1.0;0.0;9.0;0.0;1.0;0.0;1.0;0.0;1.0;0.0;1.0;0.0;1.0;0.0;9.0;0.0;9.0;0.0;0.0;0.0;0.0;1.0;0.0
0.014239578;0.0;0.013040265;0.0;0.013532733;0.0;0.0;0.0;0.0;0.0;0.041214485;0.0;0.54296464;0.0;0.42656;0.0;0.6769981;0.0;0.098319635;0.0;0.2876923;0.0;0.29855707;0.0;0.27222502;0.0;0.4342504;0.0;0.35958502;0.0;0.060340315;0.0;0.0;0.0;0.0;0.0;9.0;0.0;9.0;0.0;9.0;0.0;9.0;0.0;9.0;0.0;1.0;0.0;1.0;0.0;1.0;0.0;1.0;0.0;1.0;0.0;9.0;0.0;1.0;0.0;1.0;0.0;1.0;0.0;9.0;0.0;1.0;0.0;9.0;0.0;9.0;0.0;0.0;0.0;0.0;1.0;0.0
0.014030121;0.0;0.013016428;0.0;0.013677943;0.0;0.0;0.0;0.0;0.0;0.040883645;0.0;0.0;0.0;0.6115767;0.0;0.78987515;0.0;0.106752515;0.0;0.28716642;0.0;0.3017607;0.0;0.25989905;0.0;0.4245159;0.0;0.67475474;0.0;0.060599517;0.0;0.0;0.0;0.0;0.0;9.0;0.0;9.0;0.0;9.0;0.0;9.0;0.0;9.0;0.0;1.0;0.0;1.0;0.0;1.0;0.0;1.0;0.0;1.0;0.0;9.0;0.0;1.0;0.0;1.0;0.0;1.0;0.0;9.0;0.0;1.0;0.0;9.0;0.0;9.0;0.0;0.0;0.0;0.0;1.0;0.0
0.013843358;0.0;0.0130084995;0.0;0.0;0.0;0.0;0.0;0.0;0.0;0.040607147;0.0;0.5483204;0.0;0.62352693;0.0;0.7662631;0.0;0.116923526;0.0;0.2869915;0.0;0.30540997;0.0;0.2489311;0.0;0.53117365;0.0;0.67019147;0.0;0.060935516;0.0;0.0;0.0;0.0;0.0;9.0;0.0;9.0;0.0;9.0;0.0;9.0;0.0;9.0;0.0;1.0;0.0;1.0;0.0;1.0;0.0;1.0;0.0;1.0;0.0;9.0;0.0;1.0;0.0;1.0;0.0;9.0;0.0;9.0;0.0;1.0;0.0;9.0;0.0;9.0;0.0;0.0;0.0;0.0;1.0;0.0
0.013677947;0.0;0.013016428;0.0;0.0;0.0;0.0;0.0;0.0;0.0;0.040383242;0.0;0.55205387;0.0;0.541576;0.0;0.22738178;0.0;0.30176073;0.0;0.28716642;0.0;0.3095303;0.0;0.2391309;0.0;0.5209933;0.0;0.6664961;0.0;0.061350416;0.0;0.0;0.0;0.0;0.0;9.0;0.0;9.0;0.0;9.0;0.0;9.0;0.0;9.0;0.0;1.0;0.0;1.0;0.0;1.0;0.0;1.0;0.0;1.0;0.0;9.0;0.0;1.0;0.0;1.0;0.0;9.0;0.0;9.0;0.0;1.0;0.0;9.0;0.0;9.0;0.0;0.0;0.0;0.0;1.0;0.0
0.013532735;0.0;0.013040264;0.0;0.0;0.0;0.0;0.0;0.0;0.0;0.04021051;0.0;0.5565213;0.0;0.51322454;0.0;0.23816557;0.0;0.2985571;0.0;0.2876923;0.0;0.14753965;0.0;0.37429884;0.0;0.62306803;0.0;0.66364527;0.0;0.0;0.0;0.0;0.0;0.0;0.0;9.0;0.0;9.0;0.0;9.0;0.0;9.0;0.0;9.0;0.0;1.0;0.0;1.0;0.0;1.0;0.0;1.0;0.0;1.0;0.0;9.0;0.0;1.0;0.0;1.0;0.0;1.0;0.0;1.0;0.0;9.0;0.0;9.0;0.0;9.0;0.0;0.0;0.0;0.0;1.0;0.0
0.013406737;0.0;0.013080153;0.0;0.0;0.0;0.0;0.0;0.0;0.0;0.14033207;0.0;0.5617515;0.0;0.6674646;0.0;0.25034332;0.0;0.29577738;0.0;0.28857234;0.0;0.13689263;0.0;0.3614562;0.0;0.6130072;0.0;0.66162145;0.0;0.0;0.0;0.0;0.0;0.0;0.0;9.0;0.0;9.0;0.0;9.0;0.0;9.0;0.0;9.0;0.0;1.0;0.0;1.0;0.0;1.0;0.0;1.0;0.0;1.0;0.0;9.0;0.0;1.0;0.0;1.0;0.0;1.0;0.0;1.0;0.0;9.0;0.0;9.0;0.0;9.0;0.0;0.0;0.0;0.0;1.0;0.0
0.013299117;0.0;0.01313634;0.0;0.0;0.0;0.0;0.0;0.0;0.0;0.5403194;0.0;0.28151056;0.0;0.6285784;0.0;0.26417273;0.0;0.2934031;0.0;0.28981194;0.0;0.12782408;0.0;0.3498777;0.0;0.49916738;0.0;0.6604121;0.0;0.0;0.0;0.0;0.0;0.0;0.0;9.0;0.0;9.0;0.0;9.0;0.0;9.0;0.0;9.0;0.0;1.0;0.0;1.0;0.0;1.0;0.0;1.0;0.0;1.0;0.0;9.0;0.0;1.0;0.0;1.0;0.0;1.0;0.0;1.0;0.0;9.0;0.0;9.0;0.0;9.0;0.0;1.0;0.0;0.0;0.0;0.0
0.0032989425;0.0;0.0032585643;0.0;0.0;0.0;0.0;0.0;0.0;0.0;0.042094886;0.0;0.31316465;0.0;0.64446646;0.0;0.268096;0.0;0.30340326;0.0;0.2996897;0.0;0.12339568;0.0;0.3470801;0.0;0.52527916;0.0;0.65833175;0.0;0.0;0.0;0.0;0.0;0.0;0.0;9.0;0.0;9.0;0.0;9.0;0.0;9.0;0.0;9.0;0.0;1.0;0.0;1.0;0.0;1.0;0.0;1.0;0.0;1.0;0.0;9.0;0.0;1.0;0.0;1.0;0.0;1.0;0.0;1.0;0.0;9.0;0.0;9.0;0.0;9.0;0.0;1.0;0.0;0.0;0.0;0.0
0.51446927;0.0;0.50817233;0.0;0.003654636;0.0;0.0048224544;0.0;0.04761543;0.0;0.044175163;0.0;0.31316465;0.0;0.64446646;0.0;0.27201924;0.0;0.30340326;0.0;0.2996897;0.0;0.33611637;0.0;0.3442825;0.0;0.52527916;0.0;0.65625155;0.0;0.058726;0.0;0.005241277;0.0;0.0038050346;0.0;1.0;0.0;1.0;0.0;1.0;0.0;1.0;0.0;1.0;0.0;1.0;0.0;1.0;0.0;1.0;0.0;1.0;0.0;1.0;0.0;9.0;0.0;1.0;0.0;1.0;0.0;1.0;0.0;1.0;0.0;1.0;0.0;1.0;0.0;1.0;0.0;1.0;0.0;0.0;0.0;0.0
0.50446904;0.0;0.49829453;0.0;0.0;0.0;0.0;0.0;0.049857713;0.0;0.046255443;0.0;0.34481877;0.0;0.69317234;0.0;0.2759425;0.0;0.31340343;0.0;0.0;0.0;0.34719476;0.0;0.34148493;0.0;0.7051166;0.0;0.05380551;0.0;0.05654;0.0;0.0;0.0;0.0;0.0;1.0;0.0;1.0;0.0;1.0;0.0;1.0;0.0;1.0;0.0;1.0;0.0;1.0;0.0;1.0;0.0;1.0;0.0;1.0;0.0;9.0;0.0;1.0;0.0;1.0;0.0;1.0;0.0;1.0;0.0;1.0;0.0;1.0;0.0;1.0;0.0;1.0;0.0;0.0;0.0;0.0
0.49446893;0.0;0.48841676;0.0;0.20801182;0.0;0.0;0.0;0.052099995;0.0;0.04833572;0.0;0.0;0.0;0.6958107;0.0;0.27986577;0.0;0.3234036;0.0;0.0;0.0;0.35827318;0.0;0.33868736;0.0;0.70287436;0.0;0.05172523;0.0;0.054354;0.0;0.0;0.0;0.0;0.0;1.0;0.0;1.0;0.0;1.0;0.0;1.0;0.0;1.0;0.0;1.0;0.0;1.0;0.0;1.0;0.0;1.0;0.0;1.0;0.0;9.0;0.0;1.0;0.0;1.0;0.0;1.0;0.0;1.0;0.0;1.0;0.0;1.0;0.0;1.0;0.0;1.0;0.0;0.0;0.0;0.0
0.48446876;0.0;0.478539;0.0;0.3101904;0.0;0.0;0.0;0.05434228;0.0;0.050416;0.0;0.0;0.0;0.69844896;0.0;0.283789;0.0;0.33340377;0.0;0.0;0.0;0.36935157;0.0;0.47045308;0.0;0.0;0.0;0.049644955;0.0;0.052168;0.0;0.0;0.0;0.2050378;0.0;1.0;0.0;1.0;0.0;1.0;0.0;1.0;0.0;1.0;0.0;1.0;0.0;1.0;0.0;1.0;0.0;1.0;0.0;1.0;0.0;9.0;0.0;1.0;0.0;1.0;0.0;1.0;0.0;1.0;0.0;1.0;0.0;1.0;0.0;1.0;0.0;1.0;0.0;0.0;0.0;0.0
0.47446856;0.0;0.46866122;0.0;0.29911202;0.0;0.0;0.0;0.056584567;0.0;0.052496273;0.0;0.0;0.0;0.54559165;0.0;0.28771228;0.0;0.34340394;0.0;0.0;0.0;0.38042995;0.0;0.46765548;0.0;0.0;0.0;0.047564678;0.0;0.049982;0.0;0.0;0.0;0.19350348;0.0;1.0;0.0;1.0;0.0;1.0;0.0;1.0;0.0;1.0;0.0;1.0;0.0;1.0;0.0;1.0;0.0;1.0;0.0;1.0;0.0;9.0;0.0;1.0;0.0;1.0;0.0;1.0;0.0;1.0;0.0;1.0;0.0;1.0;0.0;1.0;0.0;1.0;0.0;0.0;0.0;0.0
0.4644684;0.0;0.45878345;0.0;0.28803363;0.0;0.0;0.0;0.0;0.0;0.054576553;0.0;0.0;0.0;0.0;0.0;0.29163554;0.0;0.3534041;0.0;0.3490786;0.0;0.39150837;0.0;0.0;0.0;0.0;0.0;0.0454844;0.0;0.047796;0.0;0.0;0.0;0.18196918;0.0;1.0;0.0;1.0;0.0;1.0;0.0;1.0;0.0;1.0;0.0;1.0;0.0;1.0;0.0;1.0;0.0;1.0;0.0;1.0;0.0;1.0;0.0;1.0;0.0;1.0;0.0;1.0;0.0;1.0;0.0;1.0;0.0;1.0;0.0;1.0;0.0;0.0;0.0;0.0;1.0;0.0
0.46132722;0.0;0.46132722;0.0;0.2936618;0.0;0.0;0.0;0.0;0.0;0.054543305;0.0;0.0;0.0;0.6933571;0.0;0.30908656;0.0;0.35101408;0.0;0.35101408;0.0;0.2909134;0.0;0.0;0.0;0.0;0.0;0.045456696;0.0;0.048374005;0.0;0.0;0.0;0.17819181;0.0;1.0;0.0;1.0;0.0;1.0;0.0;1.0;0.0;1.0;0.0;1.0;0.0;1.0;0.0;1.0;0.0;1.0;0.0;1.0;0.0;1.0;0.0;1.0;0.0;1.0;0.0;1.0;0.0;1.0;0.0;1.0;0.0;1.0;0.0;1.0;0.0;0.0;0.0;0.0;1.0;0.0
0.45878348;0.0;0.46446833;0.0;0.18196917;0.0;0.0;0.0;0.057350226;0.0;0.054576553;0.0;0.0;0.0;0.6660603;0.0;0.3915084;0.0;0.0;0.0;0.3534041;0.0;0.2744884;0.0;0.0;0.0;0.0;0.0;0.0454844;0.0;0.0;0.0;0.0;0.0;0.28803366;0.0;1.0;0.0;1.0;0.0;1.0;0.0;1.0;0.0;1.0;0.0;1.0;0.0;1.0;0.0;1.0;0.0;1.0;0.0;9.0;0.0;1.0;0.0;1.0;0.0;1.0;0.0;1.0;0.0;1.0;0.0;1.0;0.0;1.0;0.0;1.0;0.0;0.0;0.0;0.0;1.0;0.0
0.45682114;0.0;0.46822697;0.0;0.18614188;0.0;0.0;0.0;0.056741368;0.0;0.05467649;0.0;0.0;0.0;0.64158344;0.0;0.38460577;0.0;0.3475855;0.0;0.35626397;0.0;0.26011896;0.0;0.0;0.0;0.047288578;0.0;0.0455677;0.0;0.0;0.0;0.0;0.0;0.28295535;0.0;1.0;0.0;1.0;0.0;1.0;0.0;1.0;0.0;1.0;0.0;1.0;0.0;1.0;0.0;1.0;0.0;1.0;0.0;9.0;0.0;1.0;0.0;1.0;0.0;1.0;0.0;1.0;0.0;1.0;0.0;1.0;0.0;1.0;0.0;1.0;0.0;1.0;0.0;0.0;0.0;0.0
0.44682106;0.0;0.4579772;0.0;0.17414568;0.0;0.0;0.0;0.0;0.0;0.05572427;0.0;0.0;0.0;0.0;0.0;0.39567095;0.0;0.35758558;0.0;0.36651373;0.0;0.25824982;0.0;0.0;0.0;0.04620123;0.0;0.04451992;0.0;0.0;0.0;0.0;0.0;0.27189016;0.0;1.0;0.0;1.0;0.0;1.0;0.0;1.0;0.0;1.0;0.0;1.0;0.0;1.0;0.0;1.0;0.0;1.0;0.0;9.0;0.0;1.0;0.0;1.0;0.0;1.0;0.0;1.0;0.0;1.0;0.0;1.0;0.0;1.0;0.0;1.0;0.0;1.0;0.0;0.0;0.0;0.0
0.43682098;0.0;0.44772744;0.0;0.16214949;0.0;0.05857245;0.0;0.0;0.0;0.056772053;0.0;0.0;0.0;0.0;0.0;0.40673608;0.0;0.36758563;0.0;0.3767635;0.0;0.0;0.0;0.0;0.0;0.04511388;0.0;0.043472137;0.0;0.0;0.0;0.19351664;0.0;0.260825;0.0;1.0;0.0;1.0;0.0;1.0;0.0;1.0;0.0;1.0;0.0;1.0;0.0;1.0;0.0;1.0;0.0;1.0;0.0;9.0;0.0;1.0;0.0;1.0;0.0;1.0;0.0;1.0;0.0;1.0;0.0;1.0;0.0;1.0;0.0;1.0;0.0;1.0;0.0;0.0;0.0;0.0
0.4268209;0.0;0.43747768;0.0;0.27077508;0.0;0.0416525;0.0;0.0;0.0;0.057819832;0.0;0.06313751;0.0;0.0;0.0;0.41780123;0.0;0.3775857;0.0;0.38701326;0.0;0.0;0.0;0.0;0.0;0.04402653;0.0;0.04242436;0.0;0.0;0.0;0.17919984;0.0;0.24975987;0.0;1.0;0.0;1.0;0.0;1.0;0.0;1.0;0.0;1.0;0.0;1.0;0.0;1.0;0.0;1.0;0.0;1.0;0.0;9.0;0.0;1.0;0.0;1.0;0.0;1.0;0.0;1.0;0.0;1.0;0.0;1.0;0.0;1.0;0.0;1.0;0.0;1.0;0.0;0.0;0.0;0.0
0.41682082;0.0;0.4272279;0.0;0.25877887;0.0;0.19619393;0.0;0.1651207;0.0;0.05886761;0.0;0.06428165;0.0;0.0;0.0;0.4288664;0.0;0.38758582;0.0;0.397263;0.0;0.0;0.0;0.0;0.0;0.04293918;0.0;0.04137658;0.0;0.15464564;0.0;0.16488303;0.0;0.23869471;0.0;1.0;0.0;1.0;0.0;1.0;0.0;1.0;0.0;1.0;0.0;1.0;0.0;1.0;0.0;1.0;0.0;1.0;0.0;9.0;0.0;1.0;0.0;1.0;0.0;1.0;0.0;1.0;0.0;1.0;0.0;1.0;0.0;1.0;0.0;1.0;0.0;1.0;0.0;0.0;0.0;0.0
0.40682077;0.0;0.41697818;0.0;0.24678269;0.0;0.1974859;0.0;0.16620806;0.0;0.059915386;0.0;0.0654258;0.0;0.0;0.0;0.43993154;0.0;0.39758587;0.0;0.40751275;0.0;0.0;0.0;0.0;0.0;0.041851833;0.0;0.0;0.0;0.011290174;0.0;0.15056622;0.0;0.22762957;0.0;1.0;0.0;1.0;0.0;1.0;0.0;1.0;0.0;1.0;0.0;1.0;0.0;1.0;0.0;1.0;0.0;1.0;0.0;9.0;0.0;1.0;0.0;1.0;0.0;1.0;0.0;1.0;0.0;1.0;0.0;1.0;0.0;1.0;0.0;1.0;0.0;1.0;0.0;0.0;0.0;0.0
0.39682066;0.0;0.40672842;0.0;0.23478648;0.0;0.19877788;0.0;0.16729541;0.0;0.060963165;0.0;0.06656994;0.0;0.0077061825;0.0;0.45099673;0.0;0.40758595;0.0;0.41776252;0.0;0.006457084;0.0;0.048435744;0.0;0.040764485;0.0;0.1395252;0.0;0.0;0.0;0.13624941;0.0;0.21656439;0.0;1.0;0.0;1.0;0.0;1.0;0.0;1.0;0.0;1.0;0.0;1.0;0.0;1.0;0.0;1.0;0.0;1.0;0.0;9.0;0.0;1.0;0.0;1.0;0.0;1.0;0.0;1.0;0.0;1.0;0.0;1.0;0.0;1.0;0.0;1.0;0.0;1.0;0.0;0.0;0.0;0.0
0.3868206;0.0;0.39647865;0.0;0.22279032;0.0;0.14410284;0.0;0.16838275;0.0;0.0;0.0;0.06771408;0.0;0.022022998;0.0;0.46206188;0.0;0.41758603;0.0;0.42801228;0.0;0.018453281;0.0;0.047143776;0.0;0.039677136;0.0;0.13847743;0.0;0.0;0.0;0.12193259;0.0;0.20549925;0.0;1.0;0.0;1.0;0.0;1.0;0.0;1.0;0.0;1.0;0.0;1.0;0.0;1.0;0.0;1.0;0.0;1.0;0.0;9.0;0.0;1.0;0.0;1.0;0.0;1.0;0.0;1.0;0.0;1.0;0.0;1.0;0.0;1.0;0.0;1.0;0.0;1.0;0.0;0.0;0.0;0.0
0.3768205;0.0;0.3862289;0.0;0.21079412;0.0;0.1271829;0.0;0.0;0.0;0.16330291;0.0;0.06885822;0.0;0.036339812;0.0;0.47312704;0.0;0.42758614;0.0;0.43826205;0.0;0.030449476;0.0;0.045851804;0.0;0.038589783;0.0;0.13742965;0.0;0.0;0.0;0.107615784;0.0;0.30569428;0.0;1.0;0.0;1.0;0.0;1.0;0.0;1.0;0.0;1.0;0.0;1.0;0.0;1.0;0.0;1.0;0.0;1.0;0.0;9.0;0.0;1.0;0.0;1.0;0.0;1.0;0.0;1.0;0.0;1.0;0.0;1.0;0.0;1.0;0.0;1.0;0.0;1.0;0.0;0.0;0.0;0.0
0.36682042;0.0;0.37597913;0.0;0.19879791;0.0;0.11026295;0.0;0.0;0.0;0.16435069;0.0;0.07000237;0.0;0.050656628;0.0;0.03915141;0.0;0.43758622;0.0;0.44851178;0.0;0.04244567;0.0;0.04455983;0.0;0.037502434;0.0;0.13638188;0.0;0.0;0.0;0.09329897;0.0;0.2946291;0.0;1.0;0.0;1.0;0.0;1.0;0.0;1.0;0.0;1.0;0.0;1.0;0.0;1.0;0.0;1.0;0.0;1.0;0.0;9.0;0.0;1.0;0.0;1.0;0.0;1.0;0.0;1.0;0.0;1.0;0.0;1.0;0.0;1.0;0.0;1.0;0.0;1.0;0.0;0.0;0.0;0.0
0.35682037;0.0;0.3657294;0.0;0.18680172;0.0;0.093343005;0.0;0.0;0.0;0.16539848;0.0;0.07114651;0.0;0.064973444;0.0;0.050216567;0.0;0.44758624;0.0;0.046516083;0.0;0.05444187;0.0;0.043267857;0.0;0.0;0.0;0.1353341;0.0;0.14778078;0.0;0.07898216;0.0;0.28356394;0.0;1.0;0.0;1.0;0.0;1.0;0.0;1.0;0.0;1.0;0.0;1.0;0.0;1.0;0.0;1.0;0.0;1.0;0.0;9.0;0.0;1.0;0.0;1.0;0.0;1.0;0.0;1.0;0.0;1.0;0.0;1.0;0.0;1.0;0.0;1.0;0.0;1.0;0.0;0.0;0.0;0.0
0.3468203;0.0;0.35547963;0.0;0.2954273;0.0;0.07642306;0.0;0.17273214;0.0;0.16644625;0.0;0.07229065;0.0;0.079290256;0.0;0.06128173;0.0;0.45758635;0.0;0.056765843;0.0;0.066438064;0.0;0.041975886;0.0;0.0;0.0;0.13428631;0.0;0.14663664;0.0;0.064665355;0.0;0.2724988;0.0;1.0;0.0;1.0;0.0;1.0;0.0;1.0;0.0;1.0;0.0;1.0;0.0;1.0;0.0;1.0;0.0;1.0;0.0;9.0;0.0;1.0;0.0;1.0;0.0;1.0;0.0;1.0;0.0;1.0;0.0;1.0;0.0;1.0;0.0;1.0;0.0;1.0;0.0;0.0;0.0;0.0
0.3368202;0.0;0.34522986;0.0;0.2834311;0.0;0.05950311;0.0;0.17381951;0.0;0.16749403;0.0;0.0734348;0.0;0.093260564;0.0;0.07234688;0.0;0.46758643;0.0;0.0670156;0.0;0.078434266;0.0;0.040683914;0.0;0.0;0.0;0.13323854;0.0;0.14549248;0.0;0.05034854;0.0;0.26143366;0.0;1.0;0.0;1.0;0.0;1.0;0.0;1.0;0.0;1.0;0.0;1.0;0.0;1.0;0.0;1.0;0.0;1.0;0.0;9.0;0.0;1.0;0.0;1.0;0.0;1.0;0.0;1.0;0.0;1.0;0.0;1.0;0.0;1.0;0.0;1.0;0.0;1.0;0.0;0.0;0.0;0.0
0.3268201;0.0;0.3349801;0.0;0.27143493;0.0;0.04258316;0.0;0.17490685;0.0;0.16854182;0.0;0.0;0.0;0.0947136;0.0;0.08341204;0.0;0.4775865;0.0;0.07726537;0.0;0.09043045;0.0;0.039391942;0.0;0.13718298;0.0;0.13219076;0.0;0.14434835;0.0;0.18331921;0.0;0.2503685;0.0;1.0;0.0;1.0;0.0;1.0;0.0;1.0;0.0;1.0;0.0;1.0;0.0;1.0;0.0;1.0;0.0;1.0;0.0;9.0;0.0;1.0;0.0;1.0;0.0;1.0;0.0;1.0;0.0;1.0;0.0;1.0;0.0;1.0;0.0;1.0;0.0;1.0;0.0;0.0;0.0;0.0
0.31682006;0.0;0.32473034;0.0;0.25943872;0.0;0.20911364;0.0;0.1759942;0.0;0.1695896;0.0;0.0;0.0;0.09616664;0.0;0.09447719;0.0;0.4875866;0.0;0.08751512;0.0;0.10242666;0.0;0.03809997;0.0;0.13609564;0.0;0.0;0.0;0.1432042;0.0;0.1656705;0.0;0.23930332;0.0;1.0;0.0;1.0;0.0;1.0;0.0;1.0;0.0;1.0;0.0;1.0;0.0;1.0;0.0;1.0;0.0;1.0;0.0;9.0;0.0;1.0;0.0;1.0;0.0;1.0;0.0;1.0;0.0;1.0;0.0;1.0;0.0;1.0;0.0;1.0;0.0;0.0;0.0;0.0;1.0;0.0
0.3158539;0.0;0.32778218;0.0;0.265859;0.0;0.026975404;0.0;0.1743556;0.0;0.17010835;0.0;0.0;0.0;0.09958347;0.0;0.09295163;0.0;0.48609963;0.0;0.08833759;0.0;0.05244009;0.0;0.03717988;0.0;0.1348285;0.0;0.0;0.0;0.14555451;0.0;0.15998618;0.0;0.23543923;0.0;1.0;0.0;1.0;0.0;1.0;0.0;1.0;0.0;1.0;0.0;1.0;0.0;1.0;0.0;1.0;0.0;1.0;0.0;9.0;0.0;1.0;0.0;1.0;0.0;1.0;0.0;1.0;0.0;1.0;0.0;1.0;0.0;1.0;0.0;1.0;0.0;1.0;0.0;0.0;0.0;0.0
0.3058537;0.0;0.31740433;0.0;0.2535282;0.0;0.2049053;0.0;0.17507467;0.0;0.1708099;0.0;0.0;0.0;0.10058786;0.0;0.103871524;0.0;0.4960998;0.0;0.09871543;0.0;0.05125308;0.0;0.0;0.0;0.13410944;0.0;0.13084258;0.0;0.011653686;0.0;0.14611818;0.0;0.22451934;0.0;1.0;0.0;1.0;0.0;1.0;0.0;1.0;0.0;1.0;0.0;1.0;0.0;1.0;0.0;1.0;0.0;1.0;0.0;9.0;0.0;1.0;0.0;1.0;0.0;1.0;0.0;1.0;0.0;1.0;0.0;1.0;0.0;1.0;0.0;1.0;0.0;1.0;0.0;0.0;0.0;0.0
0.29585353;0.0;0.3070265;0.0;0.24119744;0.0;0.20574689;0.0;0.17579372;0.0;0.17151146;0.0;0.011102858;0.0;0.10159226;0.0;0.11479141;0.0;0.5061;0.0;0.10909327;0.0;0.050066065;0.0;0.008703923;0.0;0.13339037;0.0;0.13014103;0.0;0.0;0.0;0.13225016;0.0;0.21359944;0.0;1.0;0.0;1.0;0.0;1.0;0.0;1.0;0.0;1.0;0.0;1.0;0.0;1.0;0.0;1.0;0.0;1.0;0.0;9.0;0.0;1.0;0.0;1.0;0.0;1.0;0.0;1.0;0.0;1.0;0.0;1.0;0.0;1.0;0.0;1.0;0.0;1.0;0.0;0.0;0.0;0.0
0.28585333;0.0;0.29664868;0.0;0.22886665;0.0;0.20658848;0.0;0.1765128;0.0;0.172213;0.0;0.03385941;0.0;0.10259664;0.0;0.12571129;0.0;0.51610017;0.0;0.119471096;0.0;0.048879053;0.0;0.026543591;0.0;0.1326713;0.0;0.12943949;0.0;0.0;0.0;0.118382156;0.0;0.07063638;0.0;1.0;0.0;1.0;0.0;1.0;0.0;1.0;0.0;1.0;0.0;1.0;0.0;1.0;0.0;1.0;0.0;1.0;0.0;9.0;0.0;1.0;0.0;1.0;0.0;1.0;0.0;1.0;0.0;1.0;0.0;1.0;0.0;1.0;0.0;1.0;0.0;1.0;0.0;0.0;0.0;0.0
0.2758532;0.0;0.28627086;0.0;0.21653588;0.0;0.13444589;0.0;0.17723186;0.0;0.0;0.0;0.05661596;0.0;0.10360104;0.0;0.13663118;0.0;0.52610034;0.0;0.12984893;0.0;0.04769204;0.0;0.044383258;0.0;0.13195223;0.0;0.12873793;0.0;0.0;0.0;0.104514144;0.0;0.06892099;0.0;1.0;0.0;1.0;0.0;1.0;0.0;1.0;0.0;1.0;0.0;1.0;0.0;1.0;0.0;1.0;0.0;1.0;0.0;9.0;0.0;1.0;0.0;1.0;0.0;1.0;0.0;1.0;0.0;1.0;0.0;1.0;0.0;1.0;0.0;1.0;0.0;1.0;0.0;0.0;0.0;0.0
0.265853;0.0;0.27589303;0.0;0.20420508;0.0;0.116606236;0.0;0.0;0.0;0.17361611;0.0;0.19210744;0.0;0.10460542;0.0;0.14755107;0.0;0.5361005;0.0;0.14022677;0.0;0.04650503;0.0;0.06222292;0.0;0.0;0.0;0.12803638;0.0;0.0;0.0;0.09064613;0.0;0.067205615;0.0;1.0;0.0;1.0;0.0;1.0;0.0;1.0;0.0;1.0;0.0;1.0;0.0;1.0;0.0;1.0;0.0;1.0;0.0;9.0;0.0;1.0;0.0;1.0;0.0;1.0;0.0;1.0;0.0;1.0;0.0;1.0;0.0;1.0;0.0;1.0;0.0;1.0;0.0;0.0;0.0;0.0
0.25585282;0.0;0.0;0.0;0.1918743;0.0;0.098766565;0.0;0.0;0.0;0.17431766;0.0;0.1928837;0.0;0.10560981;0.0;0.15847096;0.0;0.54610074;0.0;0.1506046;0.0;0.04531802;0.0;0.08006259;0.0;0.0;0.0;0.12733482;0.0;0.14089689;0.0;0.07677812;0.0;0.06549023;0.0;1.0;0.0;1.0;0.0;1.0;0.0;1.0;0.0;1.0;0.0;1.0;0.0;1.0;0.0;1.0;0.0;1.0;0.0;9.0;0.0;1.0;0.0;1.0;0.0;1.0;0.0;1.0;0.0;1.0;0.0;1.0;0.0;1.0;0.0;1.0;0.0;1.0;0.0;0.0;0.0;0.0
0.24585263;0.0;0.0;0.0;0.17954351;0.0;0.0809269;0.0;0.0;0.0;0.1750192;0.0;0.19365999;0.0;0.10661421;0.0;0.16939084;0.0;0.55610085;0.0;0.16098244;0.0;0.044131007;0.0;0.15191056;0.0;0.0;0.0;0.12663327;0.0;0.14012061;0.0;0.0629101;0.0;0.063774854;0.0;1.0;0.0;1.0;0.0;1.0;0.0;1.0;0.0;1.0;0.0;1.0;0.0;1.0;0.0;1.0;0.0;1.0;0.0;9.0;0.0;1.0;0.0;1.0;0.0;1.0;0.0;1.0;0.0;1.0;0.0;1.0;0.0;1.0;0.0;1.0;0.0;1.0;0.0;0.0;0.0;0.0
0.23585248;0.0;0.0;0.0;0.12718615;0.0;0.06308724;0.0;0.18010813;0.0;0.17572077;0.0;0.19443625;0.0;0.10761859;0.0;0.18031074;0.0;0.566101;0.0;0.17136028;0.0;0.042943995;0.0;0.15106896;0.0;0.12907596;0.0;0.12593172;0.0;0.13934435;0.0;0.049042094;0.0;0.062059473;0.0;1.0;0.0;1.0;0.0;1.0;0.0;1.0;0.0;1.0;0.0;1.0;0.0;1.0;0.0;1.0;0.0;1.0;0.0;9.0;0.0;1.0;0.0;1.0;0.0;1.0;0.0;1.0;0.0;1.0;0.0;1.0;0.0;1.0;0.0;1.0;0.0;1.0;0.0;0.0;0.0;0.0
0.2258523;0.0;0.0;0.0;0.12837318;0.0;0.045247573;0.0;0.1808272;0.0;0.17642231;0.0;0.19521251;0.0;0.10862298;0.0;0.19123062;0.0;0.5761012;0.0;0.18173811;0.0;0.09233166;0.0;0.15022738;0.0;0.12835689;0.0;0.12523016;0.0;0.13856807;0.0;0.17419042;0.0;0.06034409;0.0;1.0;0.0;1.0;0.0;1.0;0.0;1.0;0.0;1.0;0.0;1.0;0.0;1.0;0.0;1.0;0.0;1.0;0.0;9.0;0.0;1.0;0.0;1.0;0.0;1.0;0.0;1.0;0.0;1.0;0.0;1.0;0.0;1.0;0.0;1.0;0.0;1.0;0.0;0.0;0.0;0.0
0.21585211;0.0;0.0;0.0;0.12956019;0.0;0.21247959;0.0;0.18154626;0.0;0.17712387;0.0;0.1959888;0.0;0.11771027;0.0;0.20215051;0.0;0.5861014;0.0;0.19211595;0.0;0.10466244;0.0;0.0;0.0;0.12763783;0.0;0.0;0.0;0.1377918;0.0;0.1603224;0.0;0.058628708;0.0;1.0;0.0;1.0;0.0;1.0;0.0;1.0;0.0;1.0;0.0;1.0;0.0;1.0;0.0;1.0;0.0;1.0;0.0;9.0;0.0;1.0;0.0;1.0;0.0;1.0;0.0;1.0;0.0;1.0;0.0;1.0;0.0;1.0;0.0;1.0;0.0;1.0;0.0;0.0;0.0;0.0
0.20585194;0.0;0.0;0.0;0.1307472;0.0;0.21332118;0.0;0.18226533;0.0;0.17782542;0.0;0.0;0.0;0.13157828;0.0;0.2130704;0.0;0.5961016;0.0;0.20249379;0.0;0.116993226;0.0;0.0;0.0;0.12691876;0.0;0.12382706;0.0;0.01220539;0.0;0.14645438;0.0;0.056913327;0.0;1.0;0.0;1.0;0.0;1.0;0.0;1.0;0.0;1.0;0.0;1.0;0.0;1.0;0.0;1.0;0.0;1.0;0.0;9.0;0.0;1.0;0.0;1.0;0.0;1.0;0.0;1.0;0.0;1.0;0.0;1.0;0.0;1.0;0.0;1.0;0.0;1.0;0.0;0.0;0.0;0.0
0.19585177;0.0;0.0;0.0;0.13193421;0.0;0.21416278;0.0;0.1829844;0.0;0.17852697;0.0;0.010551153;0.0;0.14544629;0.0;0.22399029;0.0;0.60610175;0.0;0.21287163;0.0;0.12932402;0.0;0.008271422;0.0;0.12619969;0.0;0.123125516;0.0;0.0;0.0;0.13258637;0.0;0.055197947;0.0;1.0;0.0;1.0;0.0;1.0;0.0;1.0;0.0;1.0;0.0;1.0;0.0;1.0;0.0;1.0;0.0;1.0;0.0;9.0;0.0;1.0;0.0;1.0;0.0;1.0;0.0;1.0;0.0;1.0;0.0;1.0;0.0;1.0;0.0;1.0;0.0;1.0;0.0;0.0;0.0;0.0
0.1858516;0.0;0.0;0.0;0.13312122;0.0;0.15271807;0.0;0.18370347;0.0;0.17922851;0.0;0.033307705;0.0;0.1593143;0.0;0.23491018;0.0;0.6161019;0.0;0.22324947;0.0;0.1416548;0.0;0.026111087;0.0;0.12548062;0.0;0.12242397;0.0;0.0;0.0;0.11871836;0.0;0.05348257;0.0;1.0;0.0;1.0;0.0;1.0;0.0;1.0;0.0;1.0;0.0;1.0;0.0;1.0;0.0;1.0;0.0;1.0;0.0;9.0;0.0;1.0;0.0;1.0;0.0;1.0;0.0;1.0;0.0;1.0;0.0;1.0;0.0;1.0;0.0;1.0;0.0;1.0;0.0;0.0;0.0;0.0
0.17585142;0.0;0.0;0.0;0.13430823;0.0;0.1348784;0.0;0.18442252;0.0;0.0;0.0;0.056064256;0.0;0.17318231;0.0;0.24583006;0.0;0.6261021;0.0;0.23362729;0.0;0.15398559;0.0;0.043950755;0.0;0.12476156;0.0;0.121722415;0.0;0.0;0.0;0.10485035;0.0;0.05176718;0.0;1.0;0.0;1.0;0.0;1.0;0.0;1.0;0.0;1.0;0.0;1.0;0.0;1.0;0.0;1.0;0.0;1.0;0.0;9.0;0.0;1.0;0.0;1.0;0.0;1.0;0.0;1.0;0.0;1.0;0.0;1.0;0.0;1.0;0.0;1.0;0.0;1.0;0.0;0.0;0.0;0.0
0.16585125;0.0;0.17211467;0.0;0.13549525;0.0;0.11703874;0.0;0.0;0.0;0.18063162;0.0;0.07882081;0.0;0.18705033;0.0;0.25674996;0.0;0.63610226;0.0;0.24400513;0.0;0.16631638;0.0;0.061790425;0.0;0.0;0.0;0.12102087;0.0;0.0;0.0;0.09098234;0.0;0.18110453;0.0;1.0;0.0;1.0;0.0;1.0;0.0;1.0;0.0;1.0;0.0;1.0;0.0;1.0;0.0;1.0;0.0;1.0;0.0;9.0;0.0;1.0;0.0;1.0;0.0;1.0;0.0;1.0;0.0;1.0;0.0;1.0;0.0;1.0;0.0;1.0;0.0;1.0;0.0;0.0;0.0;0.0
0.15585107;0.0;0.16173683;0.0;0.13668226;0.0;0.09919907;0.0;0.0;0.0;0.18133317;0.0;0.20064643;0.0;0.20091835;0.0;0.26766986;0.0;0.6461024;0.0;0.25438297;0.0;0.17864716;0.0;0.07963009;0.0;0.0;0.0;0.12031932;0.0;0.13313417;0.0;0.07711433;0.0;0.17018464;0.0;1.0;0.0;1.0;0.0;1.0;0.0;1.0;0.0;1.0;0.0;1.0;0.0;1.0;0.0;1.0;0.0;1.0;0.0;9.0;0.0;1.0;0.0;1.0;0.0;1.0;0.0;1.0;0.0;1.0;0.0;1.0;0.0;1.0;0.0;1.0;0.0;1.0;0.0;0.0;0.0;0.0
0.1458509;0.0;0.15135899;0.0;0.17984246;0.0;0.0813594;0.0;0.0;0.0;0.18203472;0.0;0.20142269;0.0;0.21478637;0.0;0.27858973;0.0;0.6561026;0.0;0.2647608;0.0;0.19097795;0.0;0.14349467;0.0;0.0;0.0;0.11961776;0.0;0.1323579;0.0;0.063246325;0.0;0.15926476;0.0;1.0;0.0;1.0;0.0;1.0;0.0;1.0;0.0;1.0;0.0;1.0;0.0;1.0;0.0;1.0;0.0;1.0;0.0;9.0;0.0;1.0;0.0;1.0;0.0;1.0;0.0;1.0;0.0;1.0;0.0;1.0;0.0;1.0;0.0;1.0;0.0;1.0;0.0;0.0;0.0;0.0
0.13585071;0.0;0.14098117;0.0;0.16751167;0.0;0.06351974;0.0;0.1872988;0.0;0.18273628;0.0;0.20219895;0.0;0.22865435;0.0;0.28950962;0.0;0.66610277;0.0;0.27513865;0.0;0.07970192;0.0;0.14265308;0.0;0.121885285;0.0;0.11891621;0.0;0.13158163;0.0;0.04937831;0.0;0.14834486;0.0;1.0;0.0;1.0;0.0;1.0;0.0;1.0;0.0;1.0;0.0;1.0;0.0;1.0;0.0;1.0;0.0;1.0;0.0;9.0;0.0;1.0;0.0;1.0;0.0;1.0;0.0;1.0;0.0;1.0;0.0;1.0;0.0;1.0;0.0;1.0;0.0;0.0;0.0;0.0;1.0;0.0
0.13560238;0.0;0.14249393;0.0;0.13276002;0.0;0.06702869;0.0;0.18579529;0.0;0.18352124;0.0;0.20582788;0.0;0.22132993;0.0;0.28525108;0.0;0.6648852;0.0;0.059106;0.0;0.08182657;0.0;0.13945523;0.0;0.120906875;0.0;0.119427025;0.0;0.13394314;0.0;0.04779659;0.0;0.1461628;0.0;1.0;0.0;1.0;0.0;1.0;0.0;1.0;0.0;1.0;0.0;1.0;0.0;1.0;0.0;1.0;0.0;1.0;0.0;9.0;0.0;1.0;0.0;1.0;0.0;1.0;0.0;1.0;0.0;1.0;0.0;1.0;0.0;1.0;0.0;1.0;0.0;0.0;0.0;0.0;1.0;0.0
0.13551979;0.0;0.0;0.0;0.12715743;0.0;0.07103959;0.0;0.0;0.0;0.1845388;0.0;0.20984976;0.0;0.21471362;0.0;0.28145394;0.0;0.6644802;0.0;0.05340258;0.0;0.08417295;0.0;0.1365604;0.0;0.12008919;0.0;0.0;0.0;0.13656043;0.0;0.028414946;0.0;0.14421715;0.0;1.0;0.0;1.0;0.0;1.0;0.0;1.0;0.0;1.0;0.0;1.0;0.0;1.0;0.0;1.0;0.0;1.0;0.0;9.0;0.0;1.0;0.0;1.0;0.0;1.0;0.0;1.0;0.0;1.0;0.0;1.0;0.0;1.0;0.0;1.0;0.0;0.0;0.0;0.0;1.0;0.0
0.13560238;0.0;0.0;0.0;0.122151375;0.0;0.075659096;0.0;0.0;0.0;0.1857953;0.0;0.12167929;0.0;0.20872834;0.0;0.27809092;0.0;0.6648852;0.0;0.04875717;0.0;0.0867667;0.0;0.0;0.0;0.119427025;0.0;0.0;0.0;0.06702862;0.0;0.029666927;0.0;0.14249392;0.0;1.0;0.0;1.0;0.0;1.0;0.0;1.0;0.0;1.0;0.0;1.0;0.0;1.0;0.0;1.0;0.0;1.0;0.0;1.0;0.0;1.0;0.0;1.0;0.0;1.0;0.0;1.0;0.0;1.0;0.0;1.0;0.0;1.0;0.0;1.0;0.0;0.0;0.0;0.0;1.0;0.0
0.13585071;0.0;0.0;0.0;0.11766247;0.0;0.08102677;0.0;0.18273628;0.0;0.0;0.0;0.115309395;0.0;0.20330867;0.0;0.2751386;0.0;0.26512605;0.0;0.04490561;0.0;0.08963806;0.0;0.0;0.0;0.1189162;0.0;0.0;0.0;0.0635197;0.0;0.031073902;0.0;0.14098115;0.0;1.0;0.0;1.0;0.0;1.0;0.0;1.0;0.0;1.0;0.0;1.0;0.0;1.0;0.0;1.0;0.0;1.0;0.0;1.0;0.0;1.0;0.0;1.0;0.0;1.0;0.0;1.0;0.0;1.0;0.0;1.0;0.0;1.0;0.0;1.0;0.0;0.0;0.0;0.0;1.0;0.0
0.13626628;0.0;0.0;0.0;0.113625325;0.0;0.19893396;0.0;0.182179;0.0;0.0;0.0;0.10970025;0.0;0.1461665;0.0;0.27257687;0.0;0.26593703;0.0;0.18300103;0.0;0.09282293;0.0;0.0;0.0;0.11855356;0.0;0.0;0.0;0.060429852;0.0;0.032662746;0.0;0.13966854;0.0;1.0;0.0;1.0;0.0;1.0;0.0;1.0;0.0;1.0;0.0;1.0;0.0;1.0;0.0;1.0;0.0;1.0;0.0;1.0;0.0;1.0;0.0;1.0;0.0;1.0;0.0;1.0;0.0;1.0;0.0;1.0;0.0;1.0;0.0;1.0;0.0;0.0;0.0;0.0;1.0;0.0
0.13685162;0.0;0.0;0.0;0.109985575;0.0;0.19600774;0.0;0.181846;0.0;0.0;0.0;0.10473319;0.0;0.15424101;0.0;0.67932504;0.0;0.2670794;0.0;0.1862854;0.0;0.0963642;0.0;0.0;0.0;0.11833686;0.0;0.124350965;0.0;0.05769366;0.0;0.03446711;0.0;0.13854738;0.0;1.0;0.0;1.0;0.0;1.0;0.0;1.0;0.0;1.0;0.0;1.0;0.0;1.0;0.0;1.0;0.0;1.0;0.0;1.0;0.0;1.0;0.0;1.0;0.0;1.0;0.0;1.0;0.0;1.0;0.0;1.0;0.0;1.0;0.0;1.0;0.0;0.0;0.0;0.0;1.0;0.0
0.1376104;0.0;0.0;0.0;0.10669774;0.0;0.19339858;0.0;0.18173523;0.0;0.19339862;0.0;0.100313365;0.0;0.1634706;0.0;0.6747309;0.0;0.26856023;0.0;0.18992545;0.0;0.10031341;0.0;0.0;0.0;0.11826477;0.0;0.12585478;0.0;0.05525893;0.0;0.03652959;0.0;0.13761039;0.0;1.0;0.0;1.0;0.0;1.0;0.0;1.0;0.0;1.0;0.0;1.0;0.0;1.0;0.0;1.0;0.0;1.0;0.0;1.0;0.0;1.0;0.0;1.0;0.0;1.0;0.0;1.0;0.0;1.0;0.0;1.0;0.0;1.0;0.0;1.0;0.0;0.0;0.0;0.0;1.0;0.0
0.13854739;0.0;0.15980205;0.0;0.10372347;0.0;0.19108771;0.0;0.181846;0.0;0.1960078;0.0;0.09636413;0.0;0.17410064;0.0;0.6710104;0.0;0.2703889;0.0;0.19395158;0.0;0.10473327;0.0;0.0;0.0;0.11833686;0.0;0.1275527;0.0;0.053083457;0.0;0.038905;0.0;0.13685162;0.0;1.0;0.0;1.0;0.0;1.0;0.0;1.0;0.0;1.0;0.0;1.0;0.0;1.0;0.0;1.0;0.0;1.0;0.0;1.0;0.0;1.0;0.0;1.0;0.0;1.0;0.0;1.0;0.0;1.0;0.0;1.0;0.0;1.0;0.0;1.0;0.0;0.0;0.0;0.0;1.0;0.0
0.13966855;0.0;0.16346644;0.0;0.0604299;0.0;0.18905903;0.0;0.182179;0.0;0.198934;0.0;0.23677847;0.0;0.29426113;0.0;0.6681403;0.0;0.27257696;0.0;0.19839905;0.0;0.14618322;0.0;0.12303076;0.0;0.118553564;0.0;0.12945694;0.0;0.05113272;0.0;0.15077955;0.0;0.0;0.0;1.0;0.0;1.0;0.0;1.0;0.0;1.0;0.0;1.0;0.0;1.0;0.0;1.0;0.0;1.0;0.0;9.0;0.0;1.0;0.0;1.0;0.0;1.0;0.0;1.0;0.0;1.0;0.0;1.0;0.0;1.0;0.0;1.0;0.0;1.0;0.0;0.0;0.0;0.0;1.0;0.0
0.14098117;0.0;0.16751173;0.0;0.06351978;0.0;0.1872988;0.0;0.18273629;0.0;0.20219901;0.0;0.22865431;0.0;0.28950956;0.0;0.66610277;0.0;0.27513865;0.0;0.07970195;0.0;0.14265303;0.0;0.12188526;0.0;0.11891621;0.0;0.13158166;0.0;0.049378287;0.0;0.14834484;0.0;0.13585071;0.0;1.0;0.0;1.0;0.0;1.0;0.0;1.0;0.0;1.0;0.0;1.0;0.0;1.0;0.0;1.0;0.0;9.0;0.0;1.0;0.0;1.0;0.0;1.0;0.0;1.0;0.0;1.0;0.0;1.0;0.0;1.0;0.0;1.0;0.0;1.0;0.0;0.0;0.0;0.0;1.0;0.0
0.14249395;0.0;0.13275996;0.0;0.06702874;0.0;0.18579528;0.0;0.18352126;0.0;0.20582792;0.0;0.22132988;0.0;0.28525102;0.0;0.6648852;0.0;0.059105955;0.0;0.081826605;0.0;0.13945523;0.0;0.120906875;0.0;0.119427025;0.0;0.13394322;0.0;0.04779655;0.0;0.14616275;0.0;0.13560238;0.0;1.0;0.0;1.0;0.0;1.0;0.0;1.0;0.0;1.0;0.0;1.0;0.0;1.0;0.0;1.0;0.0;9.0;0.0;1.0;0.0;1.0;0.0;1.0;0.0;1.0;0.0;1.0;0.0;1.0;0.0;1.0;0.0;1.0;0.0;1.0;0.0;0.0;0.0;0.0;1.0;0.0
0.0;0.0;0.12715738;0.0;0.07103965;0.0;0.0;0.0;0.18453881;0.0;0.20984983;0.0;0.21471357;0.0;0.2814539;0.0;0.6644802;0.0;0.053402543;0.0;0.08417298;0.0;0.13656035;0.0;0.12008919;0.0;0.0;0.0;0.13656047;0.0;0.028414968;0.0;0.1442171;0.0;0.13551979;0.0;1.0;0.0;1.0;0.0;1.0;0.0;1.0;0.0;1.0;0.0;1.0;0.0;1.0;0.0;1.0;0.0;9.0;0.0;1.0;0.0;1.0;0.0;1.0;0.0;1.0;0.0;1.0;0.0;1.0;0.0;1.0;0.0;1.0;0.0;1.0;0.0;0.0;0.0;0.0;1.0;0.0
0.0;0.0;0.122151315;0.0;0.07565917;0.0;0.0;0.0;0.18579532;0.0;0.1216792;0.0;0.20872828;0.0;0.2780909;0.0;0.6648853;0.0;0.048757143;0.0;0.086766735;0.0;0.0;0.0;0.11942701;0.0;0.0;0.0;0.06702862;0.0;0.029666927;0.0;0.14249392;0.0;0.13560238;0.0;1.0;0.0;1.0;0.0;1.0;0.0;1.0;0.0;1.0;0.0;1.0;0.0;1.0;0.0;1.0;0.0;1.0;0.0;1.0;0.0;1.0;0.0;1.0;0.0;1.0;0.0;1.0;0.0;1.0;0.0;1.0;0.0;1.0;0.0;1.0;0.0;0.0;0.0;0.0;1.0;0.0
0.0;0.0;0.117662415;0.0;0.08102685;0.0;0.18273626;0.0;0.0;0.0;0.11530931;0.0;0.20330866;0.0;0.27513856;0.0;0.26512605;0.0;0.044905584;0.0;0.0896381;0.0;0.0;0.0;0.1189162;0.0;0.0;0.0;0.06351966;0.0;0.031073922;0.0;0.14098112;0.0;0.13585071;0.0;1.0;0.0;1.0;0.0;1.0;0.0;1.0;0.0;1.0;0.0;1.0;0.0;1.0;0.0;1.0;0.0;1.0;0.0;1.0;0.0;1.0;0.0;1.0;0.0;1.0;0.0;1.0;0.0;1.0;0.0;1.0;0.0;1.0;0.0;1.0;0.0;0.0;0.0;0.0;1.0;0.0
0.0;0.0;0.11362527;0.0;0.19893391;0.0;0.182179;0.0;0.0;0.0;0.10970019;0.0;0.14616655;0.0;0.27257687;0.0;0.26593706;0.0;0.18300106;0.0;0.092822984;0.0;0.0;0.0;0.11855356;0.0;0.0;0.0;0.060429774;0.0;0.032662794;0.0;0.13966851;0.0;0.13626628;0.0;1.0;0.0;1.0;0.0;1.0;0.0;1.0;0.0;1.0;0.0;1.0;0.0;1.0;0.0;1.0;0.0;1.0;0.0;1.0;0.0;1.0;0.0;1.0;0.0;1.0;0.0;1.0;0.0;1.0;0.0;1.0;0.0;1.0;0.0;1.0;0.0;0.0;0.0;0.0;1.0;0.0
0.0;0.0;0.109985545;0.0;0.1960077;0.0;0.181846;0.0;0.0;0.0;0.104733124;0.0;0.15424106;0.0;0.679325;0.0;0.2670794;0.0;0.18628542;0.0;0.09636425;0.0;0.0;0.0;0.11833686;0.0;0.124350965;0.0;0.05769363;0.0;0.03446714;0.0;0.13854735;0.0;0.13685164;0.0;1.0;0.0;1.0;0.0;1.0;0.0;1.0;0.0;1.0;0.0;1.0;0.0;1.0;0.0;1.0;0.0;1.0;0.0;1.0;0.0;1.0;0.0;1.0;0.0;1.0;0.0;1.0;0.0;1.0;0.0;1.0;0.0;1.0;0.0;1.0;0.0;0.0;0.0;0.0;1.0;0.0
0.0;0.0;0.1066977;0.0;0.19339855;0.0;0.18173523;0.0;0.19339864;0.0;0.100313306;0.0;0.16347066;0.0;0.6747308;0.0;0.2685603;0.0;0.18992546;0.0;0.10031353;0.0;0.0;0.0;0.11826477;0.0;0.12585478;0.0;0.05525893;0.0;0.03652959;0.0;0.13761039;0.0;0.1376104;0.0;1.0;0.0;1.0;0.0;1.0;0.0;1.0;0.0;1.0;0.0;1.0;0.0;1.0;0.0;1.0;0.0;1.0;0.0;1.0;0.0;1.0;0.0;1.0;0.0;1.0;0.0;1.0;0.0;1.0;0.0;1.0;0.0;1.0;0.0;1.0;0.0;0.0;0.0;0.0;1.0;0.0
0.15980208;0.0;0.103723444;0.0;0.1910877;0.0;0.18184601;0.0;0.19600782;0.0;0.09636408;0.0;0.17410073;0.0;0.6710104;0.0;0.2703889;0.0;0.19395159;0.0;0.10473333;0.0;0.0;0.0;0.11833687;0.0;0.1275527;0.0;0.05308343;0.0;0.038905032;0.0;0.1368516;0.0;0.1385474;0.0;1.0;0.0;1.0;0.0;1.0;0.0;1.0;0.0;1.0;0.0;1.0;0.0;1.0;0.0;1.0;0.0;1.0;0.0;1.0;0.0;1.0;0.0;1.0;0.0;1.0;0.0;1.0;0.0;1.0;0.0;1.0;0.0;1.0;0.0;1.0;0.0;0.0;0.0;0.0;1.0;0.0
0.16346648;0.0;0.06042994;0.0;0.189059;0.0;0.182179;0.0;0.19893405;0.0;0.23677838;0.0;0.2942611;0.0;0.6681403;0.0;0.27257696;0.0;0.1983991;0.0;0.14618322;0.0;0.12303076;0.0;0.118553564;0.0;0.12945694;0.0;0.05113267;0.0;0.15077949;0.0;0.0;0.0;0.13966858;0.0;1.0;0.0;1.0;0.0;1.0;0.0;1.0;0.0;1.0;0.0;1.0;0.0;1.0;0.0;9.0;0.0;1.0;0.0;1.0;0.0;1.0;0.0;1.0;0.0;1.0;0.0;1.0;0.0;1.0;0.0;1.0;0.0;1.0;0.0;1.0;0.0;0.0;0.0;0.0;1.0;0.0
0.16751176;0.0;0.06351982;0.0;0.18729877;0.0;0.1827363;0.0;0.20219906;0.0;0.22865422;0.0;0.28950953;0.0;0.66610277;0.0;0.27513868;0.0;0.07970197;0.0;0.14265299;0.0;0.121885255;0.0;0.11891621;0.0;0.13158166;0.0;0.049378265;0.0;0.1483448;0.0;0.1358507;0.0;0.1409812;0.0;1.0;0.0;1.0;0.0;1.0;0.0;1.0;0.0;1.0;0.0;1.0;0.0;1.0;0.0;9.0;0.0;1.0;0.0;1.0;0.0;1.0;0.0;1.0;0.0;1.0;0.0;1.0;0.0;1.0;0.0;1.0;0.0;1.0;0.0;1.0;0.0;0.0;0.0;0.0;1.0;0.0
0.13275988;0.0;0.067028776;0.0;0.18579526;0.0;0.18352127;0.0;0.20582795;0.0;0.22132978;0.0;0.285251;0.0;0.6648852;0.0;0.059105873;0.0;0.08182661;0.0;0.13945515;0.0;0.120906845;0.0;0.11942704;0.0;0.13394322;0.0;0.04779655;0.0;0.14616275;0.0;0.13560238;0.0;0.14249398;0.0;1.0;0.0;1.0;0.0;1.0;0.0;1.0;0.0;1.0;0.0;1.0;0.0;1.0;0.0;9.0;0.0;1.0;0.0;1.0;0.0;1.0;0.0;1.0;0.0;1.0;0.0;1.0;0.0;1.0;0.0;1.0;0.0;1.0;0.0;1.0;0.0;0.0;0.0;0.0;1.0;0.0
0.12715732;0.0;0.07103969;0.0;0.0;0.0;0.18453881;0.0;0.20984988;0.0;0.2147135;0.0;0.28145388;0.0;0.6644802;0.0;0.053402476;0.0;0.084173;0.0;0.1365603;0.0;0.12008917;0.0;0.0;0.0;0.13656047;0.0;0.028414983;0.0;0.14421709;0.0;0.13551979;0.0;0.0;0.0;1.0;0.0;1.0;0.0;1.0;0.0;1.0;0.0;1.0;0.0;1.0;0.0;1.0;0.0;9.0;0.0;1.0;0.0;1.0;0.0;1.0;0.0;1.0;0.0;1.0;0.0;1.0;0.0;1.0;0.0;1.0;0.0;1.0;0.0;1.0;0.0;0.0;0.0;0.0;1.0;0.0
0.12215127;0.0;0.075659215;0.0;0.0;0.0;0.18579534;0.0;0.12167914;0.0;0.20872822;0.0;0.2780909;0.0;0.6648853;0.0;0.048757084;0.0;0.08676675;0.0;0.0;0.0;0.11942701;0.0;0.0;0.0;0.06702862;0.0;0.029666964;0.0;0.14249387;0.0;0.1356024;0.0;0.0;0.0;1.0;0.0;1.0;0.0;1.0;0.0;1.0;0.0;1.0;0.0;1.0;0.0;1.0;0.0;1.0;0.0;1.0;0.0;1.0;0.0;1.0;0.0;1.0;0.0;1.0;0.0;1.0;0.0;1.0;0.0;1.0;0.0;1.0;0.0;1.0;0.0;0.0;0.0;0.0;1.0;0.0
0.117662385;0.0;0.08102691;0.0;0.18273626;0.0;0.0;0.0;0.11530924;0.0;0.20330855;0.0;0.27513853;0.0;0.26512605;0.0;0.044905536;0.0;0.08963812;0.0;0.0;0.0;0.11891619;0.0;0.0;0.0;0.06351966;0.0;0.031073939;0.0;0.14098111;0.0;0.13585073;0.0;0.0;0.0;1.0;0.0;1.0;0.0;1.0;0.0;1.0;0.0;1.0;0.0;1.0;0.0;1.0;0.0;1.0;0.0;1.0;0.0;1.0;0.0;1.0;0.0;1.0;0.0;1.0;0.0;1.0;0.0;1.0;0.0;1.0;0.0;1.0;0.0;1.0;0.0;0.0;0.0;0.0;1.0;0.0
0.11362524;0.0;0.19893388;0.0;0.182179;0.0;0.0;0.0;0.10970016;0.0;0.14616665;0.0;0.27257684;0.0;0.26593706;0.0;0.1830011;0.0;0.092823006;0.0;0.0;0.0;0.11855356;0.0;0.0;0.0;0.060429774;0.0;0.032662794;0.0;0.13966851;0.0;0.13626628;0.0;0.0;0.0;1.0;0.0;1.0;0.0;1.0;0.0;1.0;0.0;1.0;0.0;1.0;0.0;1.0;0.0;1.0;0.0;1.0;0.0;1.0;0.0;1.0;0.0;1.0;0.0;1.0;0.0;1.0;0.0;1.0;0.0;1.0;0.0;1.0;0.0;1.0;0.0;0.0;0.0;0.0;1.0;0.0
0.10998551;0.0;0.19600768;0.0;0.181846;0.0;0.0;0.0;0.104733065;0.0;0.15424119;0.0;0.679325;0.0;0.26707947;0.0;0.18628547;0.0;0.096364275;0.0;0.0;0.0;0.11833686;0.0;0.12435098;0.0;0.05769363;0.0;0.034467157;0.0;0.13854735;0.0;0.13685164;0.0;0.0;0.0;1.0;0.0;1.0;0.0;1.0;0.0;1.0;0.0;1.0;0.0;1.0;0.0;1.0;0.0;1.0;0.0;1.0;0.0;1.0;0.0;1.0;0.0;1.0;0.0;1.0;0.0;1.0;0.0;1.0;0.0;1.0;0.0;1.0;0.0;1.0;0.0;0.0;0.0;0.0;1.0;0.0
0.10669768;0.0;0.19339852;0.0;0.18173523;0.0;0.19339867;0.0;0.10031328;0.0;0.16347077;0.0;0.6747307;0.0;0.2685603;0.0;0.18992552;0.0;0.10031353;0.0;0.0;0.0;0.11826477;0.0;0.12585478;0.0;0.05525893;0.0;0.036529653;0.0;0.13761036;0.0;0.13761044;0.0;0.0;0.0;1.0;0.0;1.0;0.0;1.0;0.0;1.0;0.0;1.0;0.0;1.0;0.0;1.0;0.0;1.0;0.0;1.0;0.0;1.0;0.0;1.0;0.0;1.0;0.0;1.0;0.0;1.0;0.0;1.0;0.0;1.0;0.0;1.0;0.0;1.0;0.0;0.0;0.0;0.0;1.0;0.0
0.10372343;0.0;0.19108768;0.0;0.18184601;0.0;0.19600783;0.0;0.09636408;0.0;0.17410079;0.0;0.6710104;0.0;0.2703889;0.0;0.19395164;0.0;0.10473333;0.0;0.0;0.0;0.11833687;0.0;0.1275527;0.0;0.053083457;0.0;0.038905066;0.0;0.13685158;0.0;0.13854742;0.0;0.15980214;0.0;1.0;0.0;1.0;0.0;1.0;0.0;1.0;0.0;1.0;0.0;1.0;0.0;1.0;0.0;1.0;0.0;1.0;0.0;1.0;0.0;1.0;0.0;1.0;0.0;1.0;0.0;1.0;0.0;1.0;0.0;1.0;0.0;1.0;0.0;1.0;0.0;0.0;0.0;0.0;1.0;0.0
0.060429923;0.0;0.18905902;0.0;0.182179;0.0;0.19893403;0.0;0.23677841;0.0;0.2942611;0.0;0.6681403;0.0;0.27257696;0.0;0.1983991;0.0;0.14618322;0.0;0.12303076;0.0;0.118553564;0.0;0.12945694;0.0;0.05113272;0.0;0.15077949;0.0;0.0;0.0;0.13966858;0.0;0.16346653;0.0;1.0;0.0;1.0;0.0;1.0;0.0;1.0;0.0;1.0;0.0;1.0;0.0;9.0;0.0;1.0;0.0;1.0;0.0;1.0;0.0;1.0;0.0;1.0;0.0;1.0;0.0;1.0;0.0;1.0;0.0;1.0;0.0;1.0;0.0;1.0;0.0;0.0;0.0;0.0;1.0;0.0
0.06351979;0.0;0.18729879;0.0;0.18273629;0.0;0.20219901;0.0;0.22865431;0.0;0.28950956;0.0;0.66610277;0.0;0.27513868;0.0;0.07970195;0.0;0.14265303;0.0;0.12188526;0.0;0.11891621;0.0;0.13158163;0.0;0.04937831;0.0;0.1483448;0.0;0.1358507;0.0;0.1409812;0.0;0.16751179;0.0;1.0;0.0;1.0;0.0;1.0;0.0;1.0;0.0;1.0;0.0;1.0;0.0;9.0;0.0;1.0;0.0;1.0;0.0;1.0;0.0;1.0;0.0;1.0;0.0;1.0;0.0;1.0;0.0;1.0;0.0;1.0;0.0;1.0;0.0;1.0;0.0;0.0;0.0;0.0;1.0;0.0
0.06702871;0.0;0.18579528;0.0;0.18352124;0.0;0.2058279;0.0;0.22132993;0.0;0.28525105;0.0;0.6648852;0.0;0.059105955;0.0;0.08182658;0.0;0.13945523;0.0;0.120906875;0.0;0.119427025;0.0;0.13394314;0.0;0.04779659;0.0;0.14616275;0.0;0.13560238;0.0;0.14249398;0.0;0.1327599;0.0;1.0;0.0;1.0;0.0;1.0;0.0;1.0;0.0;1.0;0.0;1.0;0.0;9.0;0.0;1.0;0.0;1.0;0.0;1.0;0.0;1.0;0.0;1.0;0.0;1.0;0.0;1.0;0.0;1.0;0.0;1.0;0.0;1.0;0.0;1.0;0.0;0.0;0.0;0.0;1.0;0.0
0.07103959;0.0;0.0;0.0;0.1845388;0.0;0.20984976;0.0;0.21471366;0.0;0.28145394;0.0;0.6644802;0.0;0.05340258;0.0;0.08417295;0.0;0.1365604;0.0;0.12008919;0.0;0.0;0.0;0.1365604;0.0;0.028414931;0.0;0.1442171;0.0;0.13551979;0.0;0.0;0.0;0.12715736;0.0;1.0;0.0;1.0;0.0;1.0;0.0;1.0;0.0;1.0;0.0;1.0;0.0;9.0;0.0;1.0;0.0;1.0;0.0;1.0;0.0;1.0;0.0;1.0;0.0;1.0;0.0;1.0;0.0;1.0;0.0;1.0;0.0;1.0;0.0;1.0;0.0;0.0;0.0;0.0;1.0;0.0
0.07565906;0.0;0.0;0.0;0.18579529;0.0;0.12167933;0.0;0.20872843;0.0;0.27809095;0.0;0.6648852;0.0;0.0487572;0.0;0.08676668;0.0;0.0;0.0;0.119427025;0.0;0.0;0.0;0.067028716;0.0;0.029666891;0.0;0.14249392;0.0;0.13560238;0.0;0.0;0.0;0.12215134;0.0;1.0;0.0;1.0;0.0;1.0;0.0;1.0;0.0;1.0;0.0;1.0;0.0;1.0;0.0;1.0;0.0;1.0;0.0;1.0;0.0;1.0;0.0;1.0;0.0;1.0;0.0;1.0;0.0;1.0;0.0;1.0;0.0;1.0;0.0;1.0;0.0;0.0;0.0;0.0;1.0;0.0
0.08102669;0.0;0.18273629;0.0;0.0;0.0;0.11530949;0.0;0.20330878;0.0;0.27513865;0.0;0.26512605;0.0;0.044905655;0.0;0.08963802;0.0;0.0;0.0;0.11891621;0.0;0.0;0.0;0.06351979;0.0;0.031073859;0.0;0.14098115;0.0;0.13585071;0.0;0.0;0.0;0.11766247;0.0;1.0;0.0;1.0;0.0;1.0;0.0;1.0;0.0;1.0;0.0;1.0;0.0;1.0;0.0;1.0;0.0;1.0;0.0;1.0;0.0;1.0;0.0;1.0;0.0;1.0;0.0;1.0;0.0;1.0;0.0;1.0;0.0;1.0;0.0;1.0;0.0;1.0;0.0;0.0;0.0;0.0
0.071026385;0.0;0.17369898;0.0;0.17803583;0.0;0.12314908;0.0;0.20872752;0.0;0.27969915;0.0;0.6704973;0.0;0.06700303;0.0;0.09573229;0.0;0.0;0.0;0.12795353;0.0;0.13114823;0.0;0.055680186;0.0;0.04636482;0.0;0.13642064;0.0;0.13145617;0.0;0.0;0.0;0.10472401;0.0;1.0;0.0;1.0;0.0;1.0;0.0;1.0;0.0;1.0;0.0;1.0;0.0;1.0;0.0;1.0;0.0;1.0;0.0;1.0;0.0;1.0;0.0;1.0;0.0;1.0;0.0;1.0;0.0;1.0;0.0;1.0;0.0;1.0;0.0;1.0;0.0;1.0;0.0;0.0;0.0;0.0
0.061026074;0.0;0.0;0.0;0.16877288;0.0;0.13098869;0.0;0.21414626;0.0;0.28425968;0.0;0.6748919;0.0;0.089100406;0.0;0.10182655;0.0;0.0;0.0;0.13699085;0.0;0.14041118;0.0;0.047840577;0.0;0.06165578;0.0;0.1318601;0.0;0.1270616;0.0;0.0;0.0;0.09178556;0.0;1.0;0.0;1.0;0.0;1.0;0.0;1.0;0.0;1.0;0.0;1.0;0.0;1.0;0.0;1.0;0.0;1.0;0.0;1.0;0.0;1.0;0.0;1.0;0.0;1.0;0.0;1.0;0.0;1.0;0.0;1.0;0.0;1.0;0.0;1.0;0.0;1.0;0.0;0.0;0.0;0.0
0.051025767;0.0;0.0;0.0;0.15950993;0.0;0.18668848;0.0;0.21956499;0.0;0.28882018;0.0;0.6792864;0.0;0.11119777;0.0;0.107920825;0.0;0.0;0.0;0.14602816;0.0;0.14967415;0.0;0.040000968;0.0;0.07694674;0.0;0.0;0.0;0.12266705;0.0;0.0;0.0;0.078847095;0.0;1.0;0.0;1.0;0.0;1.0;0.0;1.0;0.0;1.0;0.0;1.0;0.0;1.0;0.0;1.0;0.0;1.0;0.0;1.0;0.0;1.0;0.0;1.0;0.0;1.0;0.0;1.0;0.0;1.0;0.0;1.0;0.0;1.0;0.0;1.0;0.0;1.0;0.0;0.0;0.0;0.0
0.041025456;0.0;0.0;0.0;0.15024696;0.0;0.17584723;0.0;0.22498374;0.0;0.29338068;0.0;0.0;0.0;0.13329515;0.0;0.11401509;0.0;0.0;0.0;0.15506548;0.0;0.1589371;0.0;0.03216136;0.0;0.092237696;0.0;0.0;0.0;0.1182725;0.0;0.12915;0.0;0.06590864;0.0;1.0;0.0;1.0;0.0;1.0;0.0;1.0;0.0;1.0;0.0;1.0;0.0;9.0;0.0;1.0;0.0;1.0;0.0;1.0;0.0;1.0;0.0;1.0;0.0;1.0;0.0;1.0;0.0;1.0;0.0;1.0;0.0;1.0;0.0;1.0;0.0;0.0;0.0;0.0;1.0;0.0
0.1595805;0.0;0.14614;0.0;0.15165898;0.0;0.18019886;0.0;0.21955058;0.0;0.29064918;0.0;0.6857723;0.0;0.12367611;0.0;0.11806606;0.0;0.0;0.0;0.15459259;0.0;0.16043079;0.0;0.0305969;0.0;0.14231497;0.0;0.0;0.0;0.11863428;0.0;0.13126966;0.0;0.063647255;0.0;1.0;0.0;1.0;0.0;1.0;0.0;1.0;0.0;1.0;0.0;1.0;0.0;1.0;0.0;1.0;0.0;1.0;0.0;1.0;0.0;1.0;0.0;1.0;0.0;1.0;0.0;1.0;0.0;1.0;0.0;1.0;0.0;1.0;0.0;1.0;0.0;0.0;0.0;0.0;1.0;0.0
0.15723315;0.0;0.14587286;0.0;0.15328634;0.0;0.13321556;0.0;0.21462898;0.0;0.28831607;0.0;0.6887181;0.0;0.11548315;0.0;0.12257032;0.0;0.0;0.0;0.15431002;0.0;0.16215226;0.0;0.068801045;0.0;0.13912472;0.0;0.120620236;0.0;0.11914388;0.0;0.13362558;0.0;0.061608456;0.0;1.0;0.0;1.0;0.0;1.0;0.0;1.0;0.0;1.0;0.0;1.0;0.0;1.0;0.0;1.0;0.0;1.0;0.0;1.0;0.0;1.0;0.0;1.0;0.0;1.0;0.0;1.0;0.0;1.0;0.0;1.0;0.0;1.0;0.0;1.0;0.0;0.0;0.0;0.0;1.0;0.0
0.15514013;0.0;0.14578399;0.0;0.0;0.0;0.12759379;0.0;0.21017364;0.0;0.2863662;0.0;0.2863661;0.0;0.21017344;0.0;0.12759352;0.0;0.0;0.0;0.154216;0.0;0.16411318;0.0;0.0707739;0.0;0.13623673;0.0;0.11980449;0.0;0.11980449;0.0;0.13623661;0.0;0.059766788;0.0;1.0;0.0;1.0;0.0;1.0;0.0;1.0;0.0;1.0;0.0;1.0;0.0;1.0;0.0;1.0;0.0;1.0;0.0;1.0;0.0;1.0;0.0;1.0;0.0;1.0;0.0;1.0;0.0;1.0;0.0;1.0;0.0;1.0;0.0;1.0;0.0;0.0;0.0;0.0;1.0;0.0
0.15328643;0.0;0.14587286;0.0;0.0;0.0;0.12257055;0.0;0.20614555;0.0;0.28478718;0.0;0.28831595;0.0;0.21462877;0.0;0.13321526;0.0;0.0;0.0;0.15431;0.0;0.16632724;0.0;0.072954744;0.0;0.13362569;0.0;0.1191439;0.0;0.0;0.0;0.1391246;0.0;0.029211467;0.0;1.0;0.0;1.0;0.0;1.0;0.0;1.0;0.0;1.0;0.0;1.0;0.0;1.0;0.0;1.0;0.0;1.0;0.0;1.0;0.0;1.0;0.0;1.0;0.0;1.0;0.0;1.0;0.0;1.0;0.0;1.0;0.0;1.0;0.0;1.0;0.0;0.0;0.0;0.0;1.0;0.0
0.15165907;0.0;0.14613998;0.0;0.0;0.0;0.118066266;0.0;0.10444087;0.0;0.6857724;0.0;0.29064903;0.0;0.21955033;0.0;0.13953307;0.0;0.16043088;0.0;0.15459257;0.0;0.16881034;0.0;0.07536901;0.0;0.13126977;0.0;0.1186343;0.0;0.0;0.0;0.081875235;0.0;0.030596834;0.0;1.0;0.0;1.0;0.0;1.0;0.0;1.0;0.0;1.0;0.0;1.0;0.0;1.0;0.0;1.0;0.0;1.0;0.0;1.0;0.0;1.0;0.0;1.0;0.0;1.0;0.0;1.0;0.0;1.0;0.0;1.0;0.0;1.0;0.0;1.0;0.0;0.0;0.0;0.0;1.0;0.0
0.15024702;0.0;0.14658698;0.0;0.0;0.0;0.11401528;0.0;0.112563826;0.0;0.68368113;0.0;0.29338056;0.0;0.22498345;0.0;0.18601829;0.0;0.15893717;0.0;0.0;0.0;0.041025624;0.0;0.078046866;0.0;0.0;0.0;0.1182725;0.0;0.0;0.0;0.07789249;0.0;0.032161284;0.0;1.0;0.0;1.0;0.0;1.0;0.0;1.0;0.0;1.0;0.0;1.0;0.0;1.0;0.0;1.0;0.0;1.0;0.0;1.0;0.0;1.0;0.0;1.0;0.0;1.0;0.0;1.0;0.0;1.0;0.0;1.0;0.0;1.0;0.0;1.0;0.0;0.0;0.0;0.0;1.0;0.0
0.14904097;0.0;0.14721666;0.0;0.0;0.0;0.11036305;0.0;0.12221833;0.0;0.68243134;0.0;0.2965286;0.0;0.23098084;0.0;0.18184836;0.0;0.15766133;0.0;0.15573153;0.0;0.03830786;0.0;0.08102438;0.0;0.0;0.0;0.11805631;0.0;0.0;0.0;0.07436565;0.0;0.033937912;0.0;1.0;0.0;1.0;0.0;1.0;0.0;1.0;0.0;1.0;0.0;9.0;0.0;1.0;0.0;1.0;0.0;1.0;0.0;1.0;0.0;1.0;0.0;1.0;0.0;1.0;0.0;1.0;0.0;1.0;0.0;1.0;0.0;1.0;0.0;1.0;0.0;0.0;0.0;0.0;1.0;0.0
0.148033;0.0;0.1480329;0.0;0.16833667;0.0;0.10706395;0.0;0.30011496;0.0;0.6820156;0.0;0.30011454;0.0;0.23760417;0.0;0.1780735;0.0;0.15659508;0.0;0.15659498;0.0;0.035968907;0.0;0.08434492;0.0;0.0;0.0;0.11798439;0.0;0.0;0.0;0.07122737;0.0;0.03596869;0.0;1.0;0.0;1.0;0.0;1.0;0.0;1.0;0.0;1.0;0.0;9.0;0.0;1.0;0.0;1.0;0.0;1.0;0.0;1.0;0.0;1.0;0.0;1.0;0.0;1.0;0.0;1.0;0.0;1.0;0.0;1.0;0.0;1.0;0.0;1.0;0.0;0.0;0.0;0.0;1.0;0.0
0.14721675;0.0;0.14904083;0.0;0.17190513;0.0;0.2309815;0.0;0.296529;0.0;0.6824313;0.0;0.14472857;0.0;0.11036269;0.0;0.0;0.0;0.15573162;0.0;0.15766121;0.0;0.033938102;0.0;0.08806113;0.0;0.0;0.0;0.1180563;0.0;0.1272502;0.0;0.06842323;0.0;0.03830761;0.0;1.0;0.0;1.0;0.0;1.0;0.0;1.0;0.0;1.0;0.0;9.0;0.0;1.0;0.0;1.0;0.0;1.0;0.0;1.0;0.0;1.0;0.0;1.0;0.0;1.0;0.0;1.0;0.0;1.0;0.0;1.0;0.0;1.0;0.0;1.0;0.0;0.0;0.0;0.0;1.0;0.0
0.0;0.0;0.15024689;0.0;0.17584702;0.0;0.22498405;0.0;0.2933809;0.0;0.0;0.0;0.13329579;0.0;0.11401488;0.0;0.0;0.0;0.1550655;0.0;0.15893702;0.0;0.03216145;0.0;0.09223746;0.0;0.0;0.0;0.11827248;0.0;0.1291499;0.0;0.065908775;0.0;0.041025333;0.0;1.0;0.0;1.0;0.0;1.0;0.0;1.0;0.0;1.0;0.0;9.0;0.0;1.0;0.0;1.0;0.0;1.0;0.0;1.0;0.0;1.0;0.0;1.0;0.0;1.0;0.0;1.0;0.0;1.0;0.0;1.0;0.0;1.0;0.0;1.0;0.0;0.0;0.0;0.0;1.0;0.0
0.14614001;0.0;0.1516589;0.0;0.18019861;0.0;0.21955088;0.0;0.29064932;0.0;0.6857722;0.0;0.12367666;0.0;0.118065834;0.0;0.0;0.0;0.1545926;0.0;0.1604307;0.0;0.03059698;0.0;0.14231515;0.0;0.0;0.0;0.11863426;0.0;0.13126954;0.0;0.06364737;0.0;0.1595806;0.0;1.0;0.0;1.0;0.0;1.0;0.0;1.0;0.0;1.0;0.0;1.0;0.0;1.0;0.0;1.0;0.0;1.0;0.0;1.0;0.0;1.0;0.0;1.0;0.0;1.0;0.0;1.0;0.0;1.0;0.0;1.0;0.0;1.0;0.0;1.0;0.0;0.0;0.0;0.0;1.0;0.0
0.14587288;0.0;0.15328623;0.0;0.13321587;0.0;0.21462925;0.0;0.2883162;0.0;0.68871796;0.0;0.11548363;0.0;0.12257006;0.0;0.0;0.0;0.15431002;0.0;0.16215216;0.0;0.06880095;0.0;0.1391249;0.0;0.12062031;0.0;0.11914386;0.0;0.13362543;0.0;0.061608564;0.0;0.15723325;0.0;1.0;0.0;1.0;0.0;1.0;0.0;1.0;0.0;1.0;0.0;1.0;0.0;1.0;0.0;1.0;0.0;1.0;0.0;1.0;0.0;1.0;0.0;1.0;0.0;1.0;0.0;1.0;0.0;1.0;0.0;1.0;0.0;1.0;0.0;1.0;0.0;0.0;0.0;0.0;1.0;0.0
0.14578399;0.0;0.0;0.0;0.12759407;0.0;0.21017388;0.0;0.28636628;0.0;0.28636602;0.0;0.21017317;0.0;0.12759323;0.0;0.0;0.0;0.154216;0.0;0.16411307;0.0;0.070773795;0.0;0.13623688;0.0;0.11980456;0.0;0.11980444;0.0;0.13623646;0.0;0.05976688;0.0;0.15514024;0.0;1.0;0.0;1.0;0.0;1.0;0.0;1.0;0.0;1.0;0.0;1.0;0.0;1.0;0.0;1.0;0.0;1.0;0.0;1.0;0.0;1.0;0.0;1.0;0.0;1.0;0.0;1.0;0.0;1.0;0.0;1.0;0.0;1.0;0.0;1.0;0.0;0.0;0.0;0.0;1.0;0.0
0.14587285;0.0;0.0;0.0;0.12257081;0.0;0.20614576;0.0;0.28478727;0.0;0.28831583;0.0;0.21462849;0.0;0.13321494;0.0;0.0;0.0;0.15430999;0.0;0.1663271;0.0;0.07295462;0.0;0.13362582;0.0;0.11914394;0.0;0.0;0.0;0.13912442;0.0;0.029211396;0.0;0.15328649;0.0;1.0;0.0;1.0;0.0;1.0;0.0;1.0;0.0;1.0;0.0;1.0;0.0;1.0;0.0;1.0;0.0;1.0;0.0;1.0;0.0;1.0;0.0;1.0;0.0;1.0;0.0;1.0;0.0;1.0;0.0;1.0;0.0;1.0;0.0;1.0;0.0;0.0;0.0;0.0;1.0;0.0
0.14613995;0.0;0.0;0.0;0.118066505;0.0;0.104440466;0.0;0.68577254;0.0;0.29064888;0.0;0.21955001;0.0;0.1395327;0.0;0.16043097;0.0;0.15459254;0.0;0.16881019;0.0;0.07536887;0.0;0.13126989;0.0;0.11863433;0.0;0.0;0.0;0.08187547;0.0;0.030596754;0.0;0.15165913;0.0;1.0;0.0;1.0;0.0;1.0;0.0;1.0;0.0;1.0;0.0;1.0;0.0;1.0;0.0;1.0;0.0;1.0;0.0;1.0;0.0;1.0;0.0;1.0;0.0;1.0;0.0;1.0;0.0;1.0;0.0;1.0;0.0;1.0;0.0;1.0;0.0;0.0;0.0;0.0;1.0;0.0
0.14658695;0.0;0.0;0.0;0.1140155;0.0;0.11256335;0.0;0.6836812;0.0;0.29338038;0.0;0.2249831;0.0;0.18601853;0.0;0.15893725;0.0;0.0;0.0;0.041025784;0.0;0.07804671;0.0;0.0;0.0;0.11827253;0.0;0.0;0.0;0.0778927;0.0;0.03216119;0.0;0.15024708;0.0;1.0;0.0;1.0;0.0;1.0;0.0;1.0;0.0;1.0;0.0;1.0;0.0;1.0;0.0;1.0;0.0;1.0;0.0;1.0;0.0;1.0;0.0;1.0;0.0;1.0;0.0;1.0;0.0;1.0;0.0;1.0;0.0;1.0;0.0;1.0;0.0;0.0;0.0;0.0;1.0;0.0
0.14721662;0.0;0.0;0.0;0.110363245;0.0;0.12221775;0.0;0.6824314;0.0;0.2965284;0.0;0.23098044;0.0;0.18184857;0.0;0.15766141;0.0;0.15573148;0.0;0.038308;0.0;0.08102421;0.0;0.0;0.0;0.11805632;0.0;0.0;0.0;0.07436583;0.0;0.033937808;0.0;0.149041;0.0;1.0;0.0;1.0;0.0;1.0;0.0;1.0;0.0;9.0;0.0;1.0;0.0;1.0;0.0;1.0;0.0;1.0;0.0;1.0;0.0;1.0;0.0;1.0;0.0;1.0;0.0;1.0;0.0;1.0;0.0;1.0;0.0;1.0;0.0;1.0;0.0;0.0;0.0;0.0;1.0;0.0
0.14803284;0.0;0.16833647;0.0;0.10706411;0.0;0.30011517;0.0;0.6820156;0.0;0.30011433;0.0;0.23760374;0.0;0.17807367;0.0;0.15659514;0.0;0.15659492;0.0;0.035969026;0.0;0.08434473;0.0;0.0;0.0;0.11798439;0.0;0.0;0.0;0.071227536;0.0;0.035968572;0.0;0.14803305;0.0;1.0;0.0;1.0;0.0;1.0;0.0;1.0;0.0;9.0;0.0;1.0;0.0;1.0;0.0;1.0;0.0;1.0;0.0;1.0;0.0;1.0;0.0;1.0;0.0;1.0;0.0;1.0;0.0;1.0;0.0;1.0;0.0;1.0;0.0;1.0;0.0;0.0;0.0;0.0;1.0;0.0
0.14904077;0.0;0.17190489;0.0;0.23098186;0.0;0.29652914;0.0;0.6824312;0.0;0.14472927;0.0;0.110362485;0.0;0.0;0.0;0.15573165;0.0;0.15766114;0.0;0.033938203;0.0;0.088060915;0.0;0.0;0.0;0.11805628;0.0;0.12725009;0.0;0.068423375;0.0;0.038307477;0.0;0.14721677;0.0;1.0;0.0;1.0;0.0;1.0;0.0;1.0;0.0;9.0;0.0;1.0;0.0;1.0;0.0;1.0;0.0;1.0;0.0;1.0;0.0;1.0;0.0;1.0;0.0;1.0;0.0;1.0;0.0;1.0;0.0;1.0;0.0;1.0;0.0;1.0;0.0;0.0;0.0;0.0;1.0;0.0
0.15024681;0.0;0.17584674;0.0;0.22498436;0.0;0.29338104;0.0;0.0;0.0;0.13329636;0.0;0.11401465;0.0;0.0;0.0;0.15506554;0.0;0.15893695;0.0;0.03216154;0.0;0.09223722;0.0;0.0;0.0;0.11827246;0.0;0.12914978;0.0;0.0659089;0.0;0.041025173;0.0;0.0;0.0;1.0;0.0;1.0;0.0;1.0;0.0;1.0;0.0;9.0;0.0;1.0;0.0;1.0;0.0;1.0;0.0;1.0;0.0;1.0;0.0;1.0;0.0;1.0;0.0;1.0;0.0;1.0;0.0;1.0;0.0;1.0;0.0;1.0;0.0;1.0;0.0;0.0;0.0;0.0;1.0;0.0
0.1516588;0.0;0.18019834;0.0;0.21955116;0.0;0.29064947;0.0;0.685772;0.0;0.12367715;0.0;0.11806556;0.0;0.0;0.0;0.15459263;0.0;0.16043061;0.0;0.03059706;0.0;0.14231533;0.0;0.0;0.0;0.118634224;0.0;0.13126943;0.0;0.063647486;0.0;0.15958074;0.0;0.14614002;0.0;1.0;0.0;1.0;0.0;1.0;0.0;1.0;0.0;1.0;0.0;1.0;0.0;1.0;0.0;1.0;0.0;1.0;0.0;1.0;0.0;1.0;0.0;1.0;0.0;1.0;0.0;1.0;0.0;1.0;0.0;1.0;0.0;1.0;0.0;1.0;0.0;0.0;0.0;0.0;1.0;0.0
0.15328613;0.0;0.13321625;0.0;0.2146295;0.0;0.2883163;0.0;0.6887177;0.0;0.11548404;0.0;0.12256976;0.0;0.0;0.0;0.15431003;0.0;0.16215205;0.0;0.068800844;0.0;0.13912506;0.0;0.120620355;0.0;0.11914381;0.0;0.1336253;0.0;0.061608672;0.0;0.15723337;0.0;0.14587288;0.0;1.0;0.0;1.0;0.0;1.0;0.0;1.0;0.0;1.0;0.0;1.0;0.0;1.0;0.0;1.0;0.0;1.0;0.0;1.0;0.0;1.0;0.0;1.0;0.0;1.0;0.0;1.0;0.0;1.0;0.0;1.0;0.0;1.0;0.0;1.0;0.0;0.0;0.0;0.0;1.0;0.0
0.0;0.0;0.12759438;0.0;0.21017411;0.0;0.2863664;0.0;0.2863659;0.0;0.21017294;0.0;0.12759294;0.0;0.0;0.0;0.154216;0.0;0.16411296;0.0;0.070773676;0.0;0.13623703;0.0;0.1198046;0.0;0.11980438;0.0;0.1362363;0.0;0.059766978;0.0;0.15514034;0.0;0.14578399;0.0;1.0;0.0;1.0;0.0;1.0;0.0;1.0;0.0;1.0;0.0;1.0;0.0;1.0;0.0;1.0;0.0;1.0;0.0;1.0;0.0;1.0;0.0;1.0;0.0;1.0;0.0;1.0;0.0;1.0;0.0;1.0;0.0;1.0;0.0;1.0;0.0;0.0;0.0;0.0;1.0;0.0
0.0;0.0;0.12257111;0.0;0.20614597;0.0;0.28478736;0.0;0.28831568;0.0;0.21462822;0.0;0.13321462;0.0;0.0;0.0;0.15430997;0.0;0.16632698;0.0;0.07295449;0.0;0.13362595;0.0;0.11914398;0.0;0.0;0.0;0.13912426;0.0;0.029211324;0.0;0.15328659;0.0;0.14587285;0.0;1.0;0.0;1.0;0.0;1.0;0.0;1.0;0.0;1.0;0.0;1.0;0.0;1.0;0.0;1.0;0.0;1.0;0.0;1.0;0.0;1.0;0.0;1.0;0.0;1.0;0.0;1.0;0.0;1.0;0.0;1.0;0.0;1.0;0.0;1.0;0.0;0.0;0.0;0.0;1.0;0.0
0.0;0.0;0.118066765;0.0;0.104440056;0.0;0.6857728;0.0;0.29064876;0.0;0.21954973;0.0;0.13953233;0.0;0.16043106;0.0;0.15459253;0.0;0.16881004;0.0;0.075368725;0.0;0.13127;0.0;0.11863436;0.0;0.0;0.0;0.0818757;0.0;0.030596673;0.0;0.15165922;0.0;0.14613995;0.0;1.0;0.0;1.0;0.0;1.0;0.0;1.0;0.0;1.0;0.0;1.0;0.0;1.0;0.0;1.0;0.0;1.0;0.0;1.0;0.0;1.0;0.0;1.0;0.0;1.0;0.0;1.0;0.0;1.0;0.0;1.0;0.0;1.0;0.0;1.0;0.0;0.0;0.0;0.0;1.0;0.0
0.0;0.0;0.114015736;0.0;0.11256286;0.0;0.6836813;0.0;0.2933802;0.0;0.22498278;0.0;0.18601875;0.0;0.15893732;0.0;0.0;0.0;0.041025944;0.0;0.07804655;0.0;0.0;0.0;0.11827254;0.0;0.0;0.0;0.0778929;0.0;0.0321611;0.0;0.15024716;0.0;0.14658694;0.0;1.0;0.0;1.0;0.0;1.0;0.0;1.0;0.0;1.0;0.0;1.0;0.0;1.0;0.0;1.0;0.0;1.0;0.0;1.0;0.0;1.0;0.0;1.0;0.0;1.0;0.0;1.0;0.0;1.0;0.0;1.0;0.0;1.0;0.0;1.0;0.0;0.0;0.0;0.0;1.0;0.0
0.0;0.0;0.11036347;0.0;0.12221718;0.0;0.68243146;0.0;0.29652822;0.0;0.23098011;0.0;0.1818488;0.0;0.15766147;0.0;0.15573145;0.0;0.038308136;0.0;0.081024036;0.0;0.0;0.0;0.118056335;0.0;0.0;0.0;0.07436602;0.0;0.033937708;0.0;0.14904106;0.0;0.14721659;0.0;1.0;0.0;1.0;0.0;1.0;0.0;9.0;0.0;1.0;0.0;1.0;0.0;1.0;0.0;1.0;0.0;1.0;0.0;1.0;0.0;1.0;0.0;1.0;0.0;1.0;0.0;1.0;0.0;1.0;0.0;1.0;0.0;1.0;0.0;1.0;0.0;0.0;0.0;0.0;1.0;0.0
0.16833629;0.0;0.10706431;0.0;0.30011538;0.0;0.6820156;0.0;0.3001141;0.0;0.23760335;0.0;0.17807388;0.0;0.1565952;0.0;0.15659487;0.0;0.035969146;0.0;0.084344536;0.0;0.0;0.0;0.11798439;0.0;0.0;0.0;0.07122769;0.0;0.03596845;0.0;0.14803308;0.0;0.14803281;0.0;1.0;0.0;1.0;0.0;1.0;0.0;9.0;0.0;1.0;0.0;1.0;0.0;1.0;0.0;1.0;0.0;1.0;0.0;1.0;0.0;1.0;0.0;1.0;0.0;1.0;0.0;1.0;0.0;1.0;0.0;1.0;0.0;1.0;0.0;1.0;0.0;0.0;0.0;0.0;1.0;0.0
0.17190468;0.0;0.23098223;0.0;0.29652935;0.0;0.68243116;0.0;0.14473005;0.0;0.110362306;0.0;0.0;0.0;0.15573171;0.0;0.15766108;0.0;0.03393831;0.0;0.0880607;0.0;0.0;0.0;0.11805628;0.0;0.12724994;0.0;0.068423524;0.0;0.038307335;0.0;0.14721683;0.0;0.14904073;0.0;1.0;0.0;1.0;0.0;1.0;0.0;9.0;0.0;1.0;0.0;1.0;0.0;1.0;0.0;1.0;0.0;1.0;0.0;1.0;0.0;1.0;0.0;1.0;0.0;1.0;0.0;1.0;0.0;1.0;0.0;1.0;0.0;1.0;0.0;1.0;0.0;0.0;0.0;0.0;1.0;0.0
0.17584652;0.0;0.22498472;0.0;0.2933812;0.0;0.0;0.0;0.133297;0.0;0.11401443;0.0;0.0;0.0;0.15506557;0.0;0.15893687;0.0;0.03216163;0.0;0.09223698;0.0;0.0;0.0;0.118272446;0.0;0.12914962;0.0;0.065909036;0.0;0.04102501;0.0;0.0;0.0;0.15024675;0.0;1.0;0.0;1.0;0.0;1.0;0.0;9.0;0.0;1.0;0.0;1.0;0.0;1.0;0.0;1.0;0.0;1.0;0.0;1.0;0.0;1.0;0.0;1.0;0.0;1.0;0.0;1.0;0.0;1.0;0.0;1.0;0.0;1.0;0.0;1.0;0.0;0.0;0.0;0.0;1.0;0.0
0.18019807;0.0;0.21955147;0.0;0.2906496;0.0;0.6857719;0.0;0.123677686;0.0;0.118065335;0.0;0.0;0.0;0.15459266;0.0;0.16043054;0.0;0.030597141;0.0;0.1423155;0.0;0.0;0.0;0.1186342;0.0;0.13126923;0.0;0.0636476;0.0;0.15958087;0.0;0.14614004;0.0;0.15165874;0.0;1.0;0.0;1.0;0.0;1.0;0.0;1.0;0.0;1.0;0.0;1.0;0.0;1.0;0.0;1.0;0.0;1.0;0.0;1.0;0.0;1.0;0.0;1.0;0.0;1.0;0.0;1.0;0.0;1.0;0.0;1.0;0.0;1.0;0.0;1.0;0.0;0.0;0.0;0.0;1.0;0.0
0.13321657;0.0;0.2146298;0.0;0.2883164;0.0;0.6887175;0.0;0.1154845;0.0;0.1225695;0.0;0.0;0.0;0.15431003;0.0;0.16215196;0.0;0.06880074;0.0;0.13912523;0.0;0.12062041;0.0;0.11914377;0.0;0.13362509;0.0;0.06160878;0.0;0.15723349;0.0;0.14587289;0.0;0.15328605;0.0;1.0;0.0;1.0;0.0;1.0;0.0;1.0;0.0;1.0;0.0;1.0;0.0;1.0;0.0;1.0;0.0;1.0;0.0;1.0;0.0;1.0;0.0;1.0;0.0;1.0;0.0;1.0;0.0;1.0;0.0;1.0;0.0;1.0;0.0;1.0;0.0;0.0;0.0;0.0;1.0;0.0
0.12759468;0.0;0.21017437;0.0;0.2863665;0.0;0.2863658;0.0;0.21017268;0.0;0.12759265;0.0;0.0;0.0;0.154216;0.0;0.16411284;0.0;0.070773564;0.0;0.13623717;0.0;0.119804636;0.0;0.11980434;0.0;0.13623609;0.0;0.059767075;0.0;0.15514044;0.0;0.14578399;0.0;0.0;0.0;1.0;0.0;1.0;0.0;1.0;0.0;1.0;0.0;1.0;0.0;1.0;0.0;1.0;0.0;1.0;0.0;1.0;0.0;1.0;0.0;1.0;0.0;1.0;0.0;1.0;0.0;1.0;0.0;1.0;0.0;1.0;0.0;1.0;0.0;1.0;0.0;0.0;0.0;0.0;1.0;0.0
0.12257137;0.0;0.20614621;0.0;0.28478742;0.0;0.2883156;0.0;0.21462794;0.0;0.1332143;0.0;0.0;0.0;0.15430996;0.0;0.16632685;0.0;0.07295437;0.0;0.13362609;0.0;0.11914401;0.0;0.0;0.0;0.139124;0.0;0.029211253;0.0;0.15328668;0.0;0.14587282;0.0;0.0;0.0;1.0;0.0;1.0;0.0;1.0;0.0;1.0;0.0;1.0;0.0;1.0;0.0;1.0;0.0;1.0;0.0;1.0;0.0;1.0;0.0;1.0;0.0;1.0;0.0;1.0;0.0;1.0;0.0;1.0;0.0;1.0;0.0;1.0;0.0;1.0;0.0;0.0;0.0;0.0;1.0;0.0
0.11806699;0.0;0.104439594;0.0;0.68577284;0.0;0.2906486;0.0;0.21954942;0.0;0.13953196;0.0;0.16043115;0.0;0.1545925;0.0;0.1688099;0.0;0.07536859;0.0;0.13127014;0.0;0.118634365;0.0;0.0;0.0;0.08187605;0.0;0.030596593;0.0;0.1516593;0.0;0.14613992;0.0;0.0;0.0;1.0;0.0;1.0;0.0;1.0;0.0;1.0;0.0;1.0;0.0;1.0;0.0;1.0;0.0;1.0;0.0;1.0;0.0;1.0;0.0;1.0;0.0;1.0;0.0;1.0;0.0;1.0;0.0;1.0;0.0;1.0;0.0;1.0;0.0;1.0;0.0;0.0;0.0;0.0;1.0;0.0
0.11401594;0.0;0.11256231;0.0;0.68368137;0.0;0.29338005;0.0;0.22498243;0.0;0.186019;0.0;0.1589374;0.0;0.0;0.0;0.041026104;0.0;0.078046404;0.0;0.0;0.0;0.11827256;0.0;0.0;0.0;0.07789321;0.0;0.03216101;0.0;0.15024723;0.0;0.14658691;0.0;0.0;0.0;1.0;0.0;1.0;0.0;1.0;0.0;1.0;0.0;1.0;0.0;1.0;0.0;1.0;0.0;1.0;0.0;1.0;0.0;1.0;0.0;1.0;0.0;1.0;0.0;1.0;0.0;1.0;0.0;1.0;0.0;1.0;0.0;1.0;0.0;1.0;0.0;0.0;0.0;0.0;1.0;0.0
0.11036365;0.0;0.12221652;0.0;0.6824315;0.0;0.29652804;0.0;0.23097973;0.0;0.18184902;0.0;0.15766153;0.0;0.15573141;0.0;0.03830827;0.0;0.081023864;0.0;0.0;0.0;0.11805634;0.0;0.0;0.0;0.07436629;0.0;0.033937603;0.0;0.14904112;0.0;0.14721654;0.0;0.0;0.0;1.0;0.0;1.0;0.0;9.0;0.0;1.0;0.0;1.0;0.0;1.0;0.0;1.0;0.0;1.0;0.0;1.0;0.0;1.0;0.0;1.0;0.0;1.0;0.0;1.0;0.0;1.0;0.0;1.0;0.0;1.0;0.0;1.0;0.0;1.0;0.0;0.0;0.0;0.0;1.0;0.0
0.107064486;0.0;0.30011562;0.0;0.6820156;0.0;0.3001139;0.0;0.23760292;0.0;0.17807408;0.0;0.15659525;0.0;0.15659483;0.0;0.03596926;0.0;0.08434434;0.0;0.0;0.0;0.11798439;0.0;0.0;0.0;0.07122794;0.0;0.035968333;0.0;0.14803314;0.0;0.14803275;0.0;0.16833614;0.0;1.0;0.0;1.0;0.0;9.0;0.0;1.0;0.0;1.0;0.0;1.0;0.0;1.0;0.0;1.0;0.0;1.0;0.0;1.0;0.0;1.0;0.0;1.0;0.0;1.0;0.0;1.0;0.0;1.0;0.0;1.0;0.0;1.0;0.0;1.0;0.0;0.0;0.0;0.0;1.0;0.0
0.23098259;0.0;0.29652956;0.0;0.68243116;0.0;0.14473072;0.0;0.11036209;0.0;0.0;0.0;0.15573175;0.0;0.15766102;0.0;0.033938415;0.0;0.08806048;0.0;0.0;0.0;0.118056275;0.0;0.12724985;0.0;0.06842373;0.0;0.038307197;0.0;0.14721686;0.0;0.14904067;0.0;0.17190452;0.0;1.0;0.0;1.0;0.0;9.0;0.0;1.0;0.0;1.0;0.0;1.0;0.0;1.0;0.0;1.0;0.0;1.0;0.0;1.0;0.0;1.0;0.0;1.0;0.0;1.0;0.0;1.0;0.0;1.0;0.0;1.0;0.0;1.0;0.0;1.0;0.0;0.0;0.0;0.0;1.0;0.0
0.22498503;0.0;0.2933814;0.0;0.0;0.0;0.13329758;0.0;0.11401419;0.0;0.0;0.0;0.1550656;0.0;0.1589368;0.0;0.03216172;0.0;0.09223674;0.0;0.0;0.0;0.118272424;0.0;0.12914951;0.0;0.06590923;0.0;0.04102485;0.0;0.0;0.0;0.1502467;0.0;0.17584634;0.0;1.0;0.0;1.0;0.0;9.0;0.0;1.0;0.0;1.0;0.0;1.0;0.0;1.0;0.0;1.0;0.0;1.0;0.0;1.0;0.0;1.0;0.0;1.0;0.0;1.0;0.0;1.0;0.0;1.0;0.0;1.0;0.0;1.0;0.0;1.0;0.0;0.0;0.0;0.0;1.0;0.0
0.21955176;0.0;0.29064974;0.0;0.68577176;0.0;0.12367817;0.0;0.118065074;0.0;0.0;0.0;0.15459266;0.0;0.16043045;0.0;0.030597221;0.0;0.14231569;0.0;0.0;0.0;0.11863418;0.0;0.13126911;0.0;0.06364778;0.0;0.159581;0.0;0.14614007;0.0;0.15165867;0.0;0.18019788;0.0;1.0;0.0;1.0;0.0;1.0;0.0;1.0;0.0;1.0;0.0;1.0;0.0;1.0;0.0;1.0;0.0;1.0;0.0;1.0;0.0;1.0;0.0;1.0;0.0;1.0;0.0;1.0;0.0;1.0;0.0;1.0;0.0;1.0;0.0;1.0;0.0;0.0;0.0;0.0;1.0;0.0
0.21463004;0.0;0.28831655;0.0;0.68871737;0.0;0.115484916;0.0;0.122569226;0.0;0.0;0.0;0.15431005;0.0;0.16215186;0.0;0.068800636;0.0;0.13912539;0.0;0.12062045;0.0;0.11914374;0.0;0.13362496;0.0;0.061608933;0.0;0.15723361;0.0;0.1458729;0.0;0.15328595;0.0;0.13321683;0.0;1.0;0.0;1.0;0.0;1.0;0.0;1.0;0.0;1.0;0.0;1.0;0.0;1.0;0.0;1.0;0.0;1.0;0.0;1.0;0.0;1.0;0.0;1.0;0.0;1.0;0.0;1.0;0.0;1.0;0.0;1.0;0.0;1.0;0.0;1.0;0.0;0.0;0.0;0.0;1.0;0.0
0.2101746;0.0;0.2863666;0.0;0.2863657;0.0;0.21017246;0.0;0.1275923;0.0;0.0;0.0;0.154216;0.0;0.16411272;0.0;0.070773445;0.0;0.13623732;0.0;0.119804665;0.0;0.1198043;0.0;0.13623592;0.0;0.059767216;0.0;0.15514055;0.0;0.14578399;0.0;0.0;0.0;0.12759492;0.0;1.0;0.0;1.0;0.0;1.0;0.0;1.0;0.0;1.0;0.0;1.0;0.0;1.0;0.0;1.0;0.0;1.0;0.0;1.0;0.0;1.0;0.0;1.0;0.0;1.0;0.0;1.0;0.0;1.0;0.0;1.0;0.0;1.0;0.0;1.0;0.0;0.0;0.0;0.0;1.0;0.0
0.20614643;0.0;0.2847875;0.0;0.28831547;0.0;0.21462767;0.0;0.13321388;0.0;0.0;0.0;0.15430996;0.0;0.16632673;0.0;0.072954245;0.0;0.13362622;0.0;0.119144045;0.0;0.0;0.0;0.13912384;0.0;0.029211145;0.0;0.15328678;0.0;0.1458728;0.0;0.0;0.0;0.12257157;0.0;1.0;0.0;1.0;0.0;1.0;0.0;1.0;0.0;1.0;0.0;1.0;0.0;1.0;0.0;1.0;0.0;1.0;0.0;1.0;0.0;1.0;0.0;1.0;0.0;1.0;0.0;1.0;0.0;1.0;0.0;1.0;0.0;1.0;0.0;1.0;0.0;0.0;0.0;0.0;1.0;0.0
0.104439184;0.0;0.685773;0.0;0.29064846;0.0;0.21954913;0.0;0.13953151;0.0;0.16043124;0.0;0.15459248;0.0;0.16880976;0.0;0.07536845;0.0;0.13127026;0.0;0.1186344;0.0;0.0;0.0;0.08187627;0.0;0.030596476;0.0;0.15165938;0.0;0.14613989;0.0;0.0;0.0;0.11806718;0.0;1.0;0.0;1.0;0.0;1.0;0.0;1.0;0.0;1.0;0.0;1.0;0.0;1.0;0.0;1.0;0.0;1.0;0.0;1.0;0.0;1.0;0.0;1.0;0.0;1.0;0.0;1.0;0.0;1.0;0.0;1.0;0.0;1.0;0.0;1.0;0.0;0.0;0.0;0.0;1.0;0.0
0.11256184;0.0;0.6836815;0.0;0.2933799;0.0;0.22498211;0.0;0.1860193;0.0;0.15893748;0.0;0.0;0.0;0.041026264;0.0;0.07804625;0.0;0.0;0.0;0.11827258;0.0;0.0;0.0;0.07789342;0.0;0.032160874;0.0;0.1502473;0.0;0.14658688;0.0;0.0;0.0;0.1140161;0.0;1.0;0.0;1.0;0.0;1.0;0.0;1.0;0.0;1.0;0.0;1.0;0.0;1.0;0.0;1.0;0.0;1.0;0.0;1.0;0.0;1.0;0.0;1.0;0.0;1.0;0.0;1.0;0.0;1.0;0.0;1.0;0.0;1.0;0.0;1.0;0.0;0.0;0.0;0.0;1.0;0.0
0.12221595;0.0;0.6824316;0.0;0.29652783;0.0;0.2309794;0.0;0.18184927;0.0;0.15766159;0.0;0.15573137;0.0;0.03830841;0.0;0.08102369;0.0;0.0;0.0;0.11805634;0.0;0.0;0.0;0.074366465;0.0;0.033937447;0.0;0.14904119;0.0;0.14721651;0.0;0.0;0.0;0.110363804;0.0;1.0;0.0;9.0;0.0;1.0;0.0;1.0;0.0;1.0;0.0;1.0;0.0;1.0;0.0;1.0;0.0;1.0;0.0;1.0;0.0;1.0;0.0;1.0;0.0;1.0;0.0;1.0;0.0;1.0;0.0;1.0;0.0;1.0;0.0;1.0;0.0;0.0;0.0;0.0;1.0;0.0
0.3001158;0.0;0.6820156;0.0;0.30011368;0.0;0.23760255;0.0;0.17807433;0.0;0.15659529;0.0;0.15659478;0.0;0.03596938;0.0;0.084344156;0.0;0.0;0.0;0.11798439;0.0;0.0;0.0;0.0712281;0.0;0.035968155;0.0;0.14803319;0.0;0.14803271;0.0;0.16833596;0.0;0.10706462;0.0;1.0;0.0;9.0;0.0;1.0;0.0;1.0;0.0;1.0;0.0;1.0;0.0;1.0;0.0;1.0;0.0;1.0;0.0;1.0;0.0;1.0;0.0;1.0;0.0;1.0;0.0;1.0;0.0;1.0;0.0;1.0;0.0;1.0;0.0;1.0;0.0;0.0;0.0;0.0;1.0;0.0
0.29652974;0.0;0.6824311;0.0;0.1447314;0.0;0.11036189;0.0;0.0;0.0;0.15573178;0.0;0.15766095;0.0;0.033938516;0.0;0.088060275;0.0;0.0;0.0;0.11805626;0.0;0.12724975;0.0;0.06842388;0.0;0.038306993;0.0;0.14721689;0.0;0.14904061;0.0;0.17190431;0.0;0.23098285;0.0;1.0;0.0;9.0;0.0;1.0;0.0;1.0;0.0;1.0;0.0;1.0;0.0;1.0;0.0;1.0;0.0;1.0;0.0;1.0;0.0;1.0;0.0;1.0;0.0;1.0;0.0;1.0;0.0;1.0;0.0;1.0;0.0;1.0;0.0;1.0;0.0;0.0;0.0;0.0;1.0;0.0
0.29338154;0.0;0.0;0.0;0.13329814;0.0;0.11401399;0.0;0.0;0.0;0.15506563;0.0;0.15893672;0.0;0.03216181;0.0;0.0922365;0.0;0.0;0.0;0.11827241;0.0;0.1291494;0.0;0.06590936;0.0;0.04102461;0.0;0.0;0.0;0.1502466;0.0;0.17584613;0.0;0.22498527;0.0;1.0;0.0;9.0;0.0;1.0;0.0;1.0;0.0;1.0;0.0;1.0;0.0;1.0;0.0;1.0;0.0;1.0;0.0;1.0;0.0;1.0;0.0;1.0;0.0;1.0;0.0;1.0;0.0;1.0;0.0;1.0;0.0;1.0;0.0;1.0;0.0;0.0;0.0;0.0;1.0;0.0
0.2906499;0.0;0.6857716;0.0;0.12367865;0.0;0.118064836;0.0;0.0;0.0;0.1545927;0.0;0.16043036;0.0;0.030597305;0.0;0.14231588;0.0;0.0;0.0;0.11863415;0.0;0.131269;0.0;0.063647896;0.0;0.15958121;0.0;0.14614008;0.0;0.15165858;0.0;0.18019764;0.0;0.21955197;0.0;1.0;0.0;1.0;0.0;1.0;0.0;1.0;0.0;1.0;0.0;1.0;0.0;1.0;0.0;1.0;0.0;1.0;0.0;1.0;0.0;1.0;0.0;1.0;0.0;1.0;0.0;1.0;0.0;1.0;0.0;1.0;0.0;1.0;0.0;1.0;0.0;0.0;0.0;0.0;1.0;0.0
0.28831667;0.0;0.6887171;0.0;0.11548533;0.0;0.122568965;0.0;0.0;0.0;0.15431006;0.0;0.16215175;0.0;0.06880054;0.0;0.13912556;0.0;0.120620504;0.0;0.11914371;0.0;0.13362482;0.0;0.06160904;0.0;0.15723379;0.0;0.1458729;0.0;0.15328586;0.0;0.13321716;0.0;0.21463025;0.0;1.0;0.0;1.0;0.0;1.0;0.0;1.0;0.0;1.0;0.0;1.0;0.0;1.0;0.0;1.0;0.0;1.0;0.0;1.0;0.0;1.0;0.0;1.0;0.0;1.0;0.0;1.0;0.0;1.0;0.0;1.0;0.0;1.0;0.0;1.0;0.0;0.0;0.0;0.0;1.0;0.0
0.2863667;0.0;0.2863656;0.0;0.21017222;0.0;0.127592;0.0;0.0;0.0;0.154216;0.0;0.1641126;0.0;0.07077333;0.0;0.13623747;0.0;0.11980472;0.0;0.11980426;0.0;0.13623577;0.0;0.059767313;0.0;0.15514071;0.0;0.14578399;0.0;0.0;0.0;0.12759522;0.0;0.21017477;0.0;1.0;0.0;1.0;0.0;1.0;0.0;1.0;0.0;1.0;0.0;1.0;0.0;1.0;0.0;1.0;0.0;1.0;0.0;1.0;0.0;1.0;0.0;1.0;0.0;1.0;0.0;1.0;0.0;1.0;0.0;1.0;0.0;1.0;0.0;1.0;0.0;0.0;0.0;0.0;1.0;0.0
0.2847876;0.0;0.28831533;0.0;0.21462741;0.0;0.13321355;0.0;0.0;0.0;0.15430996;0.0;0.1663266;0.0;0.07295412;0.0;0.13362636;0.0;0.11914407;0.0;0.0;0.0;0.13912368;0.0;0.029211074;0.0;0.15328693;0.0;0.1458728;0.0;0.0;0.0;0.12257184;0.0;0.2061466;0.0;1.0;0.0;1.0;0.0;1.0;0.0;1.0;0.0;1.0;0.0;1.0;0.0;1.0;0.0;1.0;0.0;1.0;0.0;1.0;0.0;1.0;0.0;1.0;0.0;1.0;0.0;1.0;0.0;1.0;0.0;1.0;0.0;1.0;0.0;1.0;0.0;0.0;0.0;0.0;1.0;0.0
0.68577313;0.0;0.2906483;0.0;0.21954885;0.0;0.13953114;0.0;0.16043134;0.0;0.15459247;0.0;0.16880962;0.0;0.07536831;0.0;0.13127038;0.0;0.118634425;0.0;0.0;0.0;0.08187651;0.0;0.030596396;0.0;0.15165952;0.0;0.14613988;0.0;0.0;0.0;0.118067406;0.0;0.10443886;0.0;1.0;0.0;1.0;0.0;1.0;0.0;1.0;0.0;1.0;0.0;1.0;0.0;1.0;0.0;1.0;0.0;1.0;0.0;1.0;0.0;1.0;0.0;1.0;0.0;1.0;0.0;1.0;0.0;1.0;0.0;1.0;0.0;1.0;0.0;1.0;0.0;0.0;0.0;0.0;1.0;0.0
0.6836816;0.0;0.29337972;0.0;0.22498181;0.0;0.18601955;0.0;0.15893757;0.0;0.0;0.0;0.041026425;0.0;0.0780461;0.0;0.0;0.0;0.11827259;0.0;0.0;0.0;0.07789362;0.0;0.03216078;0.0;0.15024741;0.0;0.14658687;0.0;0.0;0.0;0.11401632;0.0;0.11256145;0.0;1.0;0.0;1.0;0.0;1.0;0.0;1.0;0.0;1.0;0.0;1.0;0.0;1.0;0.0;1.0;0.0;1.0;0.0;1.0;0.0;1.0;0.0;1.0;0.0;1.0;0.0;1.0;0.0;1.0;0.0;1.0;0.0;1.0;0.0;1.0;0.0;0.0;0.0;0.0;1.0;0.0
0.6824316;0.0;0.29652765;0.0;0.23097904;0.0;0.18184951;0.0;0.15766168;0.0;0.15573132;0.0;0.038308546;0.0;0.08102352;0.0;0.0;0.0;0.11805636;0.0;0.0;0.0;0.07436665;0.0;0.033937342;0.0;0.14904127;0.0;0.14721647;0.0;0.0;0.0;0.11036398;0.0;0.12221551;0.0;9.0;0.0;1.0;0.0;1.0;0.0;1.0;0.0;1.0;0.0;1.0;0.0;1.0;0.0;1.0;0.0;1.0;0.0;1.0;0.0;1.0;0.0;1.0;0.0;1.0;0.0;1.0;0.0;1.0;0.0;1.0;0.0;1.0;0.0;1.0;0.0;0.0;0.0;0.0;1.0;0.0
0.6820156;0.0;0.30011344;0.0;0.23760216;0.0;0.17807451;0.0;0.15659536;0.0;0.15659472;0.0;0.0359695;0.0;0.084343955;0.0;0.0;0.0;0.11798439;0.0;0.0;0.0;0.07122826;0.0;0.035968035;0.0;0.14803326;0.0;0.14803265;0.0;0.16833577;0.0;0.1070648;0.0;0.300116;0.0;9.0;0.0;1.0;0.0;1.0;0.0;1.0;0.0;1.0;0.0;1.0;0.0;1.0;0.0;1.0;0.0;1.0;0.0;1.0;0.0;1.0;0.0;1.0;0.0;1.0;0.0;1.0;0.0;1.0;0.0;1.0;0.0;1.0;0.0;1.0;0.0;0.0;0.0;0.0;1.0;0.0
0.68243104;0.0;0.14473224;0.0;0.11036168;0.0;0.0;0.0;0.15573183;0.0;0.15766087;0.0;0.033938643;0.0;0.08806004;0.0;0.0;0.0;0.11805626;0.0;0.12724964;0.0;0.06842402;0.0;0.03830686;0.0;0.14721695;0.0;0.14904052;0.0;0.17190407;0.0;0.23098326;0.0;0.29652992;0.0;9.0;0.0;1.0;0.0;1.0;0.0;1.0;0.0;1.0;0.0;1.0;0.0;1.0;0.0;1.0;0.0;1.0;0.0;1.0;0.0;1.0;0.0;1.0;0.0;1.0;0.0;1.0;0.0;1.0;0.0;1.0;0.0;1.0;0.0;1.0;0.0;1.0;0.0;0.0;0.0;0.0
0.6724312;0.0;0.29338357;0.0;0.09691392;0.0;0.17426623;0.0;0.15537937;0.0;0.15730403;0.0;0.052798003;0.0;0.08749311;0.0;0.0;0.0;0.12805608;0.0;0.13802819;0.0;0.06894567;0.0;0.059593596;0.0;0.0;0.0;0.14939736;0.0;0.17231566;0.0;0.21830091;0.0;0.28602183;0.0;9.0;0.0;1.0;0.0;1.0;0.0;1.0;0.0;1.0;0.0;1.0;0.0;1.0;0.0;1.0;0.0;1.0;0.0;1.0;0.0;1.0;0.0;1.0;0.0;1.0;0.0;1.0;0.0;1.0;0.0;1.0;0.0;1.0;0.0;1.0;0.0;1.0;0.0;0.0;0.0;0.0
0.66243136;0.0;0.28260502;0.0;0.21802798;0.0;0.1738709;0.0;0.15502688;0.0;0.0;0.0;0.07165736;0.0;0.08692617;0.0;0.0;0.0;0.13805592;0.0;0.14880674;0.0;0.06946731;0.0;0.16590229;0.0;0.14792189;0.0;0.1497542;0.0;0.17272724;0.0;0.20561855;0.0;0.27551374;0.0;9.0;0.0;1.0;0.0;1.0;0.0;1.0;0.0;1.0;0.0;1.0;0.0;1.0;0.0;1.0;0.0;1.0;0.0;1.0;0.0;1.0;0.0;1.0;0.0;1.0;0.0;1.0;0.0;1.0;0.0;1.0;0.0;1.0;0.0;1.0;0.0;1.0;0.0;0.0;0.0;0.0
0.65243155;0.0;0.27182648;0.0;0.20458022;0.0;0.1734756;0.0;0.15467441;0.0;0.0;0.0;0.09051672;0.0;0.08635923;0.0;0.0;0.0;0.14805575;0.0;0.1595853;0.0;0.06998896;0.0;0.16629761;0.0;0.14827438;0.0;0.0;0.0;0.09819488;0.0;0.19293618;0.0;0.26500565;0.0;9.0;0.0;1.0;0.0;1.0;0.0;1.0;0.0;1.0;0.0;1.0;0.0;1.0;0.0;1.0;0.0;1.0;0.0;1.0;0.0;1.0;0.0;1.0;0.0;1.0;0.0;1.0;0.0;1.0;0.0;1.0;0.0;1.0;0.0;1.0;0.0;1.0;0.0;0.0;0.0;0.0
0.6424317;0.0;0.26104793;0.0;0.19113246;0.0;0.17308028;0.0;0.15432194;0.0;0.1562335;0.0;0.10937609;0.0;0.085792296;0.0;0.0;0.0;0.15805557;0.0;0.17036384;0.0;0.07051061;0.0;0.16669294;0.0;0.14862685;0.0;0.0;0.0;0.07933553;0.0;0.18025383;0.0;0.2544976;0.0;9.0;0.0;1.0;0.0;1.0;0.0;1.0;0.0;1.0;0.0;1.0;0.0;1.0;0.0;1.0;0.0;1.0;0.0;1.0;0.0;1.0;0.0;1.0;0.0;1.0;0.0;1.0;0.0;1.0;0.0;1.0;0.0;1.0;0.0;1.0;0.0;1.0;0.0;0.0;0.0;0.0
0.63243186;0.0;0.25026938;0.0;0.1776847;0.0;0.06826006;0.0;0.0;0.0;0.15587667;0.0;0.17978889;0.0;0.085225366;0.0;0.17659704;0.0;0.16805542;0.0;0.18114239;0.0;0.09143894;0.0;0.16708826;0.0;0.14897934;0.0;0.0;0.0;0.060476184;0.0;0.16757146;0.0;0.2439895;0.0;9.0;0.0;1.0;0.0;1.0;0.0;1.0;0.0;1.0;0.0;1.0;0.0;1.0;0.0;1.0;0.0;1.0;0.0;1.0;0.0;1.0;0.0;1.0;0.0;1.0;0.0;1.0;0.0;1.0;0.0;1.0;0.0;1.0;0.0;1.0;0.0;1.0;0.0;0.0;0.0;0.0
0.62243205;0.0;0.23949084;0.0;0.16423692;0.0;0.04697333;0.0;0.0;0.0;0.15551981;0.0;0.1793773;0.0;0.08465843;0.0;0.18710513;0.0;0.17805524;0.0;0.19192094;0.0;0.104886696;0.0;0.16748357;0.0;0.14933181;0.0;0.15118156;0.0;0.041616835;0.0;0.1548891;0.0;0.2334814;0.0;9.0;0.0;1.0;0.0;1.0;0.0;1.0;0.0;1.0;0.0;1.0;0.0;1.0;0.0;1.0;0.0;1.0;0.0;1.0;0.0;1.0;0.0;1.0;0.0;1.0;0.0;1.0;0.0;1.0;0.0;1.0;0.0;1.0;0.0;1.0;0.0;1.0;0.0;0.0;0.0;0.0
0.6124322;0.0;0.22871229;0.0;0.15078916;0.0;0.025686597;0.0;0.15326451;0.0;0.15516298;0.0;0.17896572;0.0;0.0840915;0.0;0.19761321;0.0;0.18805507;0.0;0.2026995;0.0;0.11833447;0.0;0.0;0.0;0.14968428;0.0;0.15153842;0.0;0.022757486;0.0;0.14220674;0.0;0.22297332;0.0;9.0;0.0;1.0;0.0;1.0;0.0;1.0;0.0;1.0;0.0;1.0;0.0;1.0;0.0;1.0;0.0;1.0;0.0;1.0;0.0;1.0;0.0;1.0;0.0;1.0;0.0;1.0;0.0;1.0;0.0;1.0;0.0;1.0;0.0;1.0;0.0;1.0;0.0;0.0;0.0;0.0
0.60243237;0.0;0.21793374;0.0;0.1373414;0.0;0.004399865;0.0;0.15291204;0.0;0.15480614;0.0;0.0;0.0;0.12428162;0.0;0.2081213;0.0;0.19805491;0.0;0.21347804;0.0;0.13178223;0.0;0.0;0.0;0.15003675;0.0;0.15189525;0.0;0.0038981363;0.0;0.12952438;0.0;0.21246524;0.0;9.0;0.0;1.0;0.0;1.0;0.0;1.0;0.0;1.0;0.0;1.0;0.0;1.0;0.0;1.0;0.0;1.0;0.0;1.0;0.0;1.0;0.0;1.0;0.0;1.0;0.0;1.0;0.0;1.0;0.0;1.0;0.0;1.0;0.0;1.0;0.0;1.0;0.0;0.0;0.0;0.0
0.59243256;0.0;0.2071552;0.0;0.12389363;0.0;0.0;0.0;0.15255955;0.0;0.1544493;0.0;0.014961222;0.0;0.136964;0.0;0.21862939;0.0;0.20805474;0.0;0.22425659;0.0;0.14523;0.0;0.01688687;0.0;0.15038922;0.0;0.15225211;0.0;0.17560832;0.0;0.11684202;0.0;0.20195714;0.0;9.0;0.0;1.0;0.0;1.0;0.0;1.0;0.0;1.0;0.0;1.0;0.0;1.0;0.0;1.0;0.0;1.0;0.0;1.0;0.0;1.0;0.0;1.0;0.0;1.0;0.0;1.0;0.0;1.0;0.0;1.0;0.0;1.0;0.0;1.0;0.0;1.0;0.0;0.0;0.0;0.0
0.5824327;0.0;0.19637665;0.0;0.11044587;0.0;0.0;0.0;0.15220708;0.0;0.15409246;0.0;0.03382058;0.0;0.14964636;0.0;0.22913747;0.0;0.21805456;0.0;0.23503514;0.0;0.15867776;0.0;0.038173605;0.0;0.15074171;0.0;0.15260895;0.0;0.1760199;0.0;0.08003374;0.0;0.19144906;0.0;9.0;0.0;1.0;0.0;1.0;0.0;1.0;0.0;1.0;0.0;1.0;0.0;1.0;0.0;1.0;0.0;1.0;0.0;1.0;0.0;1.0;0.0;1.0;0.0;1.0;0.0;1.0;0.0;1.0;0.0;1.0;0.0;1.0;0.0;1.0;0.0;1.0;0.0;0.0;0.0;0.0
0.5724329;0.0;0.1855981;0.0;0.09699811;0.0;0.17031303;0.0;0.1518546;0.0;0.15373561;0.0;0.052679945;0.0;0.1623287;0.0;0.23964556;0.0;0.2280544;0.0;0.24581368;0.0;0.17212552;0.0;0.059460334;0.0;0.0;0.0;0.15296578;0.0;0.17643149;0.0;0.08060068;0.0;0.18094097;0.0;9.0;0.0;1.0;0.0;1.0;0.0;1.0;0.0;1.0;0.0;1.0;0.0;1.0;0.0;1.0;0.0;1.0;0.0;1.0;0.0;1.0;0.0;1.0;0.0;1.0;0.0;1.0;0.0;1.0;0.0;1.0;0.0;1.0;0.0;1.0;0.0;1.0;0.0;0.0;0.0;0.0
0.56243306;0.0;0.17481956;0.0;0.074765876;0.0;0.16991772;0.0;0.15150213;0.0;0.0;0.0;0.0715393;0.0;0.17501107;0.0;0.25015363;0.0;0.23805423;0.0;0.2565922;0.0;0.18557328;0.0;0.1698555;0.0;0.15144666;0.0;0.15332262;0.0;0.17684308;0.0;0.081167616;0.0;0.1704329;0.0;9.0;0.0;1.0;0.0;1.0;0.0;1.0;0.0;1.0;0.0;1.0;0.0;1.0;0.0;1.0;0.0;1.0;0.0;1.0;0.0;1.0;0.0;1.0;0.0;1.0;0.0;1.0;0.0;1.0;0.0;1.0;0.0;1.0;0.0;1.0;0.0;1.0;0.0;0.0;0.0;0.0
0.55243325;0.0;0.16404101;0.0;0.07424423;0.0;0.16952239;0.0;0.15114966;0.0;0.0;0.0;0.09039866;0.0;0.18769343;0.0;0.26066172;0.0;0.24805406;0.0;0.26737076;0.0;0.19902106;0.0;0.17025082;0.0;0.15179913;0.0;0.0;0.0;0.098312944;0.0;0.08173455;0.0;0.1599248;0.0;9.0;0.0;1.0;0.0;1.0;0.0;1.0;0.0;1.0;0.0;1.0;0.0;1.0;0.0;1.0;0.0;1.0;0.0;1.0;0.0;1.0;0.0;1.0;0.0;1.0;0.0;1.0;0.0;1.0;0.0;1.0;0.0;1.0;0.0;1.0;0.0;1.0;0.0;0.0;0.0;0.0
0.5424334;0.0;0.15326247;0.0;0.073722586;0.0;0.16912708;0.0;0.15079717;0.0;0.1526651;0.0;0.17608464;0.0;0.2003758;0.0;0.2711698;0.0;0.2580539;0.0;0.2781493;0.0;0.21246882;0.0;0.17064613;0.0;0.15215161;0.0;0.0;0.0;0.079453595;0.0;0.08230148;0.0;0.14941671;0.0;9.0;0.0;1.0;0.0;1.0;0.0;1.0;0.0;1.0;0.0;1.0;0.0;1.0;0.0;1.0;0.0;1.0;0.0;1.0;0.0;1.0;0.0;1.0;0.0;1.0;0.0;1.0;0.0;1.0;0.0;1.0;0.0;1.0;0.0;1.0;0.0;1.0;0.0;0.0;0.0;0.0
0.53243357;0.0;0.14248392;0.0;0.07320094;0.0;0.06839331;0.0;0.0;0.0;0.15230826;0.0;0.17567305;0.0;0.21305816;0.0;0.2816779;0.0;0.2680537;0.0;0.28892785;0.0;0.09135476;0.0;0.17104146;0.0;0.15250409;0.0;0.0;0.0;0.060594242;0.0;0.08286841;0.0;0.13890864;0.0;9.0;0.0;1.0;0.0;1.0;0.0;1.0;0.0;1.0;0.0;1.0;0.0;1.0;0.0;1.0;0.0;1.0;0.0;1.0;0.0;1.0;0.0;1.0;0.0;1.0;0.0;1.0;0.0;1.0;0.0;1.0;0.0;1.0;0.0;1.0;0.0;1.0;0.0;0.0;0.0;0.0
0.52243376;0.0;0.13170537;0.0;0.072679296;0.0;0.047106586;0.0;0.0;0.0;0.1519514;0.0;0.17526147;0.0;0.22574052;0.0;0.29218596;0.0;0.27805355;0.0;0.13713114;0.0;0.10480253;0.0;0.17143677;0.0;0.15285656;0.0;0.15474999;0.0;0.041734897;0.0;0.08343535;0.0;0.12840055;0.0;9.0;0.0;1.0;0.0;1.0;0.0;1.0;0.0;1.0;0.0;1.0;0.0;1.0;0.0;1.0;0.0;1.0;0.0;1.0;0.0;1.0;0.0;1.0;0.0;1.0;0.0;1.0;0.0;1.0;0.0;1.0;0.0;1.0;0.0;1.0;0.0;1.0;0.0;0.0;0.0;0.0
0.5124339;0.0;0.120926835;0.0;0.072157644;0.0;0.025819853;0.0;0.14973976;0.0;0.15159456;0.0;0.1748499;0.0;0.23842287;0.0;0.30269405;0.0;0.2880534;0.0;0.13806294;0.0;0.11825029;0.0;0.0;0.0;0.15320903;0.0;0.15510683;0.0;0.022875546;0.0;0.084002286;0.0;0.11789247;0.0;9.0;0.0;1.0;0.0;1.0;0.0;1.0;0.0;1.0;0.0;1.0;0.0;1.0;0.0;1.0;0.0;1.0;0.0;1.0;0.0;1.0;0.0;1.0;0.0;1.0;0.0;1.0;0.0;1.0;0.0;1.0;0.0;1.0;0.0;1.0;0.0;1.0;0.0;0.0;0.0;0.0
0.5024341;0.0;0.11014829;0.0;0.071636006;0.0;0.00453312;0.0;0.14938727;0.0;0.15123773;0.0;0.0;0.0;0.12420223;0.0;0.31320214;0.0;0.2980532;0.0;0.13899472;0.0;0.13169804;0.0;0.0;0.0;0.1535615;0.0;0.15546367;0.0;0.0040161964;0.0;0.084569216;0.0;0.10738438;0.0;9.0;0.0;1.0;0.0;1.0;0.0;1.0;0.0;1.0;0.0;1.0;0.0;1.0;0.0;1.0;0.0;1.0;0.0;1.0;0.0;1.0;0.0;1.0;0.0;1.0;0.0;1.0;0.0;1.0;0.0;1.0;0.0;1.0;0.0;1.0;0.0;1.0;0.0;0.0;0.0;0.0
0.49243426;0.0;0.09936974;0.0;0.071114354;0.0;0.0;0.0;0.1490348;0.0;0.15088089;0.0;0.014843161;0.0;0.1368846;0.0;0.32371026;0.0;0.30805305;0.0;0.13992652;0.0;0.1451458;0.0;0.016753614;0.0;0.15391399;0.0;0.15582052;0.0;0.061807178;0.0;0.11692141;0.0;0.09687629;0.0;9.0;0.0;1.0;0.0;1.0;0.0;1.0;0.0;1.0;0.0;1.0;0.0;1.0;0.0;1.0;0.0;1.0;0.0;1.0;0.0;1.0;0.0;1.0;0.0;1.0;0.0;1.0;0.0;1.0;0.0;1.0;0.0;1.0;0.0;1.0;0.0;1.0;0.0;0.0;0.0;0.0
0.48243442;0.0;0.088591196;0.0;0.07059271;0.0;0.0;0.0;0.14868233;0.0;0.15052405;0.0;0.033702523;0.0;0.14956696;0.0;0.33421832;0.0;0.3180529;0.0;0.14085832;0.0;0.15859357;0.0;0.038040347;0.0;0.15426646;0.0;0.15617736;0.0;0.062218763;0.0;0.10423905;0.0;0.08636821;0.0;9.0;0.0;1.0;0.0;1.0;0.0;1.0;0.0;1.0;0.0;1.0;0.0;1.0;0.0;1.0;0.0;1.0;0.0;1.0;0.0;1.0;0.0;1.0;0.0;1.0;0.0;1.0;0.0;1.0;0.0;1.0;0.0;1.0;0.0;1.0;0.0;1.0;0.0;0.0;0.0;0.0
0.47243458;0.0;0.07781265;0.0;0.07007106;0.0;0.053102095;0.0;0.14832985;0.0;0.1501672;0.0;0.052561887;0.0;0.16224931;0.0;0.3447264;0.0;0.3280527;0.0;0.1417901;0.0;0.17204133;0.0;0.059327085;0.0;0.0;0.0;0.1565342;0.0;0.06263034;0.0;0.09155669;0.0;0.07586013;0.0;9.0;0.0;1.0;0.0;1.0;0.0;1.0;0.0;1.0;0.0;1.0;0.0;1.0;0.0;1.0;0.0;1.0;0.0;1.0;0.0;1.0;0.0;1.0;0.0;1.0;0.0;1.0;0.0;1.0;0.0;1.0;0.0;1.0;0.0;1.0;0.0;1.0;0.0;0.0;0.0;0.0
0.46243477;0.0;0.0670341;0.0;0.08363453;0.0;0.05270677;0.0;0.14797738;0.0;0.0;0.0;0.07142124;0.0;0.17493168;0.0;0.3552345;0.0;0.33805254;0.0;0.14272189;0.0;0.1854891;0.0;0.1738087;0.0;0.1549714;0.0;0.15689103;0.0;0.06304193;0.0;0.078874335;0.0;0.17300348;0.0;9.0;0.0;1.0;0.0;1.0;0.0;1.0;0.0;1.0;0.0;1.0;0.0;1.0;0.0;1.0;0.0;1.0;0.0;1.0;0.0;1.0;0.0;1.0;0.0;1.0;0.0;1.0;0.0;1.0;0.0;1.0;0.0;1.0;0.0;1.0;0.0;1.0;0.0;0.0;0.0;0.0
0.45243493;0.0;0.056255557;0.0;0.070186764;0.0;0.05231145;0.0;0.1476249;0.0;0.0;0.0;0.09028061;0.0;0.18761405;0.0;0.3657426;0.0;0.34805238;0.0;0.14365368;0.0;0.19893686;0.0;0.17420402;0.0;0.1553239;0.0;0.0;0.0;0.06345351;0.0;0.06619197;0.0;0.17413297;0.0;9.0;0.0;1.0;0.0;1.0;0.0;1.0;0.0;1.0;0.0;1.0;0.0;1.0;0.0;1.0;0.0;1.0;0.0;1.0;0.0;1.0;0.0;1.0;0.0;1.0;0.0;1.0;0.0;1.0;0.0;1.0;0.0;1.0;0.0;1.0;0.0;1.0;0.0;0.0;0.0;0.0
0.4424351;0.0;0.04547701;0.0;0.056739002;0.0;0.051916134;0.0;0.14727242;0.0;0.14909667;0.0;0.1719688;0.0;0.2002964;0.0;0.14833239;0.0;0.3580522;0.0;0.14458548;0.0;0.21238463;0.0;0.17459933;0.0;0.15567636;0.0;0.0;0.0;0.063865095;0.0;0.05350961;0.0;0.17526247;0.0;9.0;0.0;1.0;0.0;1.0;0.0;1.0;0.0;1.0;0.0;1.0;0.0;1.0;0.0;1.0;0.0;1.0;0.0;1.0;0.0;1.0;0.0;1.0;0.0;1.0;0.0;1.0;0.0;1.0;0.0;1.0;0.0;1.0;0.0;1.0;0.0;1.0;0.0;0.0;0.0;0.0
0.43243527;0.0;0.03469846;0.0;0.04329124;0.0;0.051520813;0.0;0.0;0.0;0.14873983;0.0;0.17155722;0.0;0.21297877;0.0;0.1472029;0.0;0.36805204;0.0;0.14551726;0.0;0.22583239;0.0;0.17499466;0.0;0.15602884;0.0;0.05572776;0.0;0.06427668;0.0;0.04082725;0.0;0.17639196;0.0;9.0;0.0;1.0;0.0;1.0;0.0;1.0;0.0;1.0;0.0;1.0;0.0;1.0;0.0;1.0;0.0;1.0;0.0;1.0;0.0;1.0;0.0;1.0;0.0;1.0;0.0;1.0;0.0;1.0;0.0;1.0;0.0;1.0;0.0;1.0;0.0;1.0;0.0;0.0;0.0;0.0
0.42243543;0.0;0.023919914;0.0;0.02984348;0.0;0.05112549;0.0;0.0;0.0;0.14838299;0.0;0.17114565;0.0;0.22566113;0.0;0.14607342;0.0;0.37805188;0.0;0.14644906;0.0;0.10471834;0.0;0.17538998;0.0;0.15638132;0.0;0.05608461;0.0;0.06468826;0.0;0.028144887;0.0;0.17752144;0.0;9.0;0.0;1.0;0.0;1.0;0.0;1.0;0.0;1.0;0.0;1.0;0.0;1.0;0.0;1.0;0.0;1.0;0.0;1.0;0.0;1.0;0.0;1.0;0.0;1.0;0.0;1.0;0.0;1.0;0.0;1.0;0.0;1.0;0.0;1.0;0.0;1.0;0.0;0.0;0.0;0.0
0.4124356;0.0;0.0131413685;0.0;0.016395716;0.0;0.05073017;0.0;0.045232065;0.0;0.14802614;0.0;0.17073406;0.0;0.11144048;0.0;0.14494392;0.0;0.3880517;0.0;0.31041747;0.0;0.118166104;0.0;0.0;0.0;0.15673378;0.0;0.05644145;0.0;0.06509985;0.0;0.015462527;0.0;0.17865095;0.0;9.0;0.0;1.0;0.0;1.0;0.0;1.0;0.0;1.0;0.0;1.0;0.0;1.0;0.0;1.0;0.0;1.0;0.0;1.0;0.0;1.0;0.0;1.0;0.0;1.0;0.0;1.0;0.0;1.0;0.0;1.0;0.0;1.0;0.0;1.0;0.0;1.0;0.0;0.0;0.0;0.0
0.40243578;0.0;0.43377456;0.0;0.002947954;0.0;0.050334852;0.0;0.04487959;0.0;0.1476693;0.0;0.0;0.0;0.12412284;0.0;0.14381443;0.0;0.39805153;0.0;0.32119602;0.0;0.13161387;0.0;0.0;0.0;0.15708627;0.0;0.05679829;0.0;0.06551143;0.0;0.0027801662;0.0;0.17978044;0.0;9.0;0.0;1.0;0.0;1.0;0.0;1.0;0.0;1.0;0.0;1.0;0.0;1.0;0.0;1.0;0.0;1.0;0.0;1.0;0.0;1.0;0.0;1.0;0.0;1.0;0.0;1.0;0.0;1.0;0.0;1.0;0.0;1.0;0.0;1.0;0.0;1.0;0.0;0.0;0.0;0.0
0.39243594;0.0;0.42299604;0.0;0.0;0.0;0.04993953;0.0;0.044527113;0.0;0.14731246;0.0;0.014725101;0.0;0.1368052;0.0;0.14268494;0.0;0.40805134;0.0;0.33197457;0.0;0.14506163;0.0;0.016620358;0.0;0.15743874;0.0;0.057155132;0.0;0.0;0.0;0.0;0.0;0.18090992;0.0;9.0;0.0;1.0;0.0;1.0;0.0;1.0;0.0;1.0;0.0;1.0;0.0;1.0;0.0;1.0;0.0;1.0;0.0;1.0;0.0;1.0;0.0;1.0;0.0;1.0;0.0;1.0;0.0;1.0;0.0;1.0;0.0;1.0;0.0;1.0;0.0;1.0;0.0;0.0;0.0;0.0
0.3824361;0.0;0.41221747;0.0;0.0;0.0;0.049544208;0.0;0.044174638;0.0;0.0;0.0;0.03358446;0.0;0.14948757;0.0;0.14155544;0.0;0.41805118;0.0;0.3427531;0.0;0.15850939;0.0;0.037907094;0.0;0.0;0.0;0.057511974;0.0;0.0;0.0;0.0;0.0;0.18203941;0.0;9.0;0.0;1.0;0.0;1.0;0.0;1.0;0.0;1.0;0.0;1.0;0.0;1.0;0.0;1.0;0.0;1.0;0.0;1.0;0.0;1.0;0.0;1.0;0.0;1.0;0.0;1.0;0.0;1.0;0.0;1.0;0.0;1.0;0.0;1.0;0.0;1.0;0.0;0.0;0.0;0.0
0.37243626;0.0;0.40143895;0.0;0.0;0.0;0.0;0.0;0.04382216;0.0;0.0;0.0;0.0;0.0;0.16216992;0.0;0.14042595;0.0;0.42805105;0.0;0.35353166;0.0;0.17195717;0.0;0.059193827;0.0;0.057160765;0.0;0.057868816;0.0;0.0;0.0;0.85305405;0.0;0.3913658;0.0;9.0;0.0;1.0;0.0;1.0;0.0;1.0;0.0;1.0;0.0;1.0;0.0;1.0;0.0;1.0;0.0;1.0;0.0;1.0;0.0;1.0;0.0;1.0;0.0;1.0;0.0;1.0;0.0;1.0;0.0;1.0;0.0;1.0;0.0;1.0;0.0;1.0;0.0;0.0;0.0;0.0
0.36243644;0.0;0.39066038;0.0;0.0;0.0;0.0;0.0;0.04346969;0.0;0.044008143;0.0;0.0;0.0;0.17485228;0.0;0.13929646;0.0;0.43805084;0.0;0.3643102;0.0;0.18540493;0.0;0.0;0.0;0.057513244;0.0;0.058225654;0.0;0.0;0.0;0.8403717;0.0;0.3808577;0.0;9.0;0.0;1.0;0.0;1.0;0.0;1.0;0.0;1.0;0.0;1.0;0.0;1.0;0.0;1.0;0.0;1.0;0.0;1.0;0.0;1.0;0.0;1.0;0.0;1.0;0.0;1.0;0.0;1.0;0.0;1.0;0.0;1.0;0.0;1.0;0.0;1.0;0.0;0.0;0.0;0.0
0.3524366;0.0;0.113983095;0.0;0.0;0.0;0.0;0.0;0.04311721;0.0;0.0436513;0.0;0.0;0.0;0.18753466;0.0;0.36567682;0.0;0.44805068;0.0;0.37508878;0.0;0.19885269;0.0;0.0;0.0;0.057865717;0.0;0.058582496;0.0;0.0;0.0;0.82768935;0.0;0.37034962;0.0;9.0;0.0;1.0;0.0;1.0;0.0;1.0;0.0;1.0;0.0;1.0;0.0;1.0;0.0;1.0;0.0;1.0;0.0;1.0;0.0;1.0;0.0;1.0;0.0;1.0;0.0;1.0;0.0;1.0;0.0;1.0;0.0;1.0;0.0;1.0;0.0;1.0;0.0;0.0;0.0;0.0
0.34243676;0.0;0.11305131;0.0;0.362189;0.0;0.0;0.0;0.042764734;0.0;0.04329446;0.0;0.0;0.0;0.0;0.0;0.37618488;0.0;0.45805055;0.0;0.38586733;0.0;0.21230045;0.0;0.0;0.0;0.058218192;0.0;0.058939338;0.0;0.0;0.0;0.81500703;0.0;0.35984153;0.0;9.0;0.0;1.0;0.0;1.0;0.0;1.0;0.0;1.0;0.0;1.0;0.0;1.0;0.0;1.0;0.0;1.0;0.0;1.0;0.0;1.0;0.0;1.0;0.0;1.0;0.0;1.0;0.0;1.0;0.0;1.0;0.0;1.0;0.0;1.0;0.0;1.0;0.0;0.0;0.0;0.0
0.33243695;0.0;0.11211952;0.0;0.36166734;0.0;0.0;0.0;0.04241226;0.0;0.042937614;0.0;0.0;0.0;0.0;0.0;0.38669297;0.0;0.46805033;0.0;0.39664587;0.0;0.0;0.0;0.0;0.0;0.05857067;0.0;0.0;0.0;0.65797734;0.0;0.80232465;0.0;0.34933347;0.0;9.0;0.0;1.0;0.0;1.0;0.0;1.0;0.0;1.0;0.0;1.0;0.0;1.0;0.0;1.0;0.0;1.0;0.0;1.0;0.0;1.0;0.0;1.0;0.0;1.0;0.0;1.0;0.0;1.0;0.0;1.0;0.0;1.0;0.0;1.0;0.0;1.0;0.0;0.0;0.0;0.0
0.3224371;0.0;0.11118772;0.0;0.36114568;0.0;0.0;0.0;0.042059787;0.0;0.042580776;0.0;0.0;0.0;0.0;0.0;0.39720106;0.0;0.47805017;0.0;0.4074244;0.0;0.0;0.0;0.0;0.0;0.058923144;0.0;0.0;0.0;0.658389;0.0;0.25719848;0.0;0.33882537;0.0;9.0;0.0;1.0;0.0;1.0;0.0;1.0;0.0;1.0;0.0;1.0;0.0;1.0;0.0;1.0;0.0;1.0;0.0;1.0;0.0;1.0;0.0;1.0;0.0;1.0;0.0;1.0;0.0;1.0;0.0;1.0;0.0;1.0;0.0;1.0;0.0;1.0;0.0;0.0;0.0;0.0
0.31243727;0.0;0.110255934;0.0;0.36062405;0.0;0.6130656;0.0;0.0;0.0;0.042223934;0.0;0.0;0.0;0.0;0.0;0.40770912;0.0;0.48805004;0.0;0.41820297;0.0;0.0;0.0;0.06648077;0.0;0.05927562;0.0;0.57117885;0.0;0.6588005;0.0;0.2577654;0.0;0.32831728;0.0;9.0;0.0;1.0;0.0;1.0;0.0;1.0;0.0;1.0;0.0;1.0;0.0;1.0;0.0;1.0;0.0;1.0;0.0;1.0;0.0;1.0;0.0;1.0;0.0;1.0;0.0;1.0;0.0;1.0;0.0;1.0;0.0;1.0;0.0;1.0;0.0;1.0;0.0;0.0;0.0;0.0
0.30243745;0.0;0.10932414;0.0;0.3601024;0.0;0.6126703;0.0;0.01618953;0.0;0.041867092;0.0;0.0482897;0.0;0.0;0.0;0.41821724;0.0;0.49804983;0.0;0.32112855;0.0;0.0;0.0;0.06687608;0.0;0.05962809;0.0;0.5715357;0.0;0.570387;0.0;0.25833234;0.0;0.3178092;0.0;9.0;0.0;1.0;0.0;1.0;0.0;1.0;0.0;1.0;0.0;1.0;0.0;1.0;0.0;1.0;0.0;1.0;0.0;1.0;0.0;1.0;0.0;1.0;0.0;1.0;0.0;1.0;0.0;1.0;0.0;1.0;0.0;1.0;0.0;1.0;0.0;1.0;0.0;0.0;0.0;0.0
0.2924376;0.0;0.10839234;0.0;0.35958076;0.0;0.612275;0.0;0.0;0.0;0.04151025;0.0;0.04787812;0.0;0.009822803;0.0;0.4287253;0.0;0.50804967;0.0;0.3319071;0.0;0.010415627;0.0;0.067271404;0.0;0.05998057;0.0;0.57189256;0.0;0.5515276;0.0;0.25889927;0.0;0.3073011;0.0;9.0;0.0;1.0;0.0;1.0;0.0;1.0;0.0;1.0;0.0;1.0;0.0;1.0;0.0;1.0;0.0;1.0;0.0;1.0;0.0;1.0;0.0;1.0;0.0;1.0;0.0;1.0;0.0;1.0;0.0;1.0;0.0;1.0;0.0;1.0;0.0;1.0;0.0;0.0;0.0;0.0
0.28243777;0.0;0.10746056;0.0;0.3590591;0.0;0.49862194;0.0;0.64654744;0.0;0.04115341;0.0;0.04746654;0.0;0.022505166;0.0;0.4392334;0.0;0.51804954;0.0;0.34268564;0.0;0.02386339;0.0;0.067666724;0.0;0.06033305;0.0;0.5722494;0.0;0.5326683;0.0;0.25946623;0.0;0.29679304;0.0;9.0;0.0;1.0;0.0;1.0;0.0;9.0;0.0;9.0;0.0;1.0;0.0;1.0;0.0;1.0;0.0;1.0;0.0;1.0;0.0;1.0;0.0;1.0;0.0;1.0;0.0;1.0;0.0;1.0;0.0;1.0;0.0;1.0;0.0;1.0;0.0;0.0;0.0;1.0;0.0;0.0
0.28226584;0.0;0.3003797;0.0;0.2182;0.0;0.50836533;0.0;0.65013254;0.0;0.04087511;0.0;0.04648123;0.0;0.023150519;0.0;0.018872367;0.0;0.51773417;0.0;0.44454145;0.0;0.02315005;0.0;0.06898897;0.0;0.060667593;0.0;0.5683796;0.0;0.6463343;0.0;0.2485168;0.0;0.30038235;0.0;9.0;0.0;1.0;0.0;1.0;0.0;9.0;0.0;9.0;0.0;1.0;0.0;1.0;0.0;1.0;0.0;1.0;0.0;1.0;0.0;1.0;0.0;1.0;0.0;1.0;0.0;1.0;0.0;1.0;0.0;1.0;0.0;1.0;0.0;1.0;0.0;1.0;0.0;0.0;0.0;0.0
0.272266;0.0;0.28973812;0.0;0.2182;0.0;0.50836533;0.0;0.65013254;0.0;0.14241755;0.0;0.04648123;0.0;0.036204524;0.0;0.02951403;0.0;0.527734;0.0;0.45518303;0.0;0.036203794;0.0;0.06898897;0.0;0.060667593;0.0;0.5683796;0.0;0.5445432;0.0;0.2485168;0.0;0.2897407;0.0;9.0;0.0;1.0;0.0;1.0;0.0;9.0;0.0;9.0;0.0;1.0;0.0;1.0;0.0;1.0;0.0;1.0;0.0;1.0;0.0;1.0;0.0;1.0;0.0;1.0;0.0;1.0;0.0;1.0;0.0;1.0;0.0;1.0;0.0;1.0;0.0;1.0;0.0;0.0;0.0;0.0
0.26226616;0.0;0.27909654;0.0;0.2182;0.0;0.50836533;0.0;0.65013254;0.0;0.14241755;0.0;0.04648123;0.0;0.04925853;0.0;0.04015569;0.0;0.53773385;0.0;0.4658246;0.0;0.04925753;0.0;0.06898897;0.0;0.16221048;0.0;0.5683796;0.0;0.5245431;0.0;0.2485168;0.0;0.27909905;0.0;9.0;0.0;1.0;0.0;1.0;0.0;9.0;0.0;9.0;0.0;1.0;0.0;1.0;0.0;1.0;0.0;1.0;0.0;1.0;0.0;1.0;0.0;1.0;0.0;1.0;0.0;1.0;0.0;1.0;0.0;1.0;0.0;1.0;0.0;1.0;0.0;1.0;0.0;0.0;0.0;0.0
0.25226632;0.0;0.268455;0.0;0.2182;0.0;0.39289448;0.0;0.65013254;0.0;0.24396;0.0;0.04648123;0.0;0.062312536;0.0;0.050797354;0.0;0.54773366;0.0;0.37004882;0.0;0.062311273;0.0;0.06898897;0.0;0.56838197;0.0;0.5683796;0.0;0.504543;0.0;0.2485168;0.0;0.26845738;0.0;9.0;0.0;1.0;0.0;1.0;0.0;1.0;0.0;9.0;0.0;1.0;0.0;1.0;0.0;1.0;0.0;1.0;0.0;1.0;0.0;1.0;0.0;1.0;0.0;1.0;0.0;1.0;0.0;1.0;0.0;1.0;0.0;1.0;0.0;1.0;0.0;1.0;0.0;0.0;0.0;0.0
0.24226646;0.0;0.25781342;0.0;0.2182;0.0;0.39289448;0.0;0.65013254;0.0;0.24396;0.0;0.04648123;0.0;0.07536654;0.0;0.061439015;0.0;0.55773354;0.0;0.3806904;0.0;0.07536502;0.0;0.06898897;0.0;0.56838197;0.0;0.5683796;0.0;0.4845429;0.0;0.2485168;0.0;0.25781572;0.0;9.0;0.0;1.0;0.0;1.0;0.0;1.0;0.0;9.0;0.0;1.0;0.0;1.0;0.0;1.0;0.0;1.0;0.0;1.0;0.0;1.0;0.0;1.0;0.0;1.0;0.0;1.0;0.0;1.0;0.0;1.0;0.0;1.0;0.0;1.0;0.0;1.0;0.0;0.0;0.0;0.0
0.23226662;0.0;0.24717185;0.0;0.2182;0.0;0.39289448;0.0;0.65013254;0.0;0.34550244;0.0;0.04648123;0.0;0.06262354;0.0;0.07208068;0.0;0.5677334;0.0;0.072080046;0.0;0.08841876;0.0;0.06898897;0.0;0.56838197;0.0;0.5683796;0.0;0.46454278;0.0;0.2485168;0.0;0.24717405;0.0;9.0;0.0;1.0;0.0;1.0;0.0;1.0;0.0;9.0;0.0;1.0;0.0;1.0;0.0;1.0;0.0;1.0;0.0;1.0;0.0;1.0;0.0;1.0;0.0;1.0;0.0;1.0;0.0;1.0;0.0;1.0;0.0;1.0;0.0;1.0;0.0;1.0;0.0;0.0;0.0;0.0
0.22226676;0.0;0.23653027;0.0;0.2182;0.0;0.39289448;0.0;0.12822036;0.0;0.4470449;0.0;0.04648123;0.0;0.06262354;0.0;0.082722336;0.0;0.5777332;0.0;0.08272161;0.0;0.1014725;0.0;0.06898897;0.0;0.56838197;0.0;0.5683796;0.0;0.6463343;0.0;0.2485168;0.0;0.2365324;0.0;9.0;0.0;1.0;0.0;1.0;0.0;1.0;0.0;9.0;0.0;9.0;0.0;1.0;0.0;1.0;0.0;1.0;0.0;1.0;0.0;1.0;0.0;1.0;0.0;1.0;0.0;1.0;0.0;1.0;0.0;1.0;0.0;1.0;0.0;1.0;0.0;1.0;0.0;0.0;0.0;0.0
0.21226692;0.0;0.22588873;0.0;0.2182;0.0;0.39289448;0.0;0.65013254;0.0;0.4470449;0.0;0.16195047;0.0;0.06262354;0.0;0.093364;0.0;0.5877331;0.0;0.09336318;0.0;0.114526235;0.0;0.06898897;0.0;0.56838197;0.0;0.070647106;0.0;0.6463343;0.0;0.2485168;0.0;0.22589073;0.0;9.0;0.0;1.0;0.0;1.0;0.0;1.0;0.0;1.0;0.0;9.0;0.0;1.0;0.0;1.0;0.0;1.0;0.0;1.0;0.0;1.0;0.0;1.0;0.0;1.0;0.0;1.0;0.0;1.0;0.0;1.0;0.0;1.0;0.0;1.0;0.0;1.0;0.0;0.0;0.0;0.0
0.20226708;0.0;0.21524715;0.0;0.2182;0.0;0.39289448;0.0;0.65013254;0.0;0.5485873;0.0;0.16195047;0.0;0.06262354;0.0;0.10400566;0.0;0.5977329;0.0;0.104004756;0.0;0.09294928;0.0;0.18445984;0.0;0.56838197;0.0;0.013056435;0.0;0.6463343;0.0;0.26404357;0.0;0.21524906;0.0;9.0;0.0;1.0;0.0;1.0;0.0;1.0;0.0;1.0;0.0;1.0;0.0;1.0;0.0;1.0;0.0;1.0;0.0;1.0;0.0;1.0;0.0;1.0;0.0;1.0;0.0;1.0;0.0;1.0;0.0;1.0;0.0;1.0;0.0;1.0;0.0;1.0;0.0;0.0;0.0;0.0
0.19226722;0.0;0.20460558;0.0;0.2182;0.0;0.27742362;0.0;0.65013254;0.0;0.5485873;0.0;0.16195047;0.0;0.06262354;0.0;0.11464733;0.0;0.6077328;0.0;0.114646316;0.0;0.09294928;0.0;0.18445984;0.0;0.044528183;0.0;0.5683796;0.0;0.6463343;0.0;0.25098956;0.0;0.20460741;0.0;9.0;0.0;1.0;0.0;1.0;0.0;1.0;0.0;1.0;0.0;1.0;0.0;1.0;0.0;1.0;0.0;1.0;0.0;1.0;0.0;1.0;0.0;1.0;0.0;1.0;0.0;1.0;0.0;1.0;0.0;1.0;0.0;1.0;0.0;1.0;0.0;1.0;0.0;0.0;0.0;0.0
0.18226738;0.0;0.19396402;0.0;0.23793074;0.0;0.27742362;0.0;0.65013254;0.0;0.10212511;0.0;0.16195047;0.0;0.06262354;0.0;0.125289;0.0;0.61773264;0.0;0.12528789;0.0;0.09294928;0.0;0.18445984;0.0;0.56838197;0.0;0.5683796;0.0;0.6463343;0.0;0.092946626;0.0;0.19396575;0.0;9.0;0.0;1.0;0.0;1.0;0.0;1.0;0.0;1.0;0.0;1.0;0.0;1.0;0.0;1.0;0.0;1.0;0.0;1.0;0.0;1.0;0.0;1.0;0.0;1.0;0.0;1.0;0.0;1.0;0.0;1.0;0.0;1.0;0.0;1.0;0.0;1.0;0.0;0.0;0.0;0.0
0.17226753;0.0;0.18332246;0.0;0.224877;0.0;0.27742362;0.0;0.65013254;0.0;0.15971589;0.0;0.16195047;0.0;0.06262354;0.0;0.13593064;0.0;0.62773246;0.0;0.13592945;0.0;0.09294928;0.0;0.18445984;0.0;0.56838197;0.0;0.5683796;0.0;0.54454625;0.0;0.092946626;0.0;0.18332408;0.0;9.0;0.0;1.0;0.0;1.0;0.0;1.0;0.0;1.0;0.0;1.0;0.0;1.0;0.0;1.0;0.0;1.0;0.0;1.0;0.0;1.0;0.0;1.0;0.0;1.0;0.0;1.0;0.0;1.0;0.0;1.0;0.0;1.0;0.0;1.0;0.0;1.0;0.0;0.0;0.0;0.0
0.16226768;0.0;0.17268088;0.0;0.06262534;0.0;0.27742362;0.0;0.65013254;0.0;0.65012974;0.0;0.16195047;0.0;0.06262354;0.0;0.14657232;0.0;0.6377323;0.0;0.14657103;0.0;0.09294928;0.0;0.18445984;0.0;0.56838197;0.0;0.5683796;0.0;0.52454615;0.0;0.092946626;0.0;0.0;0.0;9.0;0.0;1.0;0.0;1.0;0.0;1.0;0.0;1.0;0.0;1.0;0.0;1.0;0.0;1.0;0.0;1.0;0.0;1.0;0.0;1.0;0.0;1.0;0.0;1.0;0.0;1.0;0.0;1.0;0.0;1.0;0.0;1.0;0.0;9.0;0.0;1.0;0.0;0.0;0.0;0.0
0.15226784;0.0;0.16203931;0.0;0.06262534;0.0;0.27742362;0.0;0.65013254;0.0;0.65012974;0.0;0.27741972;0.0;0.06262354;0.0;0.15721397;0.0;0.64773214;0.0;0.15721259;0.0;0.09294928;0.0;0.18445984;0.0;0.56838197;0.0;0.5683796;0.0;0.50454605;0.0;0.092946626;0.0;0.0;0.0;9.0;0.0;1.0;0.0;1.0;0.0;1.0;0.0;1.0;0.0;1.0;0.0;1.0;0.0;1.0;0.0;1.0;0.0;1.0;0.0;1.0;0.0;1.0;0.0;1.0;0.0;1.0;0.0;1.0;0.0;1.0;0.0;1.0;0.0;9.0;0.0;1.0;0.0;0.0;0.0;0.0
0.14226799;0.0;0.15139775;0.0;0.06262534;0.0;0.27742362;0.0;0.65013254;0.0;0.65012974;0.0;0.27741972;0.0;0.06262354;0.0;0.16785564;0.0;0.657732;0.0;0.16785416;0.0;0.09294928;0.0;0.5154532;0.0;0.56838197;0.0;0.5683796;0.0;0.18445727;0.0;0.092946626;0.0;0.0;0.0;9.0;0.0;1.0;0.0;1.0;0.0;1.0;0.0;1.0;0.0;1.0;0.0;1.0;0.0;1.0;0.0;1.0;0.0;1.0;0.0;1.0;0.0;1.0;0.0;1.0;0.0;1.0;0.0;1.0;0.0;1.0;0.0;1.0;0.0;9.0;0.0;1.0;0.0;0.0;0.0;0.0
0.13226815;0.0;0.14075619;0.0;0.06262534;0.0;0.16195276;0.0;0.65013254;0.0;0.65012974;0.0;0.27741972;0.0;0.2189606;0.0;0.17849728;0.0;0.6677319;0.0;0.17849573;0.0;0.09294928;0.0;0.5354525;0.0;0.56838197;0.0;0.5683796;0.0;0.18445727;0.0;0.092946626;0.0;0.0;0.0;9.0;0.0;1.0;0.0;1.0;0.0;1.0;0.0;1.0;0.0;1.0;0.0;1.0;0.0;1.0;0.0;1.0;0.0;1.0;0.0;1.0;0.0;1.0;0.0;1.0;0.0;1.0;0.0;1.0;0.0;1.0;0.0;1.0;0.0;9.0;0.0;1.0;0.0;0.0;0.0;0.0
0.1222683;0.0;0.13011461;0.0;0.06262534;0.0;0.16195276;0.0;0.12822916;0.0;0.65012974;0.0;0.27741972;0.0;0.23201461;0.0;0.18913896;0.0;0.6777317;0.0;0.18913731;0.0;0.09294928;0.0;0.55545175;0.0;0.56838197;0.0;0.5683796;0.0;0.18445727;0.0;0.092946626;0.0;0.0;0.0;9.0;0.0;1.0;0.0;1.0;0.0;1.0;0.0;1.0;0.0;1.0;0.0;1.0;0.0;1.0;0.0;1.0;0.0;1.0;0.0;1.0;0.0;1.0;0.0;1.0;0.0;1.0;0.0;1.0;0.0;1.0;0.0;1.0;0.0;9.0;0.0;1.0;0.0;0.0;0.0;0.0
0.11226845;0.0;0.119473055;0.0;0.06262534;0.0;0.16195276;0.0;0.54858965;0.0;0.65012974;0.0;0.27741972;0.0;0.2181937;0.0;0.19978061;0.0;0.68773156;0.0;0.19977887;0.0;0.09294928;0.0;0.6463433;0.0;0.56838197;0.0;0.0706559;0.0;0.18445727;0.0;0.092946626;0.0;0.0;0.0;9.0;0.0;1.0;0.0;1.0;0.0;1.0;0.0;1.0;0.0;1.0;0.0;1.0;0.0;1.0;0.0;1.0;0.0;1.0;0.0;1.0;0.0;1.0;0.0;1.0;0.0;1.0;0.0;1.0;0.0;1.0;0.0;1.0;0.0;9.0;0.0;1.0;0.0;0.0;0.0;0.0
0.1022686;0.0;0.0;0.0;0.06262534;0.0;0.16195276;0.0;0.54858965;0.0;0.65012974;0.0;0.39288896;0.0;0.2181937;0.0;0.21042228;0.0;0.6977314;0.0;0.21042044;0.0;0.25811738;0.0;0.6463433;0.0;0.56838197;0.0;0.013065224;0.0;0.18445727;0.0;0.092946626;0.0;0.0;0.0;9.0;0.0;9.0;0.0;1.0;0.0;1.0;0.0;1.0;0.0;1.0;0.0;1.0;0.0;1.0;0.0;1.0;0.0;1.0;0.0;1.0;0.0;1.0;0.0;1.0;0.0;1.0;0.0;1.0;0.0;1.0;0.0;1.0;0.0;9.0;0.0;1.0;0.0;0.0;0.0;0.0
0.09226875;0.0;0.0;0.0;0.06262534;0.0;0.16195276;0.0;0.44704682;0.0;0.65012974;0.0;0.39288896;0.0;0.2181937;0.0;0.22106394;0.0;0.70773125;0.0;0.22106202;0.0;0.27117115;0.0;0.6463433;0.0;0.0445194;0.0;0.5683796;0.0;0.18445727;0.0;0.092946626;0.0;0.0;0.0;9.0;0.0;9.0;0.0;1.0;0.0;1.0;0.0;9.0;0.0;1.0;0.0;1.0;0.0;1.0;0.0;1.0;0.0;1.0;0.0;1.0;0.0;1.0;0.0;1.0;0.0;1.0;0.0;1.0;0.0;1.0;0.0;1.0;0.0;9.0;0.0;1.0;0.0;0.0;0.0;0.0
0.08226891;0.0;0.0;0.0;0.06262534;0.0;0.16195276;0.0;0.44704682;0.0;0.102116324;0.0;0.39288896;0.0;0.2181937;0.0;0.23170562;0.0;0.7177311;0.0;0.23170356;0.0;0.2485239;0.0;0.6463433;0.0;0.56838197;0.0;0.5683796;0.0;0.06898802;0.0;0.10739551;0.0;0.0;0.0;9.0;0.0;9.0;0.0;1.0;0.0;1.0;0.0;9.0;0.0;9.0;0.0;1.0;0.0;1.0;0.0;1.0;0.0;1.0;0.0;1.0;0.0;1.0;0.0;1.0;0.0;1.0;0.0;1.0;0.0;1.0;0.0;1.0;0.0;9.0;0.0;1.0;0.0;0.0;0.0;0.0
0.07226906;0.0;0.0;0.0;0.06262534;0.0;0.046481885;0.0;0.34550393;0.0;0.1597071;0.0;0.39288896;0.0;0.2181937;0.0;0.24234727;0.0;0.72773093;0.0;0.24234514;0.0;0.2485239;0.0;0.45545235;0.0;0.56838197;0.0;0.5683796;0.0;0.06898802;0.0;0.0943415;0.0;0.0;0.0;9.0;0.0;9.0;0.0;1.0;0.0;1.0;0.0;1.0;0.0;9.0;0.0;1.0;0.0;1.0;0.0;1.0;0.0;1.0;0.0;1.0;0.0;1.0;0.0;1.0;0.0;1.0;0.0;1.0;0.0;1.0;0.0;1.0;0.0;9.0;0.0;1.0;0.0;0.0;0.0;0.0
0.06226921;0.0;0.0;0.0;0.08128585;0.0;0.046481885;0.0;0.34550393;0.0;0.65012974;0.0;0.39288896;0.0;0.2181937;0.0;0.25298893;0.0;0.7377308;0.0;0.25298673;0.0;0.2485239;0.0;0.47545162;0.0;0.56838197;0.0;0.5683796;0.0;0.06898802;0.0;0.0;0.0;0.0662658;0.0;9.0;0.0;9.0;0.0;1.0;0.0;1.0;0.0;1.0;0.0;9.0;0.0;1.0;0.0;1.0;0.0;1.0;0.0;1.0;0.0;1.0;0.0;1.0;0.0;1.0;0.0;1.0;0.0;1.0;0.0;1.0;0.0;9.0;0.0;9.0;0.0;1.0;0.0;0.0;0.0;0.0
0.052269362;0.0;0.0;0.0;0.06823211;0.0;0.046481885;0.0;0.24396105;0.0;0.65012974;0.0;0.39288896;0.0;0.2181937;0.0;0.26363057;0.0;0.7477306;0.0;0.2636283;0.0;0.2485239;0.0;0.49545088;0.0;0.56838197;0.0;0.5683796;0.0;0.06898802;0.0;0.0;0.0;0.05562414;0.0;9.0;0.0;9.0;0.0;1.0;0.0;1.0;0.0;1.0;0.0;9.0;0.0;1.0;0.0;1.0;0.0;1.0;0.0;1.0;0.0;1.0;0.0;1.0;0.0;1.0;0.0;1.0;0.0;1.0;0.0;1.0;0.0;9.0;0.0;9.0;0.0;1.0;0.0;0.0;0.0;0.0
0.042269517;0.0;0.0;0.0;0.0;0.0;0.046481885;0.0;0.14241816;0.0;0.65012974;0.0;0.5083582;0.0;0.2181937;0.0;0.27427226;0.0;0.7577305;0.0;0.27426985;0.0;0.2485239;0.0;0.5154501;0.0;0.56838197;0.0;0.16220978;0.0;0.06898802;0.0;0.0;0.0;0.044982474;0.0;9.0;0.0;9.0;0.0;9.0;0.0;1.0;0.0;1.0;0.0;9.0;0.0;9.0;0.0;1.0;0.0;1.0;0.0;1.0;0.0;1.0;0.0;1.0;0.0;1.0;0.0;1.0;0.0;1.0;0.0;1.0;0.0;9.0;0.0;9.0;0.0;1.0;0.0;0.0;0.0;0.0
0.032269668;0.0;0.0;0.0;0.0;0.0;0.046481885;0.0;0.14241816;0.0;0.65012974;0.0;0.5083582;0.0;0.2181937;0.0;0.28491393;0.0;0.76773036;0.0;0.28491142;0.0;0.2485239;0.0;0.5354494;0.0;0.56838197;0.0;0.16220978;0.0;0.0;0.0;0.0;0.0;0.034340814;0.0;9.0;0.0;9.0;0.0;9.0;0.0;1.0;0.0;1.0;0.0;9.0;0.0;9.0;0.0;1.0;0.0;1.0;0.0;1.0;0.0;1.0;0.0;1.0;0.0;1.0;0.0;1.0;0.0;1.0;0.0;9.0;0.0;9.0;0.0;9.0;0.0;1.0;0.0;0.0;0.0;0.0
0.02226982;0.0;0.0;0.0;0.0;0.0;0.0;0.0;0.040875286;0.0;0.65012974;0.0;0.5083582;0.0;0.2181937;0.0;0.29555556;0.0;0.77773017;0.0;0.295553;0.0;0.2485239;0.0;0.5554487;0.0;0.56838197;0.0;0.060667336;0.0;0.0;0.0;0.0;0.0;0.023699153;0.0;9.0;0.0;9.0;0.0;9.0;0.0;9.0;0.0;1.0;0.0;9.0;0.0;9.0;0.0;1.0;0.0;1.0;0.0;1.0;0.0;1.0;0.0;1.0;0.0;1.0;0.0;1.0;0.0;1.0;0.0;9.0;0.0;9.0;0.0;9.0;0.0;1.0;0.0;0.0;0.0;0.0
0.012269974;0.0;0.0;0.0;0.0;0.0;0.0;0.0;0.040875286;0.0;0.65012974;0.0;0.5083582;0.0;0.37560868;0.0;0.11769153;0.0;0.78773004;0.0;0.30619457;0.0;0.2485239;0.0;0.6463433;0.0;0.56838197;0.0;0.060667336;0.0;0.0;0.0;0.0;0.0;0.013057491;0.0;9.0;0.0;9.0;0.0;9.0;0.0;9.0;0.0;1.0;0.0;9.0;0.0;9.0;0.0;1.0;0.0;1.0;0.0;1.0;0.0;1.0;0.0;1.0;0.0;1.0;0.0;1.0;0.0;1.0;0.0;9.0;0.0;9.0;0.0;9.0;0.0;1.0;0.0;0.0;0.0;0.0
0.0022701262;0.0;0.0024158072;0.0;0.0;0.0;0.0;0.0;0.0;0.0;0.65012974;0.0;0.5083582;0.0;0.38866267;0.0;0.11769153;0.0;0.79772985;0.0;0.31683612;0.0;0.2485239;0.0;0.6463433;0.0;0.56838197;0.0;0.0;0.0;0.0;0.0;0.0;0.0;0.0024158286;0.0;9.0;0.0;9.0;0.0;9.0;0.0;9.0;0.0;9.0;0.0;9.0;0.0;9.0;0.0;1.0;0.0;1.0;0.0;1.0;0.0;1.0;0.0;1.0;0.0;1.0;0.0;1.0;0.0;9.0;0.0;9.0;0.0;9.0;0.0;9.0;0.0;1.0;0.0;0.0;0.0;0.0
0.5022701;0.0;0.3216677;0.0;0.0029634093;0.0;0.046481885;0.0;0.040875286;0.0;0.65012974;0.0;0.5083582;0.0;0.38866267;0.0;0.11769153;0.0;0.79772985;0.0;0.31683612;0.0;0.2485239;0.0;0.6463433;0.0;0.56838197;0.0;0.060667336;0.0;0.06898802;0.0;0.0029634691;0.0;0.4280888;0.0;1.0;0.0;1.0;0.0;1.0;0.0;1.0;0.0;1.0;0.0;9.0;0.0;9.0;0.0;1.0;0.0;1.0;0.0;1.0;0.0;1.0;0.0;1.0;0.0;1.0;0.0;1.0;0.0;1.0;0.0;1.0;0.0;1.0;0.0;1.0;0.0;1.0;0.0;0.0;0.0;0.0
0.4922703;0.0;0.31102616;0.0;0.0;0.0;0.046481885;0.0;0.040875286;0.0;0.0;0.0;0.5083582;0.0;0.37376386;0.0;0.11769153;0.0;0.8077297;0.0;0.3274777;0.0;0.2485239;0.0;0.6463433;0.0;0.04451061;0.0;0.060667336;0.0;0.06898802;0.0;0.0;0.0;0.41744715;0.0;1.0;0.0;1.0;0.0;1.0;0.0;1.0;0.0;1.0;0.0;1.0;0.0;9.0;0.0;1.0;0.0;1.0;0.0;1.0;0.0;1.0;0.0;1.0;0.0;1.0;0.0;1.0;0.0;1.0;0.0;1.0;0.0;1.0;0.0;1.0;0.0;1.0;0.0;0.0;0.0;0.0
0.48227042;0.0;0.40680185;0.0;0.0;0.0;0.046481885;0.0;0.040875286;0.0;0.0;0.0;0.6238274;0.0;0.37376386;0.0;0.11769153;0.0;0.8177296;0.0;0.33811927;0.0;0.80638057;0.0;0.6463433;0.0;0.0;0.0;0.060667336;0.0;0.0;0.0;0.0;0.0;0.40680546;0.0;1.0;0.0;1.0;0.0;1.0;0.0;1.0;0.0;1.0;0.0;1.0;0.0;1.0;0.0;1.0;0.0;1.0;0.0;1.0;0.0;1.0;0.0;1.0;0.0;1.0;0.0;1.0;0.0;1.0;0.0;1.0;0.0;1.0;0.0;1.0;0.0;1.0;0.0;0.0;0.0;0.0
0.47227058;0.0;0.3961603;0.0;0.0;0.0;0.0;0.0;0.040875286;0.0;0.04087511;0.0;0.0;0.0;0.37376386;0.0;0.11769153;0.0;0.8277294;0.0;0.34876084;0.0;0.8194343;0.0;0.45544928;0.0;0.0;0.0;0.060667336;0.0;0.0;0.0;0.0;0.0;0.39616382;0.0;1.0;0.0;1.0;0.0;1.0;0.0;1.0;0.0;1.0;0.0;1.0;0.0;1.0;0.0;1.0;0.0;1.0;0.0;1.0;0.0;1.0;0.0;1.0;0.0;1.0;0.0;1.0;0.0;1.0;0.0;1.0;0.0;1.0;0.0;1.0;0.0;1.0;0.0;0.0;0.0;0.0
0.46227074;0.0;0.38551873;0.0;0.0;0.0;0.0;0.0;0.040875286;0.0;0.04087511;0.0;0.0;0.0;0.37376386;0.0;0.11769153;0.0;0.8377293;0.0;0.3594024;0.0;0.83248806;0.0;0.0;0.0;0.060667593;0.0;0.060667336;0.0;0.0;0.0;0.21183152;0.0;0.38552216;0.0;1.0;0.0;1.0;0.0;1.0;0.0;1.0;0.0;1.0;0.0;1.0;0.0;1.0;0.0;1.0;0.0;1.0;0.0;1.0;0.0;1.0;0.0;1.0;0.0;1.0;0.0;1.0;0.0;1.0;0.0;1.0;0.0;1.0;0.0;1.0;0.0;1.0;0.0;0.0;0.0;0.0
0.4522709;0.0;0.37487715;0.0;0.0;0.0;0.0;0.0;0.040875286;0.0;0.04087511;0.0;0.0;0.0;0.37376386;0.0;0.11769153;0.0;0.8477291;0.0;0.17469075;0.0;0.8455418;0.0;0.0;0.0;0.060667593;0.0;0.060667336;0.0;0.0;0.0;0.19877753;0.0;0.3748805;0.0;1.0;0.0;1.0;0.0;1.0;0.0;1.0;0.0;1.0;0.0;1.0;0.0;1.0;0.0;1.0;0.0;1.0;0.0;1.0;0.0;1.0;0.0;1.0;0.0;1.0;0.0;1.0;0.0;1.0;0.0;1.0;0.0;1.0;0.0;1.0;0.0;1.0;0.0;0.0;0.0;0.0
0.44227105;0.0;0.36423558;0.0;0.18571976;0.0;0.0;0.0;0.040875286;0.0;0.04087511;0.0;0.0;0.0;0.0;0.0;0.11769153;0.0;0.85772896;0.0;0.17469075;0.0;0.8585955;0.0;0.0;0.0;0.060667593;0.0;0.060667336;0.0;0.0;0.0;0.18572351;0.0;0.36423883;0.0;1.0;0.0;1.0;0.0;1.0;0.0;1.0;0.0;1.0;0.0;1.0;0.0;1.0;0.0;1.0;0.0;1.0;0.0;1.0;0.0;1.0;0.0;1.0;0.0;1.0;0.0;1.0;0.0;1.0;0.0;1.0;0.0;1.0;0.0;1.0;0.0;1.0;0.0;0.0;0.0;0.0
0.43227118;0.0;0.353594;0.0;0.17266603;0.0;0.0;0.0;0.040875286;0.0;0.04087511;0.0;0.0;0.0;0.0;0.0;0.11769153;0.0;0.8677288;0.0;0.17469075;0.0;0.74110985;0.0;0.0;0.0;0.060667593;0.0;0.060667336;0.0;0.06454372;0.0;0.17266952;0.0;0.17467925;0.0;1.0;0.0;1.0;0.0;1.0;0.0;1.0;0.0;1.0;0.0;1.0;0.0;1.0;0.0;1.0;0.0;1.0;0.0;1.0;0.0;1.0;0.0;1.0;0.0;1.0;0.0;1.0;0.0;1.0;0.0;1.0;0.0;1.0;0.0;1.0;0.0;1.0;0.0;0.0;0.0;0.0
0.42227134;0.0;0.34295246;0.0;0.15961228;0.0;0.04454175;0.0;0.0;0.0;0.04087511;0.0;0.0;0.0;0.0;0.0;0.11769153;0.0;0.87772864;0.0;0.17469075;0.0;0.0;0.0;0.0;0.0;0.060667593;0.0;0.0;0.0;0.04454361;0.0;0.15961552;0.0;0.17467925;0.0;1.0;0.0;1.0;0.0;1.0;0.0;1.0;0.0;1.0;0.0;1.0;0.0;1.0;0.0;1.0;0.0;1.0;0.0;1.0;0.0;1.0;0.0;1.0;0.0;1.0;0.0;1.0;0.0;1.0;0.0;1.0;0.0;1.0;0.0;1.0;0.0;1.0;0.0;0.0;0.0;0.0
0.4122715;0.0;0.3323109;0.0;0.14655855;0.0;0.024542479;0.0;0.0;0.0;0.04087511;0.0;0.04648123;0.0;0.0;0.0;0.41261387;0.0;0.8877285;0.0;0.17469075;0.0;0.0;0.0;0.0;0.0;0.060667593;0.0;0.0;0.0;0.024543505;0.0;0.1465615;0.0;0.17467925;0.0;1.0;0.0;1.0;0.0;1.0;0.0;1.0;0.0;1.0;0.0;1.0;0.0;1.0;0.0;1.0;0.0;1.0;0.0;1.0;0.0;1.0;0.0;1.0;0.0;1.0;0.0;1.0;0.0;1.0;0.0;1.0;0.0;1.0;0.0;1.0;0.0;1.0;0.0;0.0;0.0;0.0
0.40227166;0.0;0.3216693;0.0;0.1335048;0.0;0.004543208;0.0;0.14241816;0.0;0.04087511;0.0;0.04648123;0.0;0.0;0.0;0.42325553;0.0;0.8977283;0.0;0.17469075;0.0;0.0;0.0;0.06898897;0.0;0.060667593;0.0;0.16220978;0.0;0.004543398;0.0;0.1335075;0.0;0.17467925;0.0;1.0;0.0;1.0;0.0;1.0;0.0;1.0;0.0;1.0;0.0;1.0;0.0;1.0;0.0;1.0;0.0;1.0;0.0;1.0;0.0;1.0;0.0;1.0;0.0;1.0;0.0;1.0;0.0;1.0;0.0;1.0;0.0;1.0;0.0;1.0;0.0;1.0;0.0;0.0;0.0;0.0
0.3922716;0.0;0.31102756;0.0;0.12045081;0.0;0.0;0.0;0.14241816;0.0;0.04087511;0.0;0.04648123;0.0;0.010088793;0.0;0.4338974;0.0;0.9077284;0.0;0.17469075;0.0;0.010088589;0.0;0.06898897;0.0;0.060667593;0.0;0.16220978;0.0;0.0;0.0;0.12045325;0.0;0.17467925;0.0;1.0;0.0;1.0;0.0;1.0;0.0;1.0;0.0;1.0;0.0;1.0;0.0;1.0;0.0;1.0;0.0;1.0;0.0;1.0;0.0;1.0;0.0;1.0;0.0;1.0;0.0;1.0;0.0;1.0;0.0;1.0;0.0;1.0;0.0;1.0;0.0;1.0;0.0;0.0;0.0;0.0
0.3822716;0.0;0.11769942;0.0;0.10739682;0.0;0.0;0.0;0.14241816;0.0;0.04087511;0.0;0.04648123;0.0;0.02314305;0.0;0.018866278;0.0;0.9177284;0.0;0.17469075;0.0;0.02314258;0.0;0.06898897;0.0;0.060667593;0.0;0.16220978;0.0;0.18445727;0.0;0.23794103;0.0;0.17467925;0.0;1.0;0.0;1.0;0.0;1.0;0.0;1.0;0.0;1.0;0.0;1.0;0.0;1.0;0.0;1.0;0.0;1.0;0.0;1.0;0.0;1.0;0.0;1.0;0.0;1.0;0.0;1.0;0.0;1.0;0.0;1.0;0.0;1.0;0.0;1.0;0.0;1.0;0.0;0.0;0.0;0.0
0.37227154;0.0;0.11769942;0.0;0.094342835;0.0;0.16195276;0.0;0.14241816;0.0;0.0;0.0;0.04648123;0.0;0.0361973;0.0;0.029508144;0.0;0.9277285;0.0;0.17469075;0.0;0.03619657;0.0;0.06898897;0.0;0.060667593;0.0;0.16220978;0.0;0.18445727;0.0;0.22488678;0.0;0.17467925;0.0;1.0;0.0;1.0;0.0;1.0;0.0;1.0;0.0;1.0;0.0;1.0;0.0;1.0;0.0;1.0;0.0;1.0;0.0;1.0;0.0;1.0;0.0;1.0;0.0;1.0;0.0;1.0;0.0;1.0;0.0;1.0;0.0;1.0;0.0;1.0;0.0;1.0;0.0;0.0;0.0;0.0
0.3622715;0.0;0.11769942;0.0;0.21182823;0.0;0.16195276;0.0;0.14241816;0.0;0.0;0.0;0.04648123;0.0;0.04925156;0.0;0.04015001;0.0;0.9377285;0.0;0.17469075;0.0;0.04925056;0.0;0.06898897;0.0;0.0;0.0;0.16220978;0.0;0.18445727;0.0;0.21183252;0.0;0.17467925;0.0;1.0;0.0;1.0;0.0;1.0;0.0;1.0;0.0;1.0;0.0;1.0;0.0;1.0;0.0;1.0;0.0;1.0;0.0;1.0;0.0;1.0;0.0;1.0;0.0;1.0;0.0;1.0;0.0;1.0;0.0;1.0;0.0;1.0;0.0;1.0;0.0;1.0;0.0;0.0;0.0;0.0
0.35227147;0.0;0.11769942;0.0;0.19877425;0.0;0.16195276;0.0;0.14241816;0.0;0.14241755;0.0;0.04648123;0.0;0.062305816;0.0;0.05079187;0.0;0.9477285;0.0;0.4764607;0.0;0.06230455;0.0;0.06898897;0.0;0.16221048;0.0;0.16220978;0.0;0.18445727;0.0;0.19877827;0.0;0.17467925;0.0;1.0;0.0;1.0;0.0;1.0;0.0;1.0;0.0;1.0;0.0;1.0;0.0;1.0;0.0;1.0;0.0;1.0;0.0;1.0;0.0;1.0;0.0;1.0;0.0;1.0;0.0;1.0;0.0;1.0;0.0;1.0;0.0;1.0;0.0;1.0;0.0;1.0;0.0;0.0;0.0;0.0
0.34227142;0.0;0.11769942;0.0;0.18572026;0.0;0.16195276;0.0;0.0;0.0;0.14241755;0.0;0.04648123;0.0;0.07536007;0.0;0.06143374;0.0;0.95772856;0.0;0.48710245;0.0;0.07535855;0.0;0.06898897;0.0;0.16221048;0.0;0.0;0.0;0.084544584;0.0;0.18572402;0.0;0.17467925;0.0;1.0;0.0;1.0;0.0;1.0;0.0;1.0;0.0;1.0;0.0;1.0;0.0;1.0;0.0;1.0;0.0;1.0;0.0;1.0;0.0;1.0;0.0;1.0;0.0;1.0;0.0;1.0;0.0;1.0;0.0;1.0;0.0;1.0;0.0;1.0;0.0;1.0;0.0;0.0;0.0;0.0
0.3322714;0.0;0.11769942;0.0;0.17266628;0.0;0.0645414;0.0;0.0;0.0;0.14241755;0.0;0.04648123;0.0;0.06262354;0.0;0.0720756;0.0;0.9677286;0.0;0.07207497;0.0;0.08841254;0.0;0.06898897;0.0;0.16221048;0.0;0.0;0.0;0.0645441;0.0;0.17266977;0.0;0.35359737;0.0;1.0;0.0;1.0;0.0;1.0;0.0;1.0;0.0;1.0;0.0;1.0;0.0;1.0;0.0;1.0;0.0;1.0;0.0;1.0;0.0;1.0;0.0;1.0;0.0;1.0;0.0;1.0;0.0;1.0;0.0;1.0;0.0;1.0;0.0;1.0;0.0;1.0;0.0;0.0;0.0;0.0
0.32227135;0.0;0.11769942;0.0;0.15961228;0.0;0.04454175;0.0;0.14241816;0.0;0.14241755;0.0;0.04648123;0.0;0.06262354;0.0;0.08271746;0.0;0.97772866;0.0;0.08271675;0.0;0.10146652;0.0;0.06898897;0.0;0.16221048;0.0;0.16220978;0.0;0.04454361;0.0;0.15961552;0.0;0.34295553;0.0;1.0;0.0;1.0;0.0;1.0;0.0;1.0;0.0;1.0;0.0;1.0;0.0;1.0;0.0;1.0;0.0;1.0;0.0;1.0;0.0;1.0;0.0;1.0;0.0;1.0;0.0;1.0;0.0;1.0;0.0;1.0;0.0;1.0;0.0;1.0;0.0;1.0;0.0;0.0;0.0;0.0
0.3122713;0.0;0.11769942;0.0;0.1465583;0.0;0.024542097;0.0;0.14241816;0.0;0.14241755;0.0;0.0;0.0;0.06262354;0.0;0.093359336;0.0;0.9877287;0.0;0.09335852;0.0;0.11452051;0.0;0.06898897;0.0;0.16221048;0.0;0.16220978;0.0;0.024543123;0.0;0.14656125;0.0;0.33231363;0.0;1.0;0.0;1.0;0.0;1.0;0.0;1.0;0.0;1.0;0.0;1.0;0.0;1.0;0.0;1.0;0.0;1.0;0.0;1.0;0.0;1.0;0.0;1.0;0.0;1.0;0.0;1.0;0.0;1.0;0.0;1.0;0.0;1.0;0.0;1.0;0.0;1.0;0.0;0.0;0.0;0.0
0.30227128;0.0;0.11769942;0.0;0.1335043;0.0;0.004542445;0.0;0.14241816;0.0;0.14241755;0.0;0.0;0.0;0.06262354;0.0;0.1040012;0.0;0.9977287;0.0;0.104000285;0.0;0.09294928;0.0;0.0;0.0;0.16221048;0.0;0.16220978;0.0;0.004542635;0.0;0.133507;0.0;0.32167178;0.0;1.0;0.0;1.0;0.0;1.0;0.0;1.0;0.0;1.0;0.0;1.0;0.0;1.0;0.0;1.0;0.0;1.0;0.0;1.0;0.0;1.0;0.0;1.0;0.0;1.0;0.0;1.0;0.0;1.0;0.0;1.0;0.0;1.0;0.0;1.0;0.0;1.0;0.0;0.0;0.0;0.0
0.29227123;0.0;0.11769942;0.0;0.12045032;0.0;0.0;0.0;0.14241816;0.0;0.14241755;0.0;0.015457861;0.0;0.06262354;0.0;0.11464306;0.0;1.0;0.0;0.11464206;0.0;0.09294928;0.0;0.01545721;0.0;0.16221048;0.0;0.16220978;0.0;0.0;0.0;0.12045275;0.0;0.3110299;0.0;1.0;0.0;1.0;0.0;1.0;0.0;1.0;0.0;1.0;0.0;1.0;0.0;1.0;0.0;1.0;0.0;1.0;0.0;1.0;0.0;1.0;0.0;1.0;0.0;1.0;0.0;1.0;0.0;1.0;0.0;1.0;0.0;1.0;0.0;1.0;0.0;1.0;0.0;0.0;0.0;0.0
0.2822712;0.0;0.3003854;0.0;0.10739633;0.0;0.0;0.0;0.14241816;0.0;0.14241755;0.0;0.03545836;0.0;0.06262354;0.0;0.12528493;0.0;1.0;0.0;0.12528382;0.0;0.09294928;0.0;0.035456866;0.0;0.16221048;0.0;0.16220978;0.0;0.18445727;0.0;0.23794052;0.0;0.30038804;0.0;1.0;0.0;1.0;0.0;1.0;0.0;1.0;0.0;1.0;0.0;1.0;0.0;1.0;0.0;1.0;0.0;1.0;0.0;1.0;0.0;1.0;0.0;1.0;0.0;1.0;0.0;1.0;0.0;1.0;0.0;1.0;0.0;1.0;0.0;1.0;0.0;1.0;0.0;0.0;0.0;0.0
0.27227116;0.0;0.2897436;0.0;0.094342336;0.0;0.16195276;0.0;0.14241816;0.0;0.0;0.0;0.055458855;0.0;0.06262354;0.0;0.1359268;0.0;1.0;0.0;0.1359256;0.0;0.09294928;0.0;0.055456527;0.0;0.16221048;0.0;0.16220978;0.0;0.18445727;0.0;0.22488627;0.0;0.2897462;0.0;1.0;0.0;1.0;0.0;1.0;0.0;1.0;0.0;1.0;0.0;1.0;0.0;1.0;0.0;1.0;0.0;1.0;0.0;1.0;0.0;1.0;0.0;1.0;0.0;1.0;0.0;1.0;0.0;1.0;0.0;1.0;0.0;1.0;0.0;1.0;0.0;1.0;0.0;0.0;0.0;0.0
0.2622711;0.0;0.27910185;0.0;0.21182773;0.0;0.16195276;0.0;0.14241816;0.0;0.0;0.0;0.07545935;0.0;0.06262354;0.0;0.14656866;0.0;1.0;0.0;0.14656737;0.0;0.09294928;0.0;0.07545618;0.0;0.0;0.0;0.16220978;0.0;0.18445727;0.0;0.21183202;0.0;0.27910432;0.0;1.0;0.0;1.0;0.0;1.0;0.0;1.0;0.0;1.0;0.0;1.0;0.0;1.0;0.0;1.0;0.0;1.0;0.0;1.0;0.0;1.0;0.0;1.0;0.0;1.0;0.0;1.0;0.0;1.0;0.0;1.0;0.0;1.0;0.0;1.0;0.0;1.0;0.0;0.0;0.0;0.0
0.2522711;0.0;0.26846007;0.0;0.19877376;0.0;0.16195276;0.0;0.14241816;0.0;0.14241755;0.0;0.16195047;0.0;0.06262354;0.0;0.15721051;0.0;1.0;0.0;0.15720914;0.0;0.09294928;0.0;0.09545584;0.0;0.16221048;0.0;0.16220978;0.0;0.18445727;0.0;0.19877777;0.0;0.26846245;0.0;1.0;0.0;1.0;0.0;1.0;0.0;1.0;0.0;1.0;0.0;1.0;0.0;1.0;0.0;1.0;0.0;1.0;0.0;1.0;0.0;1.0;0.0;1.0;0.0;1.0;0.0;1.0;0.0;1.0;0.0;1.0;0.0;1.0;0.0;1.0;0.0;1.0;0.0;0.0;0.0;0.0
0.24227104;0.0;0.25781828;0.0;0.18571976;0.0;0.16195276;0.0;0.0;0.0;0.14241755;0.0;0.16195047;0.0;0.06262354;0.0;0.16785239;0.0;1.0;0.0;0.16785091;0.0;0.09294928;0.0;0.18445984;0.0;0.16221048;0.0;0.0;0.0;0.084543824;0.0;0.18572351;0.0;0.25782058;0.0;1.0;0.0;1.0;0.0;1.0;0.0;1.0;0.0;1.0;0.0;1.0;0.0;1.0;0.0;1.0;0.0;1.0;0.0;1.0;0.0;1.0;0.0;1.0;0.0;1.0;0.0;1.0;0.0;1.0;0.0;1.0;0.0;1.0;0.0;1.0;0.0;1.0;0.0;0.0;0.0;0.0
0.232271;0.0;0.24717653;0.0;0.17266577;0.0;0.06454064;0.0;0.0;0.0;0.14241755;0.0;0.16195047;0.0;0.08841482;0.0;0.17849424;0.0;1.0;0.0;0.1784927;0.0;0.09294928;0.0;0.18445984;0.0;0.16221048;0.0;0.0;0.0;0.06454334;0.0;0.17266926;0.0;0.24717872;0.0;1.0;0.0;1.0;0.0;1.0;0.0;1.0;0.0;1.0;0.0;1.0;0.0;1.0;0.0;1.0;0.0;1.0;0.0;1.0;0.0;1.0;0.0;1.0;0.0;1.0;0.0;1.0;0.0;1.0;0.0;1.0;0.0;1.0;0.0;1.0;0.0;1.0;0.0;0.0;0.0;0.0
0.22227097;0.0;0.23653476;0.0;0.15961179;0.0;0.044540986;0.0;0.14241816;0.0;0.14241755;0.0;0.16195047;0.0;0.10146908;0.0;0.18913612;0.0;1.0;0.0;0.18913446;0.0;0.09294928;0.0;0.18445984;0.0;0.16221048;0.0;0.16220978;0.0;0.044542845;0.0;0.15961501;0.0;0.23653686;0.0;1.0;0.0;1.0;0.0;1.0;0.0;1.0;0.0;1.0;0.0;1.0;0.0;1.0;0.0;1.0;0.0;1.0;0.0;1.0;0.0;1.0;0.0;1.0;0.0;1.0;0.0;1.0;0.0;1.0;0.0;1.0;0.0;1.0;0.0;1.0;0.0;1.0;0.0;0.0;0.0;0.0
0.21227093;0.0;0.22589299;0.0;0.1465578;0.0;0.024541335;0.0;0.14241816;0.0;0.14241755;0.0;0.0;0.0;0.11452333;0.0;0.19977799;0.0;1.0;0.0;0.19977623;0.0;0.09294928;0.0;0.18445984;0.0;0.16221048;0.0;0.16220978;0.0;0.02454236;0.0;0.14656076;0.0;0.225895;0.0;1.0;0.0;1.0;0.0;1.0;0.0;1.0;0.0;1.0;0.0;1.0;0.0;1.0;0.0;1.0;0.0;1.0;0.0;1.0;0.0;1.0;0.0;1.0;0.0;1.0;0.0;1.0;0.0;1.0;0.0;1.0;0.0;1.0;0.0;1.0;0.0;1.0;0.0;0.0;0.0;0.0
0.2022709;0.0;0.2152512;0.0;0.13350381;0.0;0.004541682;0.0;0.14241816;0.0;0.14241755;0.0;0.0;0.0;0.12757757;0.0;0.21041985;0.0;1.0;0.0;0.21041802;0.0;0.12757501;0.0;0.0;0.0;0.16221048;0.0;0.16220978;0.0;0.004541872;0.0;0.1335065;0.0;0.21525314;0.0;1.0;0.0;1.0;0.0;1.0;0.0;1.0;0.0;1.0;0.0;1.0;0.0;1.0;0.0;1.0;0.0;1.0;0.0;1.0;0.0;1.0;0.0;1.0;0.0;1.0;0.0;1.0;0.0;1.0;0.0;1.0;0.0;1.0;0.0;1.0;0.0;1.0;0.0;0.0;0.0;0.0
0.19227085;0.0;0.20460944;0.0;0.12044982;0.0;0.0;0.0;0.14241816;0.0;0.14241755;0.0;0.015458624;0.0;0.14063184;0.0;0.2210617;0.0;1.0;0.0;0.22105977;0.0;0.140629;0.0;0.015457973;0.0;0.16221048;0.0;0.16220978;0.0;0.0;0.0;0.12045225;0.0;0.20461126;0.0;1.0;0.0;1.0;0.0;1.0;0.0;1.0;0.0;1.0;0.0;1.0;0.0;1.0;0.0;1.0;0.0;1.0;0.0;1.0;0.0;1.0;0.0;1.0;0.0;1.0;0.0;1.0;0.0;1.0;0.0;1.0;0.0;1.0;0.0;1.0;0.0;1.0;0.0;0.0;0.0;0.0
0.18227081;0.0;0.19396767;0.0;0.10739583;0.0;0.0;0.0;0.14241816;0.0;0.14241755;0.0;0.035459124;0.0;0.15368609;0.0;0.23170356;0.0;1.0;0.0;0.23170154;0.0;0.15368298;0.0;0.03545763;0.0;0.16221048;0.0;0.16220978;0.0;0.18445727;0.0;0.092946626;0.0;0.1939694;0.0;1.0;0.0;1.0;0.0;1.0;0.0;1.0;0.0;1.0;0.0;1.0;0.0;1.0;0.0;1.0;0.0;1.0;0.0;1.0;0.0;1.0;0.0;1.0;0.0;1.0;0.0;1.0;0.0;1.0;0.0;1.0;0.0;1.0;0.0;1.0;0.0;1.0;0.0;0.0;0.0;0.0
0.17227077;0.0;0.18332592;0.0;0.09434183;0.0;0.16195276;0.0;0.14241816;0.0;0.0;0.0;0.05545962;0.0;0.16674034;0.0;0.24234545;0.0;1.0;0.0;0.24234334;0.0;0.16673698;0.0;0.055457287;0.0;0.16221048;0.0;0.16220978;0.0;0.18445727;0.0;0.092946626;0.0;0.18332753;0.0;1.0;0.0;1.0;0.0;1.0;0.0;1.0;0.0;1.0;0.0;1.0;0.0;1.0;0.0;1.0;0.0;1.0;0.0;1.0;0.0;1.0;0.0;1.0;0.0;1.0;0.0;1.0;0.0;1.0;0.0;1.0;0.0;1.0;0.0;1.0;0.0;1.0;0.0;0.0;0.0;0.0
0.16227074;0.0;0.17268413;0.0;0.06262534;0.0;0.16195276;0.0;0.14241816;0.0;0.0;0.0;0.07546012;0.0;0.17979461;0.0;0.25298733;0.0;1.0;0.0;0.2529851;0.0;0.17979096;0.0;0.07545694;0.0;0.0;0.0;0.16220978;0.0;0.18445727;0.0;0.092946626;0.0;0.0;0.0;1.0;0.0;1.0;0.0;1.0;0.0;1.0;0.0;1.0;0.0;1.0;0.0;1.0;0.0;1.0;0.0;1.0;0.0;1.0;0.0;1.0;0.0;1.0;0.0;1.0;0.0;1.0;0.0;1.0;0.0;1.0;0.0;1.0;0.0;1.0;0.0;1.0;0.0;0.0;0.0;0.0
0.1522707;0.0;0.16204236;0.0;0.06262534;0.0;0.16195276;0.0;0.14241816;0.0;0.14241755;0.0;0.16195047;0.0;0.19284886;0.0;0.26362917;0.0;1.0;0.0;0.26362687;0.0;0.19284496;0.0;0.0954566;0.0;0.16221048;0.0;0.16220978;0.0;0.18445727;0.0;0.092946626;0.0;0.0;0.0;1.0;0.0;1.0;0.0;1.0;0.0;1.0;0.0;1.0;0.0;1.0;0.0;1.0;0.0;1.0;0.0;1.0;0.0;1.0;0.0;1.0;0.0;1.0;0.0;1.0;0.0;1.0;0.0;1.0;0.0;1.0;0.0;1.0;0.0;1.0;0.0;1.0;0.0;0.0;0.0;0.0
0.14227065;0.0;0.1514006;0.0;0.06262534;0.0;0.16195276;0.0;0.0;0.0;0.14241755;0.0;0.16195047;0.0;0.20590313;0.0;0.27427104;0.0;1.0;0.0;0.27426863;0.0;0.20589896;0.0;0.18445984;0.0;0.16221048;0.0;0.0;0.0;0.084543064;0.0;0.092946626;0.0;0.0;0.0;1.0;0.0;1.0;0.0;1.0;0.0;1.0;0.0;1.0;0.0;1.0;0.0;1.0;0.0;1.0;0.0;1.0;0.0;1.0;0.0;1.0;0.0;1.0;0.0;1.0;0.0;1.0;0.0;1.0;0.0;1.0;0.0;1.0;0.0;1.0;0.0;1.0;0.0;0.0;0.0;0.0
0.13227062;0.0;0.14075883;0.0;0.06262534;0.0;0.06453987;0.0;0.0;0.0;0.14241755;0.0;0.16195047;0.0;0.08841532;0.0;0.28491288;0.0;1.0;0.0;0.2849104;0.0;0.21895294;0.0;0.18445984;0.0;0.16221048;0.0;0.0;0.0;0.06454258;0.0;0.092946626;0.0;0.0;0.0;1.0;0.0;1.0;0.0;1.0;0.0;1.0;0.0;1.0;0.0;1.0;0.0;1.0;0.0;1.0;0.0;1.0;0.0;1.0;0.0;1.0;0.0;1.0;0.0;1.0;0.0;1.0;0.0;1.0;0.0;1.0;0.0;1.0;0.0;1.0;0.0;0.0;0.0;1.0;0.0;0.0
0.13235131;0.0;0.139077;0.0;0.0653847;0.0;0.06089605;0.0;0.0;0.0;0.14163233;0.0;0.15884669;0.0;0.09113986;0.0;0.10745408;0.0;1.0;0.0;0.28150624;0.0;0.21284962;0.0;0.18837021;0.0;0.16331503;0.0;0.0;0.0;0.06873973;0.0;0.0892875;0.0;0.0;0.0;1.0;0.0;1.0;0.0;1.0;0.0;1.0;0.0;1.0;0.0;1.0;0.0;1.0;0.0;1.0;0.0;1.0;0.0;1.0;0.0;1.0;0.0;1.0;0.0;1.0;0.0;1.0;0.0;1.0;0.0;1.0;0.0;1.0;0.0;1.0;0.0;0.0;0.0;1.0;0.0;0.0
0.13259372;0.0;0.0;0.0;0.06848571;0.0;0.057708234;0.0;0.14454834;0.0;0.14102659;0.0;0.15604618;0.0;0.09415601;0.0;0.09896603;0.0;0.6693605;0.0;0.27851775;0.0;0.20732307;0.0;0.12111769;0.0;0.1646367;0.0;0.16062552;0.0;0.17773244;0.0;0.086006366;0.0;0.0;0.0;1.0;0.0;1.0;0.0;1.0;0.0;1.0;0.0;1.0;0.0;1.0;0.0;1.0;0.0;1.0;0.0;1.0;0.0;1.0;0.0;1.0;0.0;1.0;0.0;1.0;0.0;1.0;0.0;1.0;0.0;1.0;0.0;1.0;0.0;1.0;0.0;0.0;0.0;1.0;0.0;0.0
0.13299938;0.0;0.0;0.0;0.071987584;0.0;0.05490113;0.0;0.1459069;0.0;0.14059658;0.0;0.0;0.0;0.097501494;0.0;0.09182449;0.0;0.6714083;0.0;0.2759247;0.0;0.20231652;0.0;0.115226164;0.0;0.0;0.0;0.16013575;0.0;0.1748626;0.0;0.08305545;0.0;0.14716542;0.0;1.0;0.0;1.0;0.0;1.0;0.0;1.0;0.0;1.0;0.0;1.0;0.0;1.0;0.0;1.0;0.0;1.0;0.0;1.0;0.0;1.0;0.0;1.0;0.0;1.0;0.0;1.0;0.0;1.0;0.0;1.0;0.0;1.0;0.0;1.0;0.0;0.0;0.0;1.0;0.0;0.0
0.13357076;0.0;0.0;0.0;0.075964406;0.0;0.05241535;0.0;0.14747259;0.0;0.14033964;0.0;0.0;0.0;0.10122134;0.0;0.18996651;0.0;0.27036098;0.0;0.2737099;0.0;0.19778135;0.0;0.110009015;0.0;0.0;0.0;0.15984309;0.0;0.17229055;0.0;0.08039501;0.0;0.14980671;0.0;1.0;0.0;1.0;0.0;1.0;0.0;1.0;0.0;1.0;0.0;1.0;0.0;1.0;0.0;1.0;0.0;1.0;0.0;1.0;0.0;1.0;0.0;1.0;0.0;1.0;0.0;1.0;0.0;1.0;0.0;1.0;0.0;1.0;0.0;1.0;0.0;0.0;0.0;1.0;0.0;0.0
0.13431141;0.0;0.0;0.0;0.15273187;0.0;0.050203435;0.0;0.14925608;0.0;0.14025421;0.0;0.0;0.0;0.10536975;0.0;0.19367859;0.0;0.27186012;0.0;0.27185896;0.0;0.11949412;0.0;0.10536666;0.0;0.0;0.0;0.15974578;0.0;0.16999719;0.0;0.0779918;0.0;0.15273403;0.0;1.0;0.0;1.0;0.0;1.0;0.0;1.0;0.0;1.0;0.0;1.0;0.0;1.0;0.0;1.0;0.0;1.0;0.0;1.0;0.0;1.0;0.0;1.0;0.0;1.0;0.0;1.0;0.0;1.0;0.0;1.0;0.0;1.0;0.0;1.0;0.0;0.0;0.0;1.0;0.0;0.0
0.13522598;0.0;0.13357028;0.0;0.14980476;0.0;0.04822702;0.0;0.1512698;0.0;0.14033976;0.0;0.0;0.0;0.11001247;0.0;0.1977844;0.0;0.27371135;0.0;0.67429036;0.0;0.12726472;0.0;0.10121858;0.0;0.0;0.0;0.15984324;0.0;0.16796601;0.0;0.05241699;0.0;0.15597185;0.0;1.0;0.0;1.0;0.0;1.0;0.0;1.0;0.0;1.0;0.0;1.0;0.0;1.0;0.0;1.0;0.0;1.0;0.0;1.0;0.0;1.0;0.0;1.0;0.0;1.0;0.0;1.0;0.0;1.0;0.0;1.0;0.0;1.0;0.0;1.0;0.0;0.0;0.0;1.0;0.0;0.0
0.13632032;0.0;0.13299903;0.0;0.14716366;0.0;0.055960618;0.0;0.1535282;0.0;0.14059682;0.0;0.0;0.0;0.115230046;0.0;0.20231989;0.0;0.2759264;0.0;0.67140657;0.0;0.13629386;0.0;0.09749902;0.0;0.1748645;0.0;0.16013601;0.0;0.16618288;0.0;0.05490299;0.0;0.15954852;0.0;1.0;0.0;1.0;0.0;1.0;0.0;1.0;0.0;1.0;0.0;1.0;0.0;1.0;0.0;1.0;0.0;1.0;0.0;1.0;0.0;1.0;0.0;1.0;0.0;1.0;0.0;1.0;0.0;1.0;0.0;1.0;0.0;1.0;0.0;1.0;0.0;0.0;0.0;1.0;0.0;0.0
0.0;0.0;0.1325935;0.0;0.14478742;0.0;0.057948966;0.0;0.15604804;0.0;0.14102694;0.0;0.14454745;0.0;0.16917574;0.0;0.2073268;0.0;0.27851972;0.0;1.0;0.0;0.1468947;0.0;0.094153784;0.0;0.17773455;0.0;0.16062592;0.0;0.16463569;0.0;0.05771033;0.0;0.10164388;0.0;1.0;0.0;1.0;0.0;1.0;0.0;1.0;0.0;1.0;0.0;1.0;0.0;1.0;0.0;1.0;0.0;1.0;0.0;1.0;0.0;1.0;0.0;1.0;0.0;1.0;0.0;1.0;0.0;1.0;0.0;1.0;0.0;1.0;0.0;1.0;0.0;0.0;0.0;1.0;0.0;0.0
0.0;0.0;0.13235119;0.0;0.14265774;0.0;0.060159814;0.0;0.15884879;0.0;0.0;0.0;0.1433872;0.0;0.16538346;0.0;0.21285371;0.0;0.28150848;0.0;1.0;0.0;0.288754;0.0;0.22569959;0.0;0.1809245;0.0;0.16131598;0.0;0.1633142;0.0;0.06089844;0.0;0.09704171;0.0;1.0;0.0;1.0;0.0;1.0;0.0;1.0;0.0;1.0;0.0;1.0;0.0;1.0;0.0;1.0;0.0;1.0;0.0;1.0;0.0;1.0;0.0;1.0;0.0;1.0;0.0;1.0;0.0;1.0;0.0;1.0;0.0;1.0;0.0;1.0;0.0;0.0;0.0;1.0;0.0;0.0
0.0;0.0;0.13227062;0.0;0.14075881;0.0;0.06262538;0.0;0.06453985;0.0;0.0;0.0;0.14241754;0.0;0.16195044;0.0;0.088415354;0.0;0.28491294;0.0;1.0;0.0;0.28491035;0.0;0.21895285;0.0;0.1844599;0.0;0.16221048;0.0;0.0;0.0;0.06454263;0.0;0.092946574;0.0;1.0;0.0;1.0;0.0;1.0;0.0;1.0;0.0;1.0;0.0;1.0;0.0;1.0;0.0;1.0;0.0;1.0;0.0;1.0;0.0;1.0;0.0;1.0;0.0;1.0;0.0;1.0;0.0;1.0;0.0;1.0;0.0;1.0;0.0;1.0;0.0;0.0;0.0;1.0;0.0;0.0
0.0;0.0;0.13235131;0.0;0.139077;0.0;0.06538474;0.0;0.060896;0.0;0.0;0.0;0.14163232;0.0;0.15884666;0.0;0.0911399;0.0;0.10745394;0.0;1.0;0.0;0.28150618;0.0;0.21284954;0.0;0.18837026;0.0;0.16331503;0.0;0.0;0.0;0.06873979;0.0;0.089287445;0.0;1.0;0.0;1.0;0.0;1.0;0.0;1.0;0.0;1.0;0.0;1.0;0.0;1.0;0.0;1.0;0.0;1.0;0.0;1.0;0.0;1.0;0.0;1.0;0.0;1.0;0.0;1.0;0.0;1.0;0.0;1.0;0.0;1.0;0.0;1.0;0.0;0.0;0.0;1.0;0.0;0.0
0.0;0.0;0.13259372;0.0;0.0;0.0;0.06848575;0.0;0.05770821;0.0;0.14454836;0.0;0.14102659;0.0;0.15604615;0.0;0.09415606;0.0;0.09896593;0.0;0.6693605;0.0;0.27851772;0.0;0.20732303;0.0;0.12111759;0.0;0.1646367;0.0;0.1606255;0.0;0.1777324;0.0;0.08600633;0.0;1.0;0.0;1.0;0.0;1.0;0.0;1.0;0.0;1.0;0.0;1.0;0.0;1.0;0.0;1.0;0.0;1.0;0.0;1.0;0.0;1.0;0.0;1.0;0.0;1.0;0.0;1.0;0.0;1.0;0.0;1.0;0.0;1.0;0.0;1.0;0.0;0.0;0.0;1.0;0.0;0.0
0.14716546;0.0;0.13299939;0.0;0.0;0.0;0.07198763;0.0;0.054901093;0.0;0.1459069;0.0;0.14059658;0.0;0.0;0.0;0.097501546;0.0;0.09182439;0.0;0.6714083;0.0;0.27592468;0.0;0.20231645;0.0;0.115226075;0.0;0.0;0.0;0.16013573;0.0;0.17486256;0.0;0.08305542;0.0;1.0;0.0;1.0;0.0;1.0;0.0;1.0;0.0;1.0;0.0;1.0;0.0;1.0;0.0;1.0;0.0;1.0;0.0;1.0;0.0;1.0;0.0;1.0;0.0;1.0;0.0;1.0;0.0;1.0;0.0;1.0;0.0;1.0;0.0;1.0;0.0;0.0;0.0;1.0;0.0;0.0
0.14980677;0.0;0.13357076;0.0;0.0;0.0;0.075964466;0.0;0.052415334;0.0;0.1474726;0.0;0.14033964;0.0;0.0;0.0;0.1012214;0.0;0.18996656;0.0;0.270361;0.0;0.27370986;0.0;0.1977813;0.0;0.110008955;0.0;0.0;0.0;0.15984309;0.0;0.17229052;0.0;0.08039498;0.0;1.0;0.0;1.0;0.0;1.0;0.0;1.0;0.0;1.0;0.0;1.0;0.0;1.0;0.0;1.0;0.0;1.0;0.0;1.0;0.0;1.0;0.0;1.0;0.0;1.0;0.0;1.0;0.0;1.0;0.0;1.0;0.0;1.0;0.0;1.0;0.0;0.0;0.0;1.0;0.0;0.0
0.1527341;0.0;0.13431141;0.0;0.0;0.0;0.15273182;0.0;0.050203405;0.0;0.14925611;0.0;0.14025421;0.0;0.0;0.0;0.10536981;0.0;0.19367863;0.0;0.27186012;0.0;0.27185893;0.0;0.119494215;0.0;0.1053666;0.0;0.0;0.0;0.15974578;0.0;0.16999714;0.0;0.07799177;0.0;1.0;0.0;1.0;0.0;1.0;0.0;1.0;0.0;1.0;0.0;1.0;0.0;1.0;0.0;1.0;0.0;1.0;0.0;1.0;0.0;1.0;0.0;1.0;0.0;1.0;0.0;1.0;0.0;1.0;0.0;1.0;0.0;1.0;0.0;1.0;0.0;0.0;0.0;1.0;0.0;0.0
0.15597191;0.0;0.135226;0.0;0.13357028;0.0;0.14980473;0.0;0.04822701;0.0;0.15126982;0.0;0.14033976;0.0;0.0;0.0;0.110012546;0.0;0.19778445;0.0;0.27371135;0.0;0.6742903;0.0;0.12726484;0.0;0.10121852;0.0;0.0;0.0;0.15984324;0.0;0.16796598;0.0;0.05241703;0.0;1.0;0.0;1.0;0.0;1.0;0.0;1.0;0.0;1.0;0.0;1.0;0.0;1.0;0.0;1.0;0.0;1.0;0.0;1.0;0.0;1.0;0.0;1.0;0.0;1.0;0.0;1.0;0.0;1.0;0.0;1.0;0.0;1.0;0.0;1.0;0.0;0.0;0.0;1.0;0.0;0.0
0.1595486;0.0;0.13632035;0.0;0.13299903;0.0;0.14716361;0.0;0.055960637;0.0;0.15352823;0.0;0.14059684;0.0;0.0;0.0;0.11523012;0.0;0.20231993;0.0;0.2759264;0.0;0.6714065;0.0;0.136294;0.0;0.09749897;0.0;0.1748645;0.0;0.16013601;0.0;0.16618285;0.0;0.05490302;0.0;1.0;0.0;1.0;0.0;1.0;0.0;1.0;0.0;1.0;0.0;1.0;0.0;1.0;0.0;1.0;0.0;1.0;0.0;1.0;0.0;1.0;0.0;1.0;0.0;1.0;0.0;1.0;0.0;1.0;0.0;1.0;0.0;1.0;0.0;1.0;0.0;0.0;0.0;1.0;0.0;0.0
0.101643786;0.0;0.0;0.0;0.13259348;0.0;0.14478739;0.0;0.057948984;0.0;0.15604809;0.0;0.14102696;0.0;0.14454743;0.0;0.16917568;0.0;0.20732684;0.0;0.27851975;0.0;1.0;0.0;0.14689484;0.0;0.09415374;0.0;0.17773455;0.0;0.16062592;0.0;0.16463567;0.0;0.057710372;0.0;1.0;0.0;1.0;0.0;1.0;0.0;1.0;0.0;1.0;0.0;1.0;0.0;1.0;0.0;1.0;0.0;1.0;0.0;1.0;0.0;1.0;0.0;1.0;0.0;1.0;0.0;1.0;0.0;1.0;0.0;1.0;0.0;1.0;0.0;1.0;0.0;0.0;0.0;1.0;0.0;0.0
0.09704162;0.0;0.0;0.0;0.13235119;0.0;0.14265773;0.0;0.060159843;0.0;0.1588488;0.0;0.0;0.0;0.14338718;0.0;0.16538341;0.0;0.21285379;0.0;0.2815085;0.0;1.0;0.0;0.28875393;0.0;0.2256995;0.0;0.1809245;0.0;0.16131599;0.0;0.16331416;0.0;0.06089849;0.0;1.0;0.0;1.0;0.0;1.0;0.0;1.0;0.0;1.0;0.0;1.0;0.0;1.0;0.0;1.0;0.0;1.0;0.0;1.0;0.0;1.0;0.0;1.0;0.0;1.0;0.0;1.0;0.0;1.0;0.0;1.0;0.0;1.0;0.0;1.0;0.0;0.0;0.0;1.0;0.0;0.0
0.09294651;0.0;0.0;0.0;0.13227062;0.0;0.14075878;0.0;0.06262539;0.0;0.0645398;0.0;0.0;0.0;0.14241754;0.0;0.1619504;0.0;0.088415384;0.0;0.28491297;0.0;1.0;0.0;0.28491032;0.0;0.21895278;0.0;0.1844599;0.0;0.1622105;0.0;0.0;0.0;0.06454267;0.0;1.0;0.0;1.0;0.0;1.0;0.0;1.0;0.0;1.0;0.0;1.0;0.0;1.0;0.0;1.0;0.0;1.0;0.0;1.0;0.0;1.0;0.0;1.0;0.0;1.0;0.0;1.0;0.0;1.0;0.0;1.0;0.0;1.0;0.0;1.0;0.0;0.0;0.0;1.0;0.0;0.0
0.089287385;0.0;0.0;0.0;0.13235131;0.0;0.13907698;0.0;0.065384775;0.0;0.060895972;0.0;0.0;0.0;0.14163232;0.0;0.15884663;0.0;0.091139935;0.0;0.10745388;0.0;1.0;0.0;0.28150612;0.0;0.21284947;0.0;0.18837026;0.0;0.16331504;0.0;0.0;0.0;0.06873985;0.0;1.0;0.0;1.0;0.0;1.0;0.0;1.0;0.0;1.0;0.0;1.0;0.0;1.0;0.0;1.0;0.0;1.0;0.0;1.0;0.0;1.0;0.0;1.0;0.0;1.0;0.0;1.0;0.0;1.0;0.0;1.0;0.0;1.0;0.0;1.0;0.0;0.0;0.0;1.0;0.0;0.0
0.08600627;0.0;0.0;0.0;0.13259374;0.0;0.0;0.0;0.06848578;0.0;0.057708174;0.0;0.14454837;0.0;0.14102659;0.0;0.15604612;0.0;0.0941561;0.0;0.09896587;0.0;0.6693605;0.0;0.27851766;0.0;0.20732293;0.0;0.12111759;0.0;0.1646367;0.0;0.16062549;0.0;0.17773235;0.0;1.0;0.0;1.0;0.0;1.0;0.0;1.0;0.0;1.0;0.0;1.0;0.0;1.0;0.0;1.0;0.0;1.0;0.0;1.0;0.0;1.0;0.0;1.0;0.0;1.0;0.0;1.0;0.0;1.0;0.0;1.0;0.0;1.0;0.0;1.0;0.0;0.0;0.0;1.0;0.0;0.0
0.08305536;0.0;0.1471655;0.0;0.13299939;0.0;0.0;0.0;0.07198768;0.0;0.054901075;0.0;0.14590693;0.0;0.14059657;0.0;0.0;0.0;0.09750159;0.0;0.091824345;0.0;0.6714083;0.0;0.27592465;0.0;0.20231637;0.0;0.115226075;0.0;0.0;0.0;0.16013572;0.0;0.17486253;0.0;1.0;0.0;1.0;0.0;1.0;0.0;1.0;0.0;1.0;0.0;1.0;0.0;1.0;0.0;1.0;0.0;1.0;0.0;1.0;0.0;1.0;0.0;1.0;0.0;1.0;0.0;1.0;0.0;1.0;0.0;1.0;0.0;1.0;0.0;1.0;0.0;0.0;0.0;1.0;0.0;0.0
0.08039493;0.0;0.1498068;0.0;0.13357076;0.0;0.0;0.0;0.075964496;0.0;0.0524153;0.0;0.14747265;0.0;0.14033964;0.0;0.0;0.0;0.10122144;0.0;0.18996659;0.0;0.270361;0.0;0.27370983;0.0;0.19778123;0.0;0.110008955;0.0;0.0;0.0;0.15984309;0.0;0.17229047;0.0;1.0;0.0;1.0;0.0;1.0;0.0;1.0;0.0;1.0;0.0;1.0;0.0;1.0;0.0;1.0;0.0;1.0;0.0;1.0;0.0;1.0;0.0;1.0;0.0;1.0;0.0;1.0;0.0;1.0;0.0;1.0;0.0;1.0;0.0;1.0;0.0;0.0;0.0;1.0;0.0;0.0
0.07799173;0.0;0.15273412;0.0;0.13431141;0.0;0.0;0.0;0.15273182;0.0;0.050203405;0.0;0.14925611;0.0;0.14025421;0.0;0.0;0.0;0.10536983;0.0;0.19367863;0.0;0.27186015;0.0;0.2718589;0.0;0.11949426;0.0;0.10536663;0.0;0.0;0.0;0.15974578;0.0;0.16999713;0.0;1.0;0.0;1.0;0.0;1.0;0.0;1.0;0.0;1.0;0.0;1.0;0.0;1.0;0.0;1.0;0.0;1.0;0.0;1.0;0.0;1.0;0.0;1.0;0.0;1.0;0.0;1.0;0.0;1.0;0.0;1.0;0.0;1.0;0.0;1.0;0.0;0.0;0.0;1.0;0.0;0.0
0.05241704;0.0;0.15597191;0.0;0.135226;0.0;0.13357028;0.0;0.14980474;0.0;0.04822701;0.0;0.15126982;0.0;0.14033976;0.0;0.0;0.0;0.110012546;0.0;0.19778442;0.0;0.27371135;0.0;0.6742903;0.0;0.12726484;0.0;0.10121858;0.0;0.0;0.0;0.15984324;0.0;0.16796598;0.0;1.0;0.0;1.0;0.0;1.0;0.0;1.0;0.0;1.0;0.0;1.0;0.0;1.0;0.0;1.0;0.0;1.0;0.0;1.0;0.0;1.0;0.0;1.0;0.0;1.0;0.0;1.0;0.0;1.0;0.0;1.0;0.0;1.0;0.0;1.0;0.0;0.0;0.0;1.0;0.0;0.0
0.05490301;0.0;0.15954857;0.0;0.13632032;0.0;0.13299903;0.0;0.14716366;0.0;0.055960618;0.0;0.1535282;0.0;0.14059682;0.0;0.0;0.0;0.11523008;0.0;0.20231989;0.0;0.2759264;0.0;0.6714065;0.0;0.13629393;0.0;0.09749904;0.0;0.17486449;0.0;0.16013601;0.0;0.16618286;0.0;1.0;0.0;1.0;0.0;1.0;0.0;1.0;0.0;1.0;0.0;1.0;0.0;1.0;0.0;1.0;0.0;1.0;0.0;1.0;0.0;1.0;0.0;1.0;0.0;1.0;0.0;1.0;0.0;1.0;0.0;1.0;0.0;1.0;0.0;1.0;0.0;0.0;0.0;1.0;0.0;0.0
0.05771035;0.0;0.10164386;0.0;0.0;0.0;0.1325935;0.0;0.14478743;0.0;0.057948954;0.0;0.15604804;0.0;0.14102694;0.0;0.14454746;0.0;0.16917574;0.0;0.20732674;0.0;0.2785197;0.0;1.0;0.0;0.1468947;0.0;0.09415382;0.0;0.17773452;0.0;0.16062592;0.0;0.16463569;0.0;1.0;0.0;1.0;0.0;1.0;0.0;1.0;0.0;1.0;0.0;1.0;0.0;1.0;0.0;1.0;0.0;1.0;0.0;1.0;0.0;1.0;0.0;1.0;0.0;1.0;0.0;1.0;0.0;1.0;0.0;1.0;0.0;1.0;0.0;1.0;0.0;0.0;0.0;1.0;0.0;0.0
0.060898434;0.0;0.09704172;0.0;0.0;0.0;0.13235119;0.0;0.14265777;0.0;0.060159784;0.0;0.15884873;0.0;0.0;0.0;0.1433872;0.0;0.16538349;0.0;0.21285363;0.0;0.28150842;0.0;1.0;0.0;0.28875402;0.0;0.22569974;0.0;0.18092445;0.0;0.16131598;0.0;0.1633142;0.0;1.0;0.0;1.0;0.0;1.0;0.0;1.0;0.0;1.0;0.0;1.0;0.0;1.0;0.0;1.0;0.0;1.0;0.0;1.0;0.0;1.0;0.0;1.0;0.0;1.0;0.0;1.0;0.0;1.0;0.0;1.0;0.0;1.0;0.0;1.0;0.0;0.0;0.0;1.0;0.0;0.0
0.06454259;0.0;0.092946604;0.0;0.0;0.0;0.13227062;0.0;0.14075884;0.0;0.062625326;0.0;0.0645399;0.0;0.0;0.0;0.14241756;0.0;0.1619505;0.0;0.088415295;0.0;0.28491288;0.0;1.0;0.0;0.2849104;0.0;0.21895301;0.0;0.18445978;0.0;0.16221046;0.0;0.0;0.0;1.0;0.0;1.0;0.0;1.0;0.0;1.0;0.0;1.0;0.0;1.0;0.0;1.0;0.0;1.0;0.0;1.0;0.0;1.0;0.0;1.0;0.0;1.0;0.0;1.0;0.0;1.0;0.0;1.0;0.0;1.0;0.0;1.0;0.0;1.0;0.0;0.0;0.0;1.0;0.0;0.0
0.06873971;0.0;0.089287505;0.0;0.0;0.0;0.13235131;0.0;0.13907704;0.0;0.065384656;0.0;0.06089609;0.0;0.0;0.0;0.14163233;0.0;0.15884672;0.0;0.091139816;0.0;0.107454196;0.0;1.0;0.0;0.28150624;0.0;0.21284974;0.0;0.18837014;0.0;0.16331501;0.0;0.0;0.0;1.0;0.0;1.0;0.0;1.0;0.0;1.0;0.0;1.0;0.0;1.0;0.0;1.0;0.0;1.0;0.0;1.0;0.0;1.0;0.0;1.0;0.0;1.0;0.0;1.0;0.0;1.0;0.0;1.0;0.0;1.0;0.0;1.0;0.0;1.0;0.0;0.0;0.0;1.0;0.0;0.0
0.17773247;0.0;0.086006396;0.0;0.0;0.0;0.13259372;0.0;0.0;0.0;0.06848564;0.0;0.057708293;0.0;0.14454831;0.0;0.1410266;0.0;0.15604623;0.0;0.09415595;0.0;0.098966196;0.0;0.66936046;0.0;0.27851778;0.0;0.20732324;0.0;0.12111785;0.0;0.16463664;0.0;0.16062552;0.0;1.0;0.0;1.0;0.0;1.0;0.0;1.0;0.0;1.0;0.0;1.0;0.0;1.0;0.0;1.0;0.0;1.0;0.0;1.0;0.0;1.0;0.0;1.0;0.0;1.0;0.0;1.0;0.0;1.0;0.0;1.0;0.0;1.0;0.0;1.0;0.0;0.0;0.0;1.0;0.0;0.0
0.17486264;0.0;0.0830555;0.0;0.14716537;0.0;0.13299936;0.0;0.0;0.0;0.07198747;0.0;0.0549012;0.0;0.14590685;0.0;0.14059658;0.0;0.0;0.0;0.09750139;0.0;0.091824666;0.0;0.67140824;0.0;0.27592474;0.0;0.20231669;0.0;0.11522635;0.0;0.0;0.0;0.16013575;0.0;1.0;0.0;1.0;0.0;1.0;0.0;1.0;0.0;1.0;0.0;1.0;0.0;1.0;0.0;1.0;0.0;1.0;0.0;1.0;0.0;1.0;0.0;1.0;0.0;1.0;0.0;1.0;0.0;1.0;0.0;1.0;0.0;1.0;0.0;1.0;0.0;0.0;0.0;1.0;0.0;0.0
0.17229061;0.0;0.08039507;0.0;0.14980663;0.0;0.13357073;0.0;0.0;0.0;0.075964265;0.0;0.05241543;0.0;0.14747253;0.0;0.14033964;0.0;0.0;0.0;0.101221204;0.0;0.1899664;0.0;0.27036095;0.0;0.27370995;0.0;0.19778153;0.0;0.110009216;0.0;0.0;0.0;0.1598431;0.0;1.0;0.0;1.0;0.0;1.0;0.0;1.0;0.0;1.0;0.0;1.0;0.0;1.0;0.0;1.0;0.0;1.0;0.0;1.0;0.0;1.0;0.0;1.0;0.0;1.0;0.0;1.0;0.0;1.0;0.0;1.0;0.0;1.0;0.0;1.0;0.0;0.0;0.0;1.0;0.0;0.0
0.16999725;0.0;0.07799186;0.0;0.15273394;0.0;0.13431138;0.0;0.0;0.0;0.15273198;0.0;0.05020352;0.0;0.149256;0.0;0.14025421;0.0;0.0;0.0;0.10536955;0.0;0.19367841;0.0;0.27186006;0.0;0.27185902;0.0;0.11949377;0.0;0.10536686;0.0;0.0;0.0;0.15974578;0.0;1.0;0.0;1.0;0.0;1.0;0.0;1.0;0.0;1.0;0.0;1.0;0.0;1.0;0.0;1.0;0.0;1.0;0.0;1.0;0.0;1.0;0.0;1.0;0.0;1.0;0.0;1.0;0.0;1.0;0.0;1.0;0.0;1.0;0.0;1.0;0.0;0.0;0.0;1.0;0.0;0.0
0.16796607;0.0;0.052416913;0.0;0.15597172;0.0;0.13522594;0.0;0.13357033;0.0;0.14980489;0.0;0.04822711;0.0;0.15126969;0.0;0.14033976;0.0;0.0;0.0;0.11001225;0.0;0.19778419;0.0;0.27371123;0.0;0.67429054;0.0;0.12726428;0.0;0.1012188;0.0;0.0;0.0;0.15984322;0.0;1.0;0.0;1.0;0.0;1.0;0.0;1.0;0.0;1.0;0.0;1.0;0.0;1.0;0.0;1.0;0.0;1.0;0.0;1.0;0.0;1.0;0.0;1.0;0.0;1.0;0.0;1.0;0.0;1.0;0.0;1.0;0.0;1.0;0.0;1.0;0.0;0.0;0.0;1.0;0.0;0.0
0.16618295;0.0;0.05490287;0.0;0.15954834;0.0;0.13632026;0.0;0.13299906;0.0;0.1471638;0.0;0.055960514;0.0;0.15352806;0.0;0.1405968;0.0;0.0;0.0;0.11522975;0.0;0.20231962;0.0;0.2759263;0.0;0.6714067;0.0;0.13629328;0.0;0.09749924;0.0;0.17486434;0.0;0.160136;0.0;1.0;0.0;1.0;0.0;1.0;0.0;1.0;0.0;1.0;0.0;1.0;0.0;1.0;0.0;1.0;0.0;1.0;0.0;1.0;0.0;1.0;0.0;1.0;0.0;1.0;0.0;1.0;0.0;1.0;0.0;1.0;0.0;1.0;0.0;1.0;0.0;0.0;0.0;1.0;0.0;0.0
0.16463576;0.0;0.057710182;0.0;0.10164416;0.0;0.0;0.0;0.13259351;0.0;0.14478755;0.0;0.05794884;0.0;0.15604788;0.0;0.14102691;0.0;0.14454754;0.0;0.16917598;0.0;0.20732646;0.0;0.27851957;0.0;1.0;0.0;0.1468939;0.0;0.09415399;0.0;0.17773435;0.0;0.16062589;0.0;1.0;0.0;1.0;0.0;1.0;0.0;1.0;0.0;1.0;0.0;1.0;0.0;1.0;0.0;1.0;0.0;1.0;0.0;1.0;0.0;1.0;0.0;1.0;0.0;1.0;0.0;1.0;0.0;1.0;0.0;1.0;0.0;1.0;0.0;1.0;0.0;0.0;0.0;1.0;0.0;0.0
0.16331425;0.0;0.06089825;0.0;0.09704198;0.0;0.0;0.0;0.13235119;0.0;0.14265788;0.0;0.060159653;0.0;0.15884857;0.0;0.0;0.0;0.14338727;0.0;0.16538371;0.0;0.21285331;0.0;0.28150827;0.0;1.0;0.0;0.28875428;0.0;0.22570014;0.0;0.18092425;0.0;0.16131593;0.0;1.0;0.0;1.0;0.0;1.0;0.0;1.0;0.0;1.0;0.0;1.0;0.0;1.0;0.0;1.0;0.0;1.0;0.0;1.0;0.0;1.0;0.0;1.0;0.0;1.0;0.0;1.0;0.0;1.0;0.0;1.0;0.0;1.0;0.0;1.0;0.0;0.0;0.0;1.0;0.0;0.0
0.0;0.0;0.064542376;0.0;0.09294684;0.0;0.0;0.0;0.13227062;0.0;0.14075895;0.0;0.062625185;0.0;0.06454014;0.0;0.0;0.0;0.14241761;0.0;0.16195069;0.0;0.08841515;0.0;0.28491268;0.0;1.0;0.0;0.28491065;0.0;0.21895337;0.0;0.18445958;0.0;0.1622104;0.0;1.0;0.0;1.0;0.0;1.0;0.0;1.0;0.0;1.0;0.0;1.0;0.0;1.0;0.0;1.0;0.0;1.0;0.0;1.0;0.0;1.0;0.0;1.0;0.0;1.0;0.0;1.0;0.0;1.0;0.0;1.0;0.0;1.0;0.0;1.0;0.0;0.0;0.0;1.0;0.0;0.0
0.0;0.0;0.06873947;0.0;0.08928771;0.0;0.0;0.0;0.1323513;0.0;0.13907713;0.0;0.06538449;0.0;0.060896307;0.0;0.0;0.0;0.14163238;0.0;0.15884691;0.0;0.09113966;0.0;0.1074547;0.0;1.0;0.0;0.28150648;0.0;0.21285005;0.0;0.1883699;0.0;0.16331494;0.0;1.0;0.0;1.0;0.0;1.0;0.0;1.0;0.0;1.0;0.0;1.0;0.0;1.0;0.0;1.0;0.0;1.0;0.0;1.0;0.0;1.0;0.0;1.0;0.0;1.0;0.0;1.0;0.0;1.0;0.0;1.0;0.0;1.0;0.0;1.0;0.0;0.0;0.0;1.0;0.0;0.0
0.16062555;0.0;0.17773263;0.0;0.08600659;0.0;0.0;0.0;0.1325937;0.0;0.0;0.0;0.06848545;0.0;0.05770848;0.0;0.14454825;0.0;0.14102663;0.0;0.15604639;0.0;0.09415577;0.0;0.09896661;0.0;0.66936034;0.0;0.278518;0.0;0.20732352;0.0;0.1211182;0.0;0.16463658;0.0;1.0;0.0;1.0;0.0;1.0;0.0;1.0;0.0;1.0;0.0;1.0;0.0;1.0;0.0;1.0;0.0;1.0;0.0;1.0;0.0;1.0;0.0;1.0;0.0;1.0;0.0;1.0;0.0;1.0;0.0;1.0;0.0;1.0;0.0;1.0;0.0;0.0;0.0;1.0;0.0;0.0
0.16013576;0.0;0.17486279;0.0;0.08305567;0.0;0.14716522;0.0;0.13299933;0.0;0.0;0.0;0.07198728;0.0;0.05490136;0.0;0.14590678;0.0;0.1405966;0.0;0.0;0.0;0.0975012;0.0;0.09182502;0.0;0.67140806;0.0;0.27592492;0.0;0.20231695;0.0;0.11522665;0.0;0.0;0.0;1.0;0.0;1.0;0.0;1.0;0.0;1.0;0.0;1.0;0.0;1.0;0.0;1.0;0.0;1.0;0.0;1.0;0.0;1.0;0.0;1.0;0.0;1.0;0.0;1.0;0.0;1.0;0.0;1.0;0.0;1.0;0.0;1.0;0.0;1.0;0.0;0.0;0.0;1.0;0.0;0.0
0.15984312;0.0;0.17229074;0.0;0.08039523;0.0;0.14980647;0.0;0.1335707;0.0;0.0;0.0;0.07596403;0.0;0.052415572;0.0;0.14747244;0.0;0.14033966;0.0;0.0;0.0;0.10122099;0.0;0.1899662;0.0;0.27036086;0.0;0.2737101;0.0;0.19778177;0.0;0.11000948;0.0;0.0;0.0;1.0;0.0;1.0;0.0;1.0;0.0;1.0;0.0;1.0;0.0;1.0;0.0;1.0;0.0;1.0;0.0;1.0;0.0;1.0;0.0;1.0;0.0;1.0;0.0;1.0;0.0;1.0;0.0;1.0;0.0;1.0;0.0;1.0;0.0;1.0;0.0;0.0;0.0;1.0;0.0;0.0
0.15974578;0.0;0.16999735;0.0;0.077991985;0.0;0.15273376;0.0;0.13431132;0.0;0.0;0.0;0.15273216;0.0;0.050203644;0.0;0.1492559;0.0;0.14025421;0.0;0.0;0.0;0.10536933;0.0;0.1936782;0.0;0.27185997;0.0;0.2718591;0.0;0.11949338;0.0;0.10536711;0.0;0.0;0.0;1.0;0.0;1.0;0.0;1.0;0.0;1.0;0.0;1.0;0.0;1.0;0.0;1.0;0.0;1.0;0.0;1.0;0.0;1.0;0.0;1.0;0.0;1.0;0.0;1.0;0.0;1.0;0.0;1.0;0.0;1.0;0.0;1.0;0.0;1.0;0.0;0.0;0.0;1.0;0.0;0.0
0.1598432;0.0;0.16796617;0.0;0.052416783;0.0;0.15597153;0.0;0.13522588;0.0;0.13357034;0.0;0.14980504;0.0;0.048227224;0.0;0.15126957;0.0;0.14033975;0.0;0.0;0.0;0.11001197;0.0;0.19778395;0.0;0.27371114;0.0;0.6742908;0.0;0.12726381;0.0;0.10121901;0.0;0.0;0.0;1.0;0.0;1.0;0.0;1.0;0.0;1.0;0.0;1.0;0.0;1.0;0.0;1.0;0.0;1.0;0.0;1.0;0.0;1.0;0.0;1.0;0.0;1.0;0.0;1.0;0.0;1.0;0.0;1.0;0.0;1.0;0.0;1.0;0.0;1.0;0.0;0.0;0.0;1.0;0.0;0.0
0.16013597;0.0;0.16618302;0.0;0.054902732;0.0;0.15954813;0.0;0.13632019;0.0;0.13299909;0.0;0.14716394;0.0;0.055960394;0.0;0.15352795;0.0;0.14059678;0.0;0.0;0.0;0.11522944;0.0;0.20231935;0.0;0.27592614;0.0;0.67140687;0.0;0.13629273;0.0;0.09749943;0.0;0.1748642;0.0;1.0;0.0;1.0;0.0;1.0;0.0;1.0;0.0;1.0;0.0;1.0;0.0;1.0;0.0;1.0;0.0;1.0;0.0;1.0;0.0;1.0;0.0;1.0;0.0;1.0;0.0;1.0;0.0;1.0;0.0;1.0;0.0;1.0;0.0;1.0;0.0;0.0;0.0;1.0;0.0;0.0
0.16062585;0.0;0.16463584;0.0;0.05771002;0.0;0.10164442;0.0;0.0;0.0;0.13259354;0.0;0.14478768;0.0;0.05794871;0.0;0.15604773;0.0;0.14102688;0.0;0.14454761;0.0;0.1691762;0.0;0.20732617;0.0;0.2785194;0.0;1.0;0.0;0.14689326;0.0;0.09415417;0.0;0.1777342;0.0;1.0;0.0;1.0;0.0;1.0;0.0;1.0;0.0;1.0;0.0;1.0;0.0;1.0;0.0;1.0;0.0;1.0;0.0;1.0;0.0;1.0;0.0;1.0;0.0;1.0;0.0;1.0;0.0;1.0;0.0;1.0;0.0;1.0;0.0;1.0;0.0;0.0;0.0;1.0;0.0;0.0
0.16131589;0.0;0.16331431;0.0;0.060898066;0.0;0.09704222;0.0;0.0;0.0;0.1323512;0.0;0.142658;0.0;0.060159516;0.0;0.1588484;0.0;0.0;0.0;0.14338733;0.0;0.1653839;0.0;0.212853;0.0;0.2815081;0.0;1.0;0.0;0.28875452;0.0;0.22570053;0.0;0.18092407;0.0;1.0;0.0;1.0;0.0;1.0;0.0;1.0;0.0;1.0;0.0;1.0;0.0;1.0;0.0;1.0;0.0;1.0;0.0;1.0;0.0;1.0;0.0;1.0;0.0;1.0;0.0;1.0;0.0;1.0;0.0;1.0;0.0;1.0;0.0;1.0;0.0;0.0;0.0;1.0;0.0;0.0
0.16221036;0.0;0.0;0.0;0.06454216;0.0;0.09294705;0.0;0.0;0.0;0.13227062;0.0;0.14075905;0.0;0.06262502;0.0;0.064540364;0.0;0.0;0.0;0.14241767;0.0;0.16195087;0.0;0.08841501;0.0;0.2849125;0.0;1.0;0.0;0.28491086;0.0;0.21895373;0.0;0.18445937;0.0;1.0;0.0;1.0;0.0;1.0;0.0;1.0;0.0;1.0;0.0;1.0;0.0;1.0;0.0;1.0;0.0;1.0;0.0;1.0;0.0;1.0;0.0;1.0;0.0;1.0;0.0;1.0;0.0;1.0;0.0;1.0;0.0;1.0;0.0;1.0;0.0;0.0;0.0;1.0;0.0;0.0
0.16331488;0.0;0.0;0.0;0.06873922;0.0;0.0892879;0.0;0.0;0.0;0.13235128;0.0;0.13907722;0.0;0.06538432;0.0;0.060896493;0.0;0.0;0.0;0.14163241;0.0;0.15884706;0.0;0.09113951;0.0;0.10745522;0.0;1.0;0.0;0.28150666;0.0;0.21285038;0.0;0.18836968;0.0;1.0;0.0;1.0;0.0;1.0;0.0;1.0;0.0;1.0;0.0;1.0;0.0;1.0;0.0;1.0;0.0;1.0;0.0;1.0;0.0;1.0;0.0;1.0;0.0;1.0;0.0;1.0;0.0;1.0;0.0;1.0;0.0;1.0;0.0;1.0;0.0;0.0;0.0;1.0;0.0;0.0
0.16463651;0.0;0.16062559;0.0;0.1777328;0.0;0.08600676;0.0;0.0;0.0;0.13259368;0.0;0.0;0.0;0.06848526;0.0;0.05770864;0.0;0.14454818;0.0;0.14102666;0.0;0.15604654;0.0;0.0941556;0.0;0.09896704;0.0;0.6693603;0.0;0.27851814;0.0;0.20732379;0.0;0.121118546;0.0;1.0;0.0;1.0;0.0;1.0;0.0;1.0;0.0;1.0;0.0;1.0;0.0;1.0;0.0;1.0;0.0;1.0;0.0;1.0;0.0;1.0;0.0;1.0;0.0;1.0;0.0;1.0;0.0;1.0;0.0;1.0;0.0;1.0;0.0;1.0;0.0;0.0;0.0;1.0;0.0;0.0
0.0;0.0;0.16013579;0.0;0.17486294;0.0;0.083055824;0.0;0.14716507;0.0;0.1329993;0.0;0.0;0.0;0.07198705;0.0;0.054901503;0.0;0.14590669;0.0;0.14059663;0.0;0.0;0.0;0.09750101;0.0;0.09182538;0.0;0.67140794;0.0;0.27592507;0.0;0.20231721;0.0;0.11522696;0.0;1.0;0.0;1.0;0.0;1.0;0.0;1.0;0.0;1.0;0.0;1.0;0.0;1.0;0.0;1.0;0.0;1.0;0.0;1.0;0.0;1.0;0.0;1.0;0.0;1.0;0.0;1.0;0.0;1.0;0.0;1.0;0.0;1.0;0.0;1.0;0.0;0.0;0.0;1.0;0.0;0.0
0.0;0.0;0.15984312;0.0;0.17229086;0.0;0.080395356;0.0;0.1498063;0.0;0.13357064;0.0;0.0;0.0;0.07596378;0.0;0.0524157;0.0;0.14747235;0.0;0.14033967;0.0;0.0;0.0;0.10122077;0.0;0.18996601;0.0;0.27036077;0.0;0.2737102;0.0;0.19778201;0.0;0.11000975;0.0;1.0;0.0;1.0;0.0;1.0;0.0;1.0;0.0;1.0;0.0;1.0;0.0;1.0;0.0;1.0;0.0;1.0;0.0;1.0;0.0;1.0;0.0;1.0;0.0;1.0;0.0;1.0;0.0;1.0;0.0;1.0;0.0;1.0;0.0;1.0;0.0;0.0;0.0;1.0;0.0;0.0
0.0;0.0;0.15974578;0.0;0.16999747;0.0;0.07799214;0.0;0.15273358;0.0;0.13431127;0.0;0.0;0.0;0.15273234;0.0;0.05020376;0.0;0.14925578;0.0;0.14025421;0.0;0.0;0.0;0.105369076;0.0;0.19367799;0.0;0.27185985;0.0;0.27185923;0.0;0.119492985;0.0;0.10536734;0.0;1.0;0.0;1.0;0.0;1.0;0.0;1.0;0.0;1.0;0.0;1.0;0.0;1.0;0.0;1.0;0.0;1.0;0.0;1.0;0.0;1.0;0.0;1.0;0.0;1.0;0.0;1.0;0.0;1.0;0.0;1.0;0.0;1.0;0.0;1.0;0.0;0.0;0.0;1.0;0.0;0.0
0.0;0.0;0.15984319;0.0;0.16796628;0.0;0.052416623;0.0;0.15597132;0.0;0.13522582;0.0;0.1335704;0.0;0.14980522;0.0;0.048227325;0.0;0.15126947;0.0;0.14033973;0.0;0.0;0.0;0.1100117;0.0;0.19778371;0.0;0.273711;0.0;0.67429096;0.0;0.12726335;0.0;0.101219214;0.0;1.0;0.0;1.0;0.0;1.0;0.0;1.0;0.0;1.0;0.0;1.0;0.0;1.0;0.0;1.0;0.0;1.0;0.0;1.0;0.0;1.0;0.0;1.0;0.0;1.0;0.0;1.0;0.0;1.0;0.0;1.0;0.0;1.0;0.0;1.0;0.0;0.0;0.0;1.0;0.0;0.0
0.17486405;0.0;0.16013595;0.0;0.16618313;0.0;0.054902546;0.0;0.1595479;0.0;0.13632014;0.0;0.1329991;0.0;0.14716409;0.0;0.05596029;0.0;0.15352781;0.0;0.14059676;0.0;0.0;0.0;0.115229145;0.0;0.2023191;0.0;0.27592596;0.0;0.671407;0.0;0.1362922;0.0;0.097499624;0.0;1.0;0.0;1.0;0.0;1.0;0.0;1.0;0.0;1.0;0.0;1.0;0.0;1.0;0.0;1.0;0.0;1.0;0.0;1.0;0.0;1.0;0.0;1.0;0.0;1.0;0.0;1.0;0.0;1.0;0.0;1.0;0.0;1.0;0.0;1.0;0.0;0.0;0.0;1.0;0.0;0.0
0.17773405;0.0;0.16062583;0.0;0.16463591;0.0;0.05770982;0.0;0.10164472;0.0;0.0;0.0;0.13259356;0.0;0.14478782;0.0;0.057948597;0.0;0.1560476;0.0;0.14102687;0.0;0.14454767;0.0;0.16917643;0.0;0.20732589;0.0;0.2785192;0.0;1.0;0.0;0.14689264;0.0;0.09415434;0.0;1.0;0.0;1.0;0.0;1.0;0.0;1.0;0.0;1.0;0.0;1.0;0.0;1.0;0.0;1.0;0.0;1.0;0.0;1.0;0.0;1.0;0.0;1.0;0.0;1.0;0.0;1.0;0.0;1.0;0.0;1.0;0.0;1.0;0.0;1.0;0.0;0.0;0.0;1.0;0.0;0.0
0.18092391;0.0;0.16131584;0.0;0.16331437;0.0;0.060897835;0.0;0.097042486;0.0;0.0;0.0;0.13235122;0.0;0.14265811;0.0;0.060159385;0.0;0.15884824;0.0;0.0;0.0;0.14338739;0.0;0.1653841;0.0;0.21285267;0.0;0.28150788;0.0;1.0;0.0;0.28875476;0.0;0.2257009;0.0;1.0;0.0;1.0;0.0;1.0;0.0;1.0;0.0;1.0;0.0;1.0;0.0;1.0;0.0;1.0;0.0;1.0;0.0;1.0;0.0;1.0;0.0;1.0;0.0;1.0;0.0;1.0;0.0;1.0;0.0;1.0;0.0;1.0;0.0;1.0;0.0;0.0;0.0;1.0;0.0;0.0
0.1844592;0.0;0.16221032;0.0;0.0;0.0;0.0645419;0.0;0.09294729;0.0;0.0;0.0;0.13227062;0.0;0.14075916;0.0;0.06262488;0.0;0.06454058;0.0;0.0;0.0;0.1424177;0.0;0.16195105;0.0;0.08841487;0.0;0.28491223;0.0;1.0;0.0;0.28491107;0.0;0.21895409;0.0;1.0;0.0;1.0;0.0;1.0;0.0;1.0;0.0;1.0;0.0;1.0;0.0;1.0;0.0;1.0;0.0;1.0;0.0;1.0;0.0;1.0;0.0;1.0;0.0;1.0;0.0;1.0;0.0;1.0;0.0;1.0;0.0;1.0;0.0;1.0;0.0;0.0;0.0;1.0;0.0;0.0
0.18836948;0.0;0.1633148;0.0;0.0;0.0;0.06873891;0.0;0.089288116;0.0;0.0;0.0;0.13235128;0.0;0.1390773;0.0;0.06538416;0.0;0.060896676;0.0;0.0;0.0;0.14163245;0.0;0.15884724;0.0;0.091139354;0.0;0.10745585;0.0;1.0;0.0;0.2815068;0.0;0.21285069;0.0;1.0;0.0;1.0;0.0;1.0;0.0;1.0;0.0;1.0;0.0;1.0;0.0;1.0;0.0;1.0;0.0;1.0;0.0;1.0;0.0;1.0;0.0;1.0;0.0;1.0;0.0;1.0;0.0;1.0;0.0;1.0;0.0;1.0;0.0;1.0;0.0;0.0;0.0;1.0;0.0;0.0
0.12111884;0.0;0.16463642;0.0;0.1606256;0.0;0.177733;0.0;0.086006954;0.0;0.0;0.0;0.13259366;0.0;0.0;0.0;0.068485074;0.0;0.057708807;0.0;0.14454809;0.0;0.14102669;0.0;0.15604667;0.0;0.09415543;0.0;0.09896757;0.0;0.66936016;0.0;0.2785183;0.0;0.20732407;0.0;1.0;0.0;1.0;0.0;1.0;0.0;1.0;0.0;1.0;0.0;1.0;0.0;1.0;0.0;1.0;0.0;1.0;0.0;1.0;0.0;1.0;0.0;1.0;0.0;1.0;0.0;1.0;0.0;1.0;0.0;1.0;0.0;1.0;0.0;1.0;0.0;0.0;0.0;1.0;0.0;0.0
0.11522722;0.0;0.0;0.0;0.1601358;0.0;0.17486313;0.0;0.083055995;0.0;0.14716494;0.0;0.13299927;0.0;0.0;0.0;0.07198684;0.0;0.054901652;0.0;0.1459066;0.0;0.14059664;0.0;0.0;0.0;0.097500816;0.0;0.09182583;0.0;0.67140776;0.0;0.2759252;0.0;0.20231748;0.0;1.0;0.0;1.0;0.0;1.0;0.0;1.0;0.0;1.0;0.0;1.0;0.0;1.0;0.0;1.0;0.0;1.0;0.0;1.0;0.0;1.0;0.0;1.0;0.0;1.0;0.0;1.0;0.0;1.0;0.0;1.0;0.0;1.0;0.0;1.0;0.0;0.0;0.0;1.0;0.0;0.0
0.11000999;0.0;0.0;0.0;0.15984313;0.0;0.17229103;0.0;0.08039551;0.0;0.14980616;0.0;0.13357063;0.0;0.0;0.0;0.07596354;0.0;0.052415825;0.0;0.14747225;0.0;0.14033967;0.0;0.0;0.0;0.10122056;0.0;0.18996575;0.0;0.27036068;0.0;0.2737103;0.0;0.19778223;0.0;1.0;0.0;1.0;0.0;1.0;0.0;1.0;0.0;1.0;0.0;1.0;0.0;1.0;0.0;1.0;0.0;1.0;0.0;1.0;0.0;1.0;0.0;1.0;0.0;1.0;0.0;1.0;0.0;1.0;0.0;1.0;0.0;1.0;0.0;1.0;0.0;0.0;0.0;1.0;0.0;0.0
0.10536756;0.0;0.0;0.0;0.15974578;0.0;0.16999762;0.0;0.07799227;0.0;0.1527334;0.0;0.13431123;0.0;0.0;0.0;0.15273252;0.0;0.05020388;0.0;0.14925568;0.0;0.14025421;0.0;0.0;0.0;0.10536885;0.0;0.19367772;0.0;0.27185977;0.0;0.27185932;0.0;0.11949259;0.0;1.0;0.0;1.0;0.0;1.0;0.0;1.0;0.0;1.0;0.0;1.0;0.0;1.0;0.0;1.0;0.0;1.0;0.0;1.0;0.0;1.0;0.0;1.0;0.0;1.0;0.0;1.0;0.0;1.0;0.0;1.0;0.0;1.0;0.0;1.0;0.0;0.0;0.0;1.0;0.0;0.0
0.101219416;0.0;0.0;0.0;0.15984318;0.0;0.1679664;0.0;0.052416496;0.0;0.15597114;0.0;0.13522576;0.0;0.13357043;0.0;0.14980537;0.0;0.04822743;0.0;0.15126933;0.0;0.14033972;0.0;0.0;0.0;0.110011436;0.0;0.19778343;0.0;0.27371088;0.0;0.6742911;0.0;0.1272629;0.0;1.0;0.0;1.0;0.0;1.0;0.0;1.0;0.0;1.0;0.0;1.0;0.0;1.0;0.0;1.0;0.0;1.0;0.0;1.0;0.0;1.0;0.0;1.0;0.0;1.0;0.0;1.0;0.0;1.0;0.0;1.0;0.0;1.0;0.0;1.0;0.0;0.0;0.0;1.0;0.0;0.0
0.09749979;0.0;0.1748639;0.0;0.16013592;0.0;0.16618323;0.0;0.054902405;0.0;0.1595477;0.0;0.13632007;0.0;0.13299914;0.0;0.14716423;0.0;0.05596019;0.0;0.15352765;0.0;0.14059675;0.0;0.0;0.0;0.11522883;0.0;0.20231876;0.0;0.27592584;0.0;0.6714071;0.0;0.13629167;0.0;1.0;0.0;1.0;0.0;1.0;0.0;1.0;0.0;1.0;0.0;1.0;0.0;1.0;0.0;1.0;0.0;1.0;0.0;1.0;0.0;1.0;0.0;1.0;0.0;1.0;0.0;1.0;0.0;1.0;0.0;1.0;0.0;1.0;0.0;1.0;0.0;0.0;0.0;1.0;0.0;0.0
0.0941545;0.0;0.17773387;0.0;0.16062579;0.0;0.16463602;0.0;0.057709653;0.0;0.10164499;0.0;0.0;0.0;0.13259357;0.0;0.14478794;0.0;0.05794848;0.0;0.15604743;0.0;0.14102682;0.0;0.14454773;0.0;0.16917664;0.0;0.20732553;0.0;0.27851906;0.0;1.0;0.0;0.14689201;0.0;1.0;0.0;1.0;0.0;1.0;0.0;1.0;0.0;1.0;0.0;1.0;0.0;1.0;0.0;1.0;0.0;1.0;0.0;1.0;0.0;1.0;0.0;1.0;0.0;1.0;0.0;1.0;0.0;1.0;0.0;1.0;0.0;1.0;0.0;1.0;0.0;0.0;0.0;1.0;0.0;0.0
0.22570126;0.0;0.18092372;0.0;0.1613158;0.0;0.16331446;0.0;0.06089765;0.0;0.097042724;0.0;0.0;0.0;0.13235123;0.0;0.14265822;0.0;0.06015926;0.0;0.15884808;0.0;0.0;0.0;0.14338745;0.0;0.1653843;0.0;0.21285227;0.0;0.28150767;0.0;1.0;0.0;0.28875497;0.0;1.0;0.0;1.0;0.0;1.0;0.0;1.0;0.0;1.0;0.0;1.0;0.0;1.0;0.0;1.0;0.0;1.0;0.0;1.0;0.0;1.0;0.0;1.0;0.0;1.0;0.0;1.0;0.0;1.0;0.0;1.0;0.0;1.0;0.0;1.0;0.0;0.0;0.0;1.0;0.0;0.0
0.2189544;0.0;0.184459;0.0;0.16221026;0.0;0.0;0.0;0.06454168;0.0;0.0929475;0.0;0.0;0.0;0.13227062;0.0;0.14075926;0.0;0.06262474;0.0;0.06454082;0.0;0.0;0.0;0.14241776;0.0;0.16195123;0.0;0.0884147;0.0;0.28491205;0.0;1.0;0.0;0.28491125;0.0;1.0;0.0;1.0;0.0;1.0;0.0;1.0;0.0;1.0;0.0;1.0;0.0;1.0;0.0;1.0;0.0;1.0;0.0;1.0;0.0;1.0;0.0;1.0;0.0;1.0;0.0;1.0;0.0;1.0;0.0;1.0;0.0;1.0;0.0;1.0;0.0;0.0;0.0;1.0;0.0;0.0
0.21285097;0.0;0.18836924;0.0;0.16331474;0.0;0.0;0.0;0.06873866;0.0;0.08928831;0.0;0.0;0.0;0.13235125;0.0;0.1390774;0.0;0.065384;0.0;0.060896885;0.0;0.0;0.0;0.1416325;0.0;0.15884739;0.0;0.09113915;0.0;0.10745635;0.0;1.0;0.0;0.281507;0.0;1.0;0.0;1.0;0.0;1.0;0.0;1.0;0.0;1.0;0.0;1.0;0.0;1.0;0.0;1.0;0.0;1.0;0.0;1.0;0.0;1.0;0.0;1.0;0.0;1.0;0.0;1.0;0.0;1.0;0.0;1.0;0.0;1.0;0.0;1.0;0.0;0.0;0.0;1.0;0.0;0.0
0.20732434;0.0;0.1211192;0.0;0.16463634;0.0;0.16062565;0.0;0.17773317;0.0;0.08600712;0.0;0.0;0.0;0.13259366;0.0;0.0;0.0;0.068484895;0.0;0.05770899;0.0;0.14454803;0.0;0.1410267;0.0;0.15604684;0.0;0.09415521;0.0;0.098967984;0.0;0.66936004;0.0;0.27851844;0.0;1.0;0.0;1.0;0.0;1.0;0.0;1.0;0.0;1.0;0.0;1.0;0.0;1.0;0.0;1.0;0.0;1.0;0.0;1.0;0.0;1.0;0.0;1.0;0.0;1.0;0.0;1.0;0.0;1.0;0.0;1.0;0.0;1.0;0.0;1.0;0.0;0.0;0.0;1.0;0.0;0.0
0.20231768;0.0;0.115227535;0.0;0.0;0.0;0.16013584;0.0;0.17486328;0.0;0.083056144;0.0;0.14716479;0.0;0.13299926;0.0;0.0;0.0;0.07198664;0.0;0.054901816;0.0;0.14590651;0.0;0.14059666;0.0;0.0;0.0;0.09750058;0.0;0.091826186;0.0;0.67140764;0.0;0.27592534;0.0;1.0;0.0;1.0;0.0;1.0;0.0;1.0;0.0;1.0;0.0;1.0;0.0;1.0;0.0;1.0;0.0;1.0;0.0;1.0;0.0;1.0;0.0;1.0;0.0;1.0;0.0;1.0;0.0;1.0;0.0;1.0;0.0;1.0;0.0;1.0;0.0;0.0;0.0;1.0;0.0;0.0
0.19778244;0.0;0.11001027;0.0;0.0;0.0;0.15984313;0.0;0.17229116;0.0;0.080395654;0.0;0.149806;0.0;0.13357058;0.0;0.0;0.0;0.0759633;0.0;0.052415974;0.0;0.14747216;0.0;0.14033969;0.0;0.0;0.0;0.10122029;0.0;0.18996558;0.0;0.27036065;0.0;0.27371043;0.0;1.0;0.0;1.0;0.0;1.0;0.0;1.0;0.0;1.0;0.0;1.0;0.0;1.0;0.0;1.0;0.0;1.0;0.0;1.0;0.0;1.0;0.0;1.0;0.0;1.0;0.0;1.0;0.0;1.0;0.0;1.0;0.0;1.0;0.0;1.0;0.0;0.0;0.0;1.0;0.0;0.0
0.11949222;0.0;0.1053678;0.0;0.0;0.0;0.15974578;0.0;0.16999774;0.0;0.07799239;0.0;0.15273324;0.0;0.13431117;0.0;0.0;0.0;0.15273269;0.0;0.050204;0.0;0.14925557;0.0;0.14025421;0.0;0.0;0.0;0.10536854;0.0;0.19367751;0.0;0.27185968;0.0;0.27185938;0.0;1.0;0.0;1.0;0.0;1.0;0.0;1.0;0.0;1.0;0.0;1.0;0.0;1.0;0.0;1.0;0.0;1.0;0.0;1.0;0.0;1.0;0.0;1.0;0.0;1.0;0.0;1.0;0.0;1.0;0.0;1.0;0.0;1.0;0.0;1.0;0.0;0.0;0.0;1.0;0.0;0.0
0.1272625;0.0;0.10121963;0.0;0.0;0.0;0.15984318;0.0;0.16796651;0.0;0.052416373;0.0;0.15597095;0.0;0.1352257;0.0;0.13357046;0.0;0.14980552;0.0;0.048227545;0.0;0.15126921;0.0;0.14033972;0.0;0.0;0.0;0.110011086;0.0;0.19778319;0.0;0.2737108;0.0;0.67429125;0.0;1.0;0.0;1.0;0.0;1.0;0.0;1.0;0.0;1.0;0.0;1.0;0.0;1.0;0.0;1.0;0.0;1.0;0.0;1.0;0.0;1.0;0.0;1.0;0.0;1.0;0.0;1.0;0.0;1.0;0.0;1.0;0.0;1.0;0.0;1.0;0.0;0.0;0.0;1.0;0.0;0.0
0.13629119;0.0;0.09749999;0.0;0.17486376;0.0;0.1601359;0.0;0.16618332;0.0;0.054902256;0.0;0.1595475;0.0;0.13632;0.0;0.13299917;0.0;0.14716437;0.0;0.055960078;0.0;0.15352753;0.0;0.14059672;0.0;0.0;0.0;0.11522846;0.0;0.2023185;0.0;0.2759257;0.0;0.6714072;0.0;1.0;0.0;1.0;0.0;1.0;0.0;1.0;0.0;1.0;0.0;1.0;0.0;1.0;0.0;1.0;0.0;1.0;0.0;1.0;0.0;1.0;0.0;1.0;0.0;1.0;0.0;1.0;0.0;1.0;0.0;1.0;0.0;1.0;0.0;1.0;0.0;0.0;0.0;1.0;0.0;0.0
0.14689144;0.0;0.09415467;0.0;0.1777337;0.0;0.16062574;0.0;0.16463609;0.0;0.057709496;0.0;0.10164525;0.0;0.0;0.0;0.1325936;0.0;0.14478806;0.0;0.05794835;0.0;0.1560473;0.0;0.14102681;0.0;0.1445478;0.0;0.1691769;0.0;0.20732522;0.0;0.2785189;0.0;1.0;0.0;1.0;0.0;1.0;0.0;1.0;0.0;1.0;0.0;1.0;0.0;1.0;0.0;1.0;0.0;1.0;0.0;1.0;0.0;1.0;0.0;1.0;0.0;1.0;0.0;1.0;0.0;1.0;0.0;1.0;0.0;1.0;0.0;1.0;0.0;1.0;0.0;0.0;0.0;1.0;0.0;0.0
0.28875515;0.0;0.22570166;0.0;0.18092354;0.0;0.16131575;0.0;0.16331454;0.0;0.060897462;0.0;0.09704296;0.0;0.0;0.0;0.13235123;0.0;0.14265832;0.0;0.06015911;0.0;0.1588479;0.0;0.0;0.0;0.1433875;0.0;0.16538455;0.0;0.21285197;0.0;0.28150752;0.0;1.0;0.0;1.0;0.0;1.0;0.0;1.0;0.0;1.0;0.0;1.0;0.0;1.0;0.0;1.0;0.0;1.0;0.0;1.0;0.0;1.0;0.0;1.0;0.0;1.0;0.0;1.0;0.0;1.0;0.0;1.0;0.0;1.0;0.0;1.0;0.0;1.0;0.0;0.0;0.0;1.0;0.0;0.0
0.28491145;0.0;0.21895476;0.0;0.18445879;0.0;0.16221018;0.0;0.0;0.0;0.064541474;0.0;0.09294772;0.0;0.0;0.0;0.13227062;0.0;0.14075935;0.0;0.06262458;0.0;0.06454103;0.0;0.0;0.0;0.1424178;0.0;0.16195145;0.0;0.08841456;0.0;0.2849118;0.0;1.0;0.0;1.0;0.0;1.0;0.0;1.0;0.0;1.0;0.0;1.0;0.0;1.0;0.0;1.0;0.0;1.0;0.0;1.0;0.0;1.0;0.0;1.0;0.0;1.0;0.0;1.0;0.0;1.0;0.0;1.0;0.0;1.0;0.0;1.0;0.0;1.0;0.0;0.0;0.0;1.0;0.0;0.0
0.28150713;0.0;0.21285129;0.0;0.18836904;0.0;0.16331467;0.0;0.0;0.0;0.068738416;0.0;0.089288495;0.0;0.0;0.0;0.13235125;0.0;0.13907748;0.0;0.06538382;0.0;0.06089707;0.0;0.0;0.0;0.14163253;0.0;0.1588476;0.0;0.091138996;0.0;0.10745686;0.0;1.0;0.0;1.0;0.0;1.0;0.0;1.0;0.0;1.0;0.0;1.0;0.0;1.0;0.0;1.0;0.0;1.0;0.0;1.0;0.0;1.0;0.0;1.0;0.0;1.0;0.0;1.0;0.0;1.0;0.0;1.0;0.0;1.0;0.0;1.0;0.0;1.0;0.0;0.0;0.0;1.0;0.0;0.0
0.2785186;0.0;0.20732462;0.0;0.121119544;0.0;0.16463624;0.0;0.1606257;0.0;0.17773333;0.0;0.08600729;0.0;0.0;0.0;0.13259363;0.0;0.0;0.0;0.068484694;0.0;0.05770915;0.0;0.14454797;0.0;0.14102675;0.0;0.15604702;0.0;0.09415504;0.0;0.09896842;0.0;0.66936;0.0;1.0;0.0;1.0;0.0;1.0;0.0;1.0;0.0;1.0;0.0;1.0;0.0;1.0;0.0;1.0;0.0;1.0;0.0;1.0;0.0;1.0;0.0;1.0;0.0;1.0;0.0;1.0;0.0;1.0;0.0;1.0;0.0;1.0;0.0;1.0;0.0;0.0;0.0;1.0;0.0;0.0
0.27592546;0.0;0.20231795;0.0;0.11522783;0.0;0.0;0.0;0.16013585;0.0;0.17486343;0.0;0.08305629;0.0;0.14716464;0.0;0.13299923;0.0;0.0;0.0;0.07198641;0.0;0.054901958;0.0;0.14590643;0.0;0.14059669;0.0;0.0;0.0;0.09750039;0.0;0.09182655;0.0;0.6714075;0.0;1.0;0.0;1.0;0.0;1.0;0.0;1.0;0.0;1.0;0.0;1.0;0.0;1.0;0.0;1.0;0.0;1.0;0.0;1.0;0.0;1.0;0.0;1.0;0.0;1.0;0.0;1.0;0.0;1.0;0.0;1.0;0.0;1.0;0.0;1.0;0.0;0.0;0.0;1.0;0.0;0.0
0.27371055;0.0;0.19778268;0.0;0.11001054;0.0;0.0;0.0;0.15984316;0.0;0.1722913;0.0;0.080395795;0.0;0.14980583;0.0;0.13357055;0.0;0.0;0.0;0.07596305;0.0;0.052416097;0.0;0.14747207;0.0;0.1403397;0.0;0.0;0.0;0.10122007;0.0;0.18996538;0.0;0.27036053;0.0;1.0;0.0;1.0;0.0;1.0;0.0;1.0;0.0;1.0;0.0;1.0;0.0;1.0;0.0;1.0;0.0;1.0;0.0;1.0;0.0;1.0;0.0;1.0;0.0;1.0;0.0;1.0;0.0;1.0;0.0;1.0;0.0;1.0;0.0;1.0;0.0;0.0;0.0;1.0;0.0;0.0
0.27185947;0.0;0.11949184;0.0;0.10536804;0.0;0.0;0.0;0.15974578;0.0;0.16999786;0.0;0.077992514;0.0;0.15273304;0.0;0.13431114;0.0;0.0;0.0;0.15273288;0.0;0.050204117;0.0;0.14925547;0.0;0.14025421;0.0;0.0;0.0;0.1053683;0.0;0.19367729;0.0;0.2718596;0.0;1.0;0.0;1.0;0.0;1.0;0.0;1.0;0.0;1.0;0.0;1.0;0.0;1.0;0.0;1.0;0.0;1.0;0.0;1.0;0.0;1.0;0.0;1.0;0.0;1.0;0.0;1.0;0.0;1.0;0.0;1.0;0.0;1.0;0.0;1.0;0.0;0.0;0.0;1.0;0.0;0.0
0.67429143;0.0;0.12726203;0.0;0.10121985;0.0;0.0;0.0;0.15984318;0.0;0.16796662;0.0;0.052416235;0.0;0.15597072;0.0;0.13522565;0.0;0.1335705;0.0;0.1498057;0.0;0.048227645;0.0;0.15126911;0.0;0.1403397;0.0;0.0;0.0;0.110010825;0.0;0.19778295;0.0;0.27371067;0.0;1.0;0.0;1.0;0.0;1.0;0.0;1.0;0.0;1.0;0.0;1.0;0.0;1.0;0.0;1.0;0.0;1.0;0.0;1.0;0.0;1.0;0.0;1.0;0.0;1.0;0.0;1.0;0.0;1.0;0.0;1.0;0.0;1.0;0.0;1.0;0.0;0.0;0.0;1.0;0.0;0.0
0.67140734;0.0;0.13629065;0.0;0.09750018;0.0;0.17486358;0.0;0.16013588;0.0;0.16618343;0.0;0.054902114;0.0;0.15954725;0.0;0.13631992;0.0;0.1329992;0.0;0.14716451;0.0;0.05595997;0.0;0.1535274;0.0;0.1405967;0.0;0.0;0.0;0.11522816;0.0;0.20231824;0.0;0.27592558;0.0;1.0;0.0;1.0;0.0;1.0;0.0;1.0;0.0;1.0;0.0;1.0;0.0;1.0;0.0;1.0;0.0;1.0;0.0;1.0;0.0;1.0;0.0;1.0;0.0;1.0;0.0;1.0;0.0;1.0;0.0;1.0;0.0;1.0;0.0;1.0;0.0;1.0;0.0;0.0;0.0;0.0
0.6614073;0.0;0.1339063;0.0;0.08318338;0.0;0.17371944;0.0;0.1590881;0.0;0.16509607;0.0;0.07182208;0.0;0.10497364;0.0;0.0;0.0;0.14299926;0.0;0.15822966;0.0;0.060772162;0.0;0.15467153;0.0;0.14164448;0.0;0.0;0.0;0.0983082;0.0;0.19032206;0.0;0.26567584;0.0;1.0;0.0;1.0;0.0;1.0;0.0;1.0;0.0;1.0;0.0;1.0;0.0;1.0;0.0;1.0;0.0;1.0;0.0;1.0;0.0;1.0;0.0;1.0;0.0;1.0;0.0;1.0;0.0;1.0;0.0;1.0;0.0;1.0;0.0;1.0;0.0;1.0;0.0;0.0;0.0;0.0
0.6514072;0.0;0.13152197;0.0;0.21282211;0.0;0.17257528;0.0;0.15804031;0.0;0.0;0.0;0.08874205;0.0;0.10310447;0.0;0.0;0.0;0.15299936;0.0;0.16929482;0.0;0.07508897;0.0;0.15581569;0.0;0.14269225;0.0;0.0;0.0;0.08138824;0.0;0.17832586;0.0;0.25542605;0.0;1.0;0.0;1.0;0.0;1.0;0.0;1.0;0.0;1.0;0.0;1.0;0.0;1.0;0.0;1.0;0.0;1.0;0.0;1.0;0.0;1.0;0.0;1.0;0.0;1.0;0.0;1.0;0.0;1.0;0.0;1.0;0.0;1.0;0.0;1.0;0.0;1.0;0.0;0.0;0.0;0.0
0.64140713;0.0;0.1291376;0.0;0.1985053;0.0;0.17143115;0.0;0.15699254;0.0;0.0;0.0;0.10566201;0.0;0.10123529;0.0;0.0;0.0;0.16299942;0.0;0.18035997;0.0;0.08940578;0.0;0.15695982;0.0;0.14374004;0.0;0.1491684;0.0;0.06446828;0.0;0.16632965;0.0;0.24517629;0.0;1.0;0.0;1.0;0.0;1.0;0.0;1.0;0.0;1.0;0.0;1.0;0.0;1.0;0.0;1.0;0.0;1.0;0.0;1.0;0.0;1.0;0.0;1.0;0.0;1.0;0.0;1.0;0.0;1.0;0.0;1.0;0.0;1.0;0.0;1.0;0.0;1.0;0.0;0.0;0.0;0.0
0.6314071;0.0;0.12675327;0.0;0.18418849;0.0;0.170287;0.0;0.15594476;0.0;0.0;0.0;0.12258197;0.0;0.09936613;0.0;0.0;0.0;0.1729995;0.0;0.19142511;0.0;0.10372259;0.0;0.0;0.0;0.14478782;0.0;0.15025575;0.0;0.047548324;0.0;0.15433344;0.0;0.23492654;0.0;1.0;0.0;1.0;0.0;1.0;0.0;1.0;0.0;1.0;0.0;1.0;0.0;1.0;0.0;1.0;0.0;1.0;0.0;1.0;0.0;1.0;0.0;1.0;0.0;1.0;0.0;1.0;0.0;1.0;0.0;1.0;0.0;1.0;0.0;1.0;0.0;1.0;0.0;0.0;0.0;0.0
0.621407;0.0;0.12436892;0.0;0.16987167;0.0;0.16914286;0.0;0.15489697;0.0;0.16074668;0.0;0.13950194;0.0;0.09749696;0.0;0.0;0.0;0.18299958;0.0;0.20249029;0.0;0.11803939;0.0;0.0;0.0;0.14583561;0.0;0.1513431;0.0;0.030628365;0.0;0.14233725;0.0;0.22467677;0.0;1.0;0.0;1.0;0.0;1.0;0.0;1.0;0.0;1.0;0.0;1.0;0.0;1.0;0.0;1.0;0.0;1.0;0.0;1.0;0.0;1.0;0.0;1.0;0.0;1.0;0.0;1.0;0.0;1.0;0.0;1.0;0.0;1.0;0.0;1.0;0.0;1.0;0.0;0.0;0.0;0.0
0.6114069;0.0;0.2314852;0.0;0.15555488;0.0;0.019810326;0.0;0.1538492;0.0;0.15965933;0.0;0.18970473;0.0;0.09562779;0.0;0.0;0.0;0.19299966;0.0;0.21355543;0.0;0.1323562;0.0;0.0;0.0;0.14688338;0.0;0.15243044;0.0;0.013708405;0.0;0.083201244;0.0;0.21442702;0.0;1.0;0.0;1.0;0.0;1.0;0.0;1.0;0.0;1.0;0.0;1.0;0.0;1.0;0.0;1.0;0.0;1.0;0.0;1.0;0.0;1.0;0.0;1.0;0.0;1.0;0.0;1.0;0.0;1.0;0.0;1.0;0.0;1.0;0.0;1.0;0.0;1.0;0.0;0.0;0.0;0.0
0.6014068;0.0;0.22042003;0.0;0.14123806;0.0;0.0;0.0;0.15280142;0.0;0.15857199;0.0;0.18841276;0.0;0.09375862;0.0;0.0;0.0;0.20299974;0.0;0.22462058;0.0;0.14667301;0.0;0.004641087;0.0;0.14793116;0.0;0.15351781;0.0;0.18240748;0.0;0.08507042;0.0;0.20417726;0.0;1.0;0.0;1.0;0.0;1.0;0.0;1.0;0.0;1.0;0.0;1.0;0.0;1.0;0.0;1.0;0.0;1.0;0.0;1.0;0.0;1.0;0.0;1.0;0.0;1.0;0.0;1.0;0.0;1.0;0.0;1.0;0.0;1.0;0.0;1.0;0.0;1.0;0.0;0.0;0.0;0.0
0.5914067;0.0;0.20935488;0.0;0.12692127;0.0;0.0;0.0;0.15175363;0.0;0.15748462;0.0;0.02013152;0.0;0.091889456;0.0;0.21831802;0.0;0.21299982;0.0;0.11090164;0.0;0.16098982;0.0;0.16268054;0.0;0.0;0.0;0.15460515;0.0;0.18369946;0.0;0.08693958;0.0;0.1939275;0.0;1.0;0.0;1.0;0.0;1.0;0.0;1.0;0.0;1.0;0.0;1.0;0.0;1.0;0.0;1.0;0.0;1.0;0.0;1.0;0.0;1.0;0.0;1.0;0.0;1.0;0.0;1.0;0.0;1.0;0.0;1.0;0.0;1.0;0.0;1.0;0.0;1.0;0.0;0.0;0.0;0.0
0.58140665;0.0;0.19828972;0.0;0.11260446;0.0;0.0;0.0;0.15070586;0.0;0.15639728;0.0;0.037051488;0.0;0.090020284;0.0;0.22856776;0.0;0.2229999;0.0;0.11328598;0.0;0.17530663;0.0;0.16382469;0.0;0.15002671;0.0;0.1556925;0.0;0.13307878;0.0;0.08880875;0.0;0.18367773;0.0;1.0;0.0;1.0;0.0;1.0;0.0;1.0;0.0;1.0;0.0;1.0;0.0;1.0;0.0;1.0;0.0;1.0;0.0;1.0;0.0;1.0;0.0;1.0;0.0;1.0;0.0;1.0;0.0;1.0;0.0;1.0;0.0;1.0;0.0;1.0;0.0;1.0;0.0;0.0;0.0;0.0
0.5714066;0.0;0.18722458;0.0;0.09828766;0.0;0.0;0.0;0.14965808;0.0;0.15530995;0.0;0.05397145;0.0;0.15888742;0.0;0.23881753;0.0;0.23299997;0.0;0.11567034;0.0;0.18962345;0.0;0.16496883;0.0;0.1510745;0.0;0.0;0.0;0.11615882;0.0;0.090677924;0.0;0.17342797;0.0;1.0;0.0;1.0;0.0;1.0;0.0;1.0;0.0;1.0;0.0;1.0;0.0;1.0;0.0;1.0;0.0;1.0;0.0;1.0;0.0;1.0;0.0;1.0;0.0;1.0;0.0;1.0;0.0;1.0;0.0;1.0;0.0;1.0;0.0;1.0;0.0;1.0;0.0;0.0;0.0;0.0
0.5614065;0.0;0.17615943;0.0;0.08397085;0.0;0.162278;0.0;0.14861031;0.0;0.15422258;0.0;0.07089142;0.0;0.17088363;0.0;0.24906728;0.0;0.24300006;0.0;0.11805467;0.0;0.20394024;0.0;0.16611297;0.0;0.15212227;0.0;0.0;0.0;0.09923886;0.0;0.09254709;0.0;0.16317822;0.0;1.0;0.0;1.0;0.0;1.0;0.0;1.0;0.0;1.0;0.0;1.0;0.0;1.0;0.0;1.0;0.0;1.0;0.0;1.0;0.0;1.0;0.0;1.0;0.0;1.0;0.0;1.0;0.0;1.0;0.0;1.0;0.0;1.0;0.0;1.0;0.0;1.0;0.0;0.0;0.0;0.0
0.55140644;0.0;0.16509427;0.0;0.06965405;0.0;0.16113386;0.0;0.14756253;0.0;0.0;0.0;0.08781139;0.0;0.18287984;0.0;0.25931704;0.0;0.25300014;0.0;0.12043903;0.0;0.074301496;0.0;0.16725712;0.0;0.15317006;0.0;0.0;0.0;0.0823189;0.0;0.09441626;0.0;0.15292846;0.0;1.0;0.0;1.0;0.0;1.0;0.0;1.0;0.0;1.0;0.0;1.0;0.0;1.0;0.0;1.0;0.0;1.0;0.0;1.0;0.0;1.0;0.0;1.0;0.0;1.0;0.0;1.0;0.0;1.0;0.0;1.0;0.0;1.0;0.0;1.0;0.0;1.0;0.0;0.0;0.0;0.0
0.54140633;0.0;0.15402912;0.0;0.064167;0.0;0.1599897;0.0;0.14651474;0.0;0.0;0.0;0.10473134;0.0;0.19487603;0.0;0.2695668;0.0;0.2630002;0.0;0.12282337;0.0;0.0886183;0.0;0.16840127;0.0;0.15421784;0.0;0.1600419;0.0;0.06539895;0.0;0.09628543;0.0;0.14267871;0.0;1.0;0.0;1.0;0.0;1.0;0.0;1.0;0.0;1.0;0.0;1.0;0.0;1.0;0.0;1.0;0.0;1.0;0.0;1.0;0.0;1.0;0.0;1.0;0.0;1.0;0.0;1.0;0.0;1.0;0.0;1.0;0.0;1.0;0.0;1.0;0.0;1.0;0.0;0.0;0.0;0.0
0.5314063;0.0;0.14296398;0.0;0.062713966;0.0;0.15884557;0.0;0.14546695;0.0;0.15096053;0.0;0.121651314;0.0;0.20687222;0.0;0.27981657;0.0;0.2730003;0.0;0.1252077;0.0;0.10293511;0.0;0.0;0.0;0.15526561;0.0;0.16112925;0.0;0.048478983;0.0;0.15499328;0.0;0.13242893;0.0;1.0;0.0;1.0;0.0;1.0;0.0;1.0;0.0;1.0;0.0;1.0;0.0;1.0;0.0;1.0;0.0;1.0;0.0;1.0;0.0;1.0;0.0;1.0;0.0;1.0;0.0;1.0;0.0;1.0;0.0;1.0;0.0;1.0;0.0;1.0;0.0;1.0;0.0;0.0;0.0;0.0
0.5214062;0.0;0.13189882;0.0;0.06126092;0.0;0.15770142;0.0;0.14441918;0.0;0.14987318;0.0;0.17807698;0.0;0.21886842;0.0;0.2900663;0.0;0.28300038;0.0;0.12759206;0.0;0.11725192;0.0;0.0;0.0;0.15631339;0.0;0.16221659;0.0;0.031559024;0.0;0.14299709;0.0;0.53442466;0.0;1.0;0.0;1.0;0.0;1.0;0.0;1.0;0.0;1.0;0.0;1.0;0.0;1.0;0.0;1.0;0.0;1.0;0.0;1.0;0.0;1.0;0.0;1.0;0.0;1.0;0.0;1.0;0.0;1.0;0.0;1.0;0.0;1.0;0.0;1.0;0.0;1.0;0.0;0.0;0.0;0.0
0.5114061;0.0;0.12083366;0.0;0.059807885;0.0;0.15655728;0.0;0.1433714;0.0;0.14878584;0.0;0.17678502;0.0;0.23086461;0.0;0.3003161;0.0;0.29300043;0.0;0.1299764;0.0;0.13156873;0.0;0.0;0.0;0.15736118;0.0;0.16330394;0.0;0.07042847;0.0;0.13100089;0.0;0.5241749;0.0;1.0;0.0;1.0;0.0;1.0;0.0;1.0;0.0;1.0;0.0;1.0;0.0;1.0;0.0;1.0;0.0;1.0;0.0;1.0;0.0;1.0;0.0;1.0;0.0;1.0;0.0;1.0;0.0;1.0;0.0;1.0;0.0;1.0;0.0;1.0;0.0;1.0;0.0;0.0;0.0;0.0
0.5014061;0.0;0.10976851;0.0;0.058354847;0.0;0.0;0.0;0.14232363;0.0;0.14769849;0.0;0.17549303;0.0;0.24286084;0.0;0.31056586;0.0;0.3030005;0.0;0.13236074;0.0;0.14588554;0.0;0.0032961708;0.0;0.15840895;0.0;0.1643913;0.0;0.071720436;0.0;0.11900469;0.0;0.5139252;0.0;1.0;0.0;1.0;0.0;1.0;0.0;1.0;0.0;1.0;0.0;1.0;0.0;1.0;0.0;1.0;0.0;1.0;0.0;1.0;0.0;1.0;0.0;1.0;0.0;1.0;0.0;1.0;0.0;1.0;0.0;1.0;0.0;1.0;0.0;1.0;0.0;1.0;0.0;0.0;0.0;0.0
0.49140596;0.0;0.09870336;0.0;0.056901805;0.0;0.0;0.0;0.14127585;0.0;0.14661114;0.0;0.019200861;0.0;0.13423519;0.0;0.32081562;0.0;0.31300062;0.0;0.13474509;0.0;0.16020235;0.0;0.027747577;0.0;0.0;0.0;0.16547865;0.0;0.07301241;0.0;0.10700848;0.0;0.5036754;0.0;1.0;0.0;1.0;0.0;1.0;0.0;1.0;0.0;1.0;0.0;1.0;0.0;1.0;0.0;1.0;0.0;1.0;0.0;1.0;0.0;1.0;0.0;1.0;0.0;1.0;0.0;1.0;0.0;1.0;0.0;1.0;0.0;1.0;0.0;1.0;0.0;0.0;0.0;1.0;0.0;0.0
0.4899074;0.0;0.09710956;0.0;0.058923542;0.0;0.0;0.0;0.14170799;0.0;0.14524612;0.0;0.020182626;0.0;0.13755706;0.0;0.32383066;0.0;0.3120461;0.0;0.14522503;0.0;0.15470564;0.0;0.025745219;0.0;0.1599445;0.0;0.16393796;0.0;0.07124923;0.0;0.109656595;0.0;0.2142969;0.0;1.0;0.0;1.0;0.0;1.0;0.0;1.0;0.0;1.0;0.0;1.0;0.0;1.0;0.0;1.0;0.0;1.0;0.0;1.0;0.0;1.0;0.0;1.0;0.0;1.0;0.0;1.0;0.0;1.0;0.0;1.0;0.0;1.0;0.0;1.0;0.0;1.0;0.0;0.0;0.0;0.0
0.47990742;0.0;0.08618989;0.0;0.057919152;0.0;0.0;0.0;0.14100644;0.0;0.14452705;0.0;0.038021963;0.0;0.14988762;0.0;0.3342083;0.0;0.32204607;0.0;0.14694041;0.0;0.1685734;0.0;0.048501313;0.0;0.0;0.0;0.16465703;0.0;0.07209082;0.0;0.09732604;0.0;0.21682815;0.0;1.0;0.0;1.0;0.0;1.0;0.0;1.0;0.0;1.0;0.0;1.0;0.0;1.0;0.0;1.0;0.0;1.0;0.0;1.0;0.0;1.0;0.0;1.0;0.0;1.0;0.0;1.0;0.0;1.0;0.0;1.0;0.0;1.0;0.0;1.0;0.0;1.0;0.0;0.0;0.0;0.0
0.46990743;0.0;0.07527021;0.0;0.056914758;0.0;0.0;0.0;0.1403049;0.0;0.14380798;0.0;0.055861305;0.0;0.16221818;0.0;0.34458596;0.0;0.33204606;0.0;0.1486558;0.0;0.18244115;0.0;0.17853227;0.0;0.1613476;0.0;0.1653761;0.0;0.07293241;0.0;0.08499549;0.0;0.21935943;0.0;1.0;0.0;1.0;0.0;1.0;0.0;1.0;0.0;1.0;0.0;1.0;0.0;1.0;0.0;1.0;0.0;1.0;0.0;1.0;0.0;1.0;0.0;1.0;0.0;1.0;0.0;1.0;0.0;1.0;0.0;1.0;0.0;1.0;0.0;1.0;0.0;1.0;0.0;0.0;0.0;0.0
0.45990744;0.0;0.06435053;0.0;0.055910368;0.0;0.04321188;0.0;0.13960335;0.0;0.0;0.0;0.073700644;0.0;0.17454872;0.0;0.35496357;0.0;0.34204605;0.0;0.15037118;0.0;0.19630888;0.0;0.17930855;0.0;0.16204914;0.0;0.0;0.0;0.073773995;0.0;0.07266493;0.0;0.47727603;0.0;1.0;0.0;1.0;0.0;1.0;0.0;1.0;0.0;1.0;0.0;1.0;0.0;1.0;0.0;1.0;0.0;1.0;0.0;1.0;0.0;1.0;0.0;1.0;0.0;1.0;0.0;1.0;0.0;1.0;0.0;1.0;0.0;1.0;0.0;1.0;0.0;1.0;0.0;0.0;0.0;0.0
0.44990748;0.0;0.053430855;0.0;0.054905973;0.0;0.04243561;0.0;0.1389018;0.0;0.0;0.0;0.09153998;0.0;0.18687928;0.0;0.36534122;0.0;0.35204604;0.0;0.15208656;0.0;0.21017662;0.0;0.18008481;0.0;0.16275069;0.0;0.0;0.0;0.07461558;0.0;0.060334384;0.0;0.46689838;0.0;1.0;0.0;1.0;0.0;1.0;0.0;1.0;0.0;1.0;0.0;1.0;0.0;1.0;0.0;1.0;0.0;1.0;0.0;1.0;0.0;1.0;0.0;1.0;0.0;1.0;0.0;1.0;0.0;1.0;0.0;1.0;0.0;1.0;0.0;1.0;0.0;1.0;0.0;0.0;0.0;0.0
0.4399075;0.0;0.04251118;0.0;0.05398823;0.0;0.041659337;0.0;0.13820025;0.0;0.14165077;0.0;0.16578636;0.0;0.19920984;0.0;0.37571886;0.0;0.362046;0.0;0.15380195;0.0;0.22404437;0.0;0.18086109;0.0;0.16345225;0.0;0.06447193;0.0;0.07545717;0.0;0.04800383;0.0;0.4565208;0.0;1.0;0.0;1.0;0.0;1.0;0.0;1.0;0.0;1.0;0.0;1.0;0.0;1.0;0.0;1.0;0.0;1.0;0.0;1.0;0.0;1.0;0.0;1.0;0.0;1.0;0.0;1.0;0.0;1.0;0.0;1.0;0.0;1.0;0.0;1.0;0.0;1.0;0.0;0.0;0.0;0.0
0.4299075;0.0;0.031591505;0.0;0.04012049;0.0;0.040883068;0.0;0.13749869;0.0;0.14093171;0.0;0.16494477;0.0;0.21154039;0.0;0.38609648;0.0;0.372046;0.0;0.29679933;0.0;0.0988958;0.0;0.18163736;0.0;0.1641538;0.0;0.065191;0.0;0.07629876;0.0;0.03567328;0.0;0.44614315;0.0;1.0;0.0;1.0;0.0;1.0;0.0;1.0;0.0;1.0;0.0;1.0;0.0;1.0;0.0;1.0;0.0;1.0;0.0;1.0;0.0;1.0;0.0;1.0;0.0;1.0;0.0;1.0;0.0;1.0;0.0;1.0;0.0;1.0;0.0;1.0;0.0;1.0;0.0;0.0;0.0;0.0
0.4199075;0.0;0.020671826;0.0;0.02625275;0.0;0.040106796;0.0;0.0;0.0;0.14021264;0.0;0.16410318;0.0;0.22387095;0.0;0.13077942;0.0;0.38204598;0.0;0.307719;0.0;0.11276355;0.0;0.0;0.0;0.16485536;0.0;0.06591006;0.0;0.077140346;0.0;0.023342727;0.0;0.4357655;0.0;1.0;0.0;1.0;0.0;1.0;0.0;1.0;0.0;1.0;0.0;1.0;0.0;1.0;0.0;1.0;0.0;1.0;0.0;1.0;0.0;1.0;0.0;1.0;0.0;1.0;0.0;1.0;0.0;1.0;0.0;1.0;0.0;1.0;0.0;1.0;0.0;1.0;0.0;0.0;0.0;0.0
0.40990752;0.0;0.00975215;0.0;0.012385008;0.0;0.039330523;0.0;0.035544757;0.0;0.13949357;0.0;0.16326159;0.0;0.11259465;0.0;0.12824817;0.0;0.39204594;0.0;0.31863868;0.0;0.12663129;0.0;0.0;0.0;0.16555691;0.0;0.066629134;0.0;0.015931956;0.0;0.011012175;0.0;0.42538786;0.0;1.0;0.0;1.0;0.0;1.0;0.0;1.0;0.0;1.0;0.0;1.0;0.0;1.0;0.0;1.0;0.0;1.0;0.0;1.0;0.0;1.0;0.0;1.0;0.0;1.0;0.0;1.0;0.0;1.0;0.0;1.0;0.0;1.0;0.0;1.0;0.0;1.0;0.0;0.0;0.0;0.0
0.39990756;0.0;0.0;0.0;0.0;0.0;0.03855425;0.0;0.034843203;0.0;0.1387745;0.0;0.0019073744;0.0;0.12492521;0.0;0.12571692;0.0;0.40204597;0.0;0.32955834;0.0;0.14049903;0.0;0.0024330714;0.0;0.16625845;0.0;0.0673482;0.0;0.0;0.0;0.0;0.0;0.4150102;0.0;1.0;0.0;1.0;0.0;1.0;0.0;1.0;0.0;1.0;0.0;1.0;0.0;1.0;0.0;1.0;0.0;1.0;0.0;1.0;0.0;1.0;0.0;1.0;0.0;1.0;0.0;1.0;0.0;1.0;0.0;1.0;0.0;1.0;0.0;1.0;0.0;1.0;0.0;0.0;0.0;0.0
0.3899074;0.0;0.0;0.0;0.0;0.0;0.037777983;0.0;0.034141652;0.0;0.0;0.0;0.019747054;0.0;0.137256;0.0;0.12318567;0.0;0.4120461;0.0;0.34047824;0.0;0.15436704;0.0;0.025189599;0.0;0.0;0.0;0.06806727;0.0;0.0;0.0;0.48077813;0.0;0.4046324;0.0;1.0;0.0;1.0;0.0;1.0;0.0;1.0;0.0;1.0;0.0;1.0;0.0;1.0;0.0;1.0;0.0;1.0;0.0;1.0;0.0;1.0;0.0;1.0;0.0;1.0;0.0;1.0;0.0;1.0;0.0;1.0;0.0;1.0;0.0;1.0;0.0;1.0;0.0;0.0;0.0;0.0
0.3799072;0.0;0.0;0.0;0.0;0.0;0.037001707;0.0;0.033440102;0.0;0.0;0.0;0.037586734;0.0;0.14958678;0.0;0.12065442;0.0;0.42204627;0.0;0.35139814;0.0;0.16823505;0.0;0.04794613;0.0;0.06711073;0.0;0.06878634;0.0;0.0;0.0;0.46844736;0.0;0.39425457;0.0;1.0;0.0;1.0;0.0;1.0;0.0;1.0;0.0;1.0;0.0;1.0;0.0;1.0;0.0;1.0;0.0;1.0;0.0;1.0;0.0;1.0;0.0;1.0;0.0;1.0;0.0;1.0;0.0;1.0;0.0;1.0;0.0;1.0;0.0;1.0;0.0;1.0;0.0;0.0;0.0;0.0
0.36990702;0.0;0.40392718;0.0;0.0;0.0;0.036225438;0.0;0.03273855;0.0;0.0;0.0;0.0;0.0;0.16191758;0.0;0.11812317;0.0;0.43204647;0.0;0.362318;0.0;0.18210307;0.0;0.18629499;0.0;0.06781228;0.0;0.06950541;0.0;0.0;0.0;0.45611653;0.0;0.38387674;0.0;1.0;0.0;1.0;0.0;1.0;0.0;1.0;0.0;1.0;0.0;1.0;0.0;1.0;0.0;1.0;0.0;1.0;0.0;1.0;0.0;1.0;0.0;1.0;0.0;1.0;0.0;1.0;0.0;1.0;0.0;1.0;0.0;1.0;0.0;1.0;0.0;1.0;0.0;0.0;0.0;0.0
0.35990685;0.0;0.3930073;0.0;0.0;0.0;0.0;0.0;0.032036997;0.0;0.032836888;0.0;0.0;0.0;0.17424837;0.0;0.11559192;0.0;0.44204664;0.0;0.3732379;0.0;0.19597107;0.0;0.0;0.0;0.06851383;0.0;0.07022447;0.0;0.0;0.0;0.2860542;0.0;0.3734989;0.0;1.0;0.0;1.0;0.0;1.0;0.0;1.0;0.0;1.0;0.0;1.0;0.0;1.0;0.0;1.0;0.0;1.0;0.0;1.0;0.0;1.0;0.0;1.0;0.0;1.0;0.0;1.0;0.0;1.0;0.0;1.0;0.0;1.0;0.0;1.0;0.0;1.0;0.0;0.0;0.0;0.0
0.34990668;0.0;0.3820874;0.0;0.0;0.0;0.0;0.0;0.03133545;0.0;0.03211782;0.0;0.0;0.0;0.0;0.0;0.11306067;0.0;0.4520468;0.0;0.3841578;0.0;0.20983908;0.0;0.0;0.0;0.06921538;0.0;0.07094354;0.0;0.0;0.0;0.2872412;0.0;0.36312106;0.0;1.0;0.0;1.0;0.0;1.0;0.0;1.0;0.0;1.0;0.0;1.0;0.0;1.0;0.0;1.0;0.0;1.0;0.0;1.0;0.0;1.0;0.0;1.0;0.0;1.0;0.0;1.0;0.0;1.0;0.0;1.0;0.0;1.0;0.0;1.0;0.0;1.0;0.0;0.0;0.0;0.0
0.3399065;0.0;0.37116754;0.0;0.0;0.0;0.0;0.0;0.030633897;0.0;0.03139875;0.0;0.0;0.0;0.0;0.0;0.37546647;0.0;0.462047;0.0;0.39507768;0.0;0.22370708;0.0;0.0;0.0;0.069916934;0.0;0.0;0.0;0.5663602;0.0;0.28842822;0.0;0.3527432;0.0;1.0;0.0;1.0;0.0;1.0;0.0;1.0;0.0;1.0;0.0;1.0;0.0;1.0;0.0;1.0;0.0;1.0;0.0;1.0;0.0;1.0;0.0;1.0;0.0;1.0;0.0;1.0;0.0;1.0;0.0;9.0;0.0;1.0;0.0;1.0;0.0;1.0;0.0;0.0;0.0;0.0
0.32990634;0.0;0.36024767;0.0;0.73553884;0.0;0.0;0.0;0.029932344;0.0;0.030679684;0.0;0.0;0.0;0.0;0.0;0.3858443;0.0;0.47204718;0.0;0.40599757;0.0;0.2375751;0.0;0.0;0.0;0.07061849;0.0;0.0;0.0;0.56720173;0.0;0.2896152;0.0;0.34236538;0.0;1.0;0.0;1.0;0.0;1.0;0.0;1.0;0.0;1.0;0.0;1.0;0.0;1.0;0.0;1.0;0.0;1.0;0.0;1.0;0.0;1.0;0.0;1.0;0.0;1.0;0.0;1.0;0.0;1.0;0.0;9.0;0.0;1.0;0.0;1.0;0.0;1.0;0.0;0.0;0.0;0.0
0.31990618;0.0;0.34932777;0.0;0.7216708;0.0;0.0;0.0;0.029230794;0.0;0.029960617;0.0;0.0;0.0;0.0;0.0;0.39622214;0.0;0.48204732;0.0;0.41691747;0.0;0.0;0.0;0.0;0.0;0.07132004;0.0;0.0;0.0;0.56804335;0.0;0.29080224;0.0;0.33198756;0.0;1.0;0.0;1.0;0.0;1.0;0.0;1.0;0.0;1.0;0.0;1.0;0.0;1.0;0.0;1.0;0.0;1.0;0.0;1.0;0.0;1.0;0.0;1.0;0.0;1.0;0.0;1.0;0.0;1.0;0.0;9.0;0.0;1.0;0.0;1.0;0.0;1.0;0.0;0.0;0.0;0.0
0.30990598;0.0;0.33840787;0.0;0.70780283;0.0;0.5878688;0.0;0.0;0.0;0.02924155;0.0;0.034223955;0.0;0.0;0.0;0.40659994;0.0;0.4920475;0.0;0.31837374;0.0;0.0;0.0;0.07969241;0.0;0.07202159;0.0;0.69218796;0.0;0.44826317;0.0;0.29198927;0.0;0.3216097;0.0;1.0;0.0;1.0;0.0;1.0;0.0;1.0;0.0;1.0;0.0;1.0;0.0;1.0;0.0;1.0;0.0;1.0;0.0;1.0;0.0;1.0;0.0;1.0;0.0;1.0;0.0;1.0;0.0;9.0;0.0;1.0;0.0;1.0;0.0;1.0;0.0;1.0;0.0;0.0;0.0;0.0
0.2999058;0.0;0.327488;0.0;0.6939348;0.0;0.45435277;0.0;0.53058183;0.0;0.028522482;0.0;0.033382367;0.0;0.001019432;0.0;8.579741E-4;0.0;0.50204766;0.0;0.3292936;0.0;0.0011465197;0.0;0.08046868;0.0;0.072723135;0.0;0.69290704;0.0;0.44910473;0.0;0.29317626;0.0;0.31123188;0.0;1.0;0.0;1.0;0.0;1.0;0.0;1.0;0.0;1.0;0.0;1.0;0.0;1.0;0.0;1.0;0.0;1.0;0.0;1.0;0.0;1.0;0.0;1.0;0.0;1.0;0.0;1.0;0.0;9.0;0.0;1.0;0.0;1.0;0.0;1.0;0.0;0.0;0.0;1.0;0.0;0.0
0.7996624;0.0;0.07387824;0.0;0.67170626;0.0;0.4242541;0.0;0.53286105;0.0;0.02829353;0.0;0.032634046;0.0;0.001046607;0.0;8.671804E-4;0.0;0.50113;0.0;0.43230337;0.0;0.0011097937;0.0;0.08191286;0.0;0.07303553;0.0;0.6873449;0.0;0.55695516;0.0;0.2799018;0.0;0.3145715;0.0;1.0;0.0;1.0;0.0;1.0;0.0;1.0;0.0;1.0;0.0;1.0;0.0;1.0;0.0;1.0;0.0;1.0;0.0;1.0;0.0;1.0;0.0;1.0;0.0;1.0;0.0;1.0;0.0;9.0;0.0;9.0;0.0;1.0;0.0;1.0;0.0;0.0;0.0;1.0;0.0;0.0
0.79917526;0.0;0.08091707;0.0;0.78216755;0.0;0.6093069;0.0;0.0;0.0;0.02810218;0.0;0.03195662;0.0;0.0010766183;0.0;8.776674E-4;0.0;0.50082475;0.0;0.42654878;0.0;0.0010766184;0.0;0.08351343;0.0;0.07344048;0.0;0.68269646;0.0;0.5453937;0.0;0.26808977;0.0;0.31837565;0.0;1.0;0.0;1.0;0.0;1.0;0.0;1.0;0.0;1.0;0.0;1.0;0.0;1.0;0.0;1.0;0.0;1.0;0.0;1.0;0.0;1.0;0.0;1.0;0.0;1.0;0.0;1.0;0.0;9.0;0.0;9.0;0.0;1.0;0.0;1.0;0.0;0.0;0.0;1.0;0.0;0.0
0.7996624;0.0;0.089558996;0.0;0.76036423;0.0;0.62222314;0.0;0.5394638;0.0;0.027947228;0.0;0.031344157;0.0;0.0011097935;0.0;8.8950805E-4;0.0;0.50113;0.0;0.2340476;0.0;0.0010466072;0.0;0.001556346;0.0;0.07394053;0.0;0.0;0.0;0.534941;0.0;0.2575354;0.0;0.32267088;0.0;1.0;0.0;1.0;0.0;1.0;0.0;1.0;0.0;1.0;0.0;1.0;0.0;1.0;0.0;1.0;0.0;1.0;0.0;1.0;0.0;1.0;0.0;1.0;0.0;1.0;0.0;1.0;0.0;1.0;0.0;9.0;0.0;1.0;0.0;1.0;0.0;0.0;0.0;1.0;0.0;0.0
0.8011268;0.0;0.31123188;0.0;0.21721408;0.0;0.535013;0.0;0.54382926;0.0;0.027827691;0.0;0.03079154;0.0;0.0011465197;0.0;9.027875E-4;0.0;0.50204766;0.0;0.5210078;0.0;0.001019432;0.0;0.001474872;0.0;0.07453887;0.0;0.67602813;0.0;0.63676983;0.0;0.39202708;0.0;0.17781733;0.0;1.0;0.0;1.0;0.0;1.0;0.0;1.0;0.0;1.0;0.0;1.0;0.0;1.0;0.0;1.0;0.0;1.0;0.0;1.0;0.0;1.0;0.0;1.0;0.0;1.0;0.0;1.0;0.0;1.0;0.0;1.0;0.0;1.0;0.0;1.0;0.0;0.0;0.0;1.0;0.0;0.0
0.8035773;0.0;0.3083341;0.0;0.22832048;0.0;0.5089878;0.0;0.5489402;0.0;0.027742827;0.0;0.030294338;0.0;0.0011872556;0.0;9.1760437E-4;0.0;0.5035834;0.0;0.5161569;0.0;0.24223849;0.0;0.0014031284;0.0;0.07523939;0.0;0.6739665;0.0;0.6264877;0.0;0.37857622;0.0;0.16498543;0.0;1.0;0.0;1.0;0.0;1.0;0.0;1.0;0.0;1.0;0.0;1.0;0.0;1.0;0.0;1.0;0.0;1.0;0.0;1.0;0.0;1.0;0.0;1.0;0.0;1.0;0.0;1.0;0.0;1.0;0.0;1.0;0.0;1.0;0.0;1.0;0.0;0.0;0.0;1.0;0.0;0.0
0.8070291;0.0;0.30585903;0.0;0.24093321;0.0;0.669629;0.0;0.32093868;0.0;0.027692119;0.0;0.02984872;0.0;0.0012325498;0.0;9.3407265E-4;0.0;0.50574654;0.0;0.51201355;0.0;0.2368083;0.0;0.001339597;0.0;0.07604673;0.0;0.6727346;0.0;0.5316905;0.0;0.36644942;0.0;0.15405592;0.0;1.0;0.0;1.0;0.0;1.0;0.0;1.0;0.0;1.0;0.0;1.0;0.0;1.0;0.0;1.0;0.0;1.0;0.0;1.0;0.0;1.0;0.0;1.0;0.0;1.0;0.0;1.0;0.0;1.0;0.0;1.0;0.0;1.0;0.0;1.0;0.0;0.0;0.0;1.0;0.0;0.0
0.8115037;0.0;0.30379057;0.0;0.25535017;0.0;0.62100726;0.0;0.28996986;0.0;0.5276753;0.0;0.02945139;0.0;0.0012830626;0.0;9.5232436E-4;0.0;0.5085507;0.0;0.5085509;0.0;0.23189256;0.0;0.0012830652;0.0;0.07696637;0.0;0.6723248;0.0;0.71547335;0.0;0.35549504;0.0;0.3454576;0.0;1.0;0.0;1.0;0.0;1.0;0.0;1.0;0.0;1.0;0.0;1.0;0.0;1.0;0.0;1.0;0.0;1.0;0.0;1.0;0.0;1.0;0.0;1.0;0.0;1.0;0.0;1.0;0.0;1.0;0.0;1.0;0.0;1.0;0.0;1.0;0.0;0.0;0.0;1.0;0.0;0.0
0.30585894;0.0;0.30211547;0.0;0.3388371;0.0;0.5965589;0.0;0.5691158;0.0;0.5279969;0.0;0.029099489;0.0;0.03512042;0.0;9.72512E-4;0.0;0.13311127;0.0;0.0;0.0;0.3407053;0.0;0.0012325525;0.0;0.07800473;0.0;0.07236883;0.0;0.70692444;0.0;0.4724874;0.0;0.35278076;0.0;1.0;0.0;1.0;0.0;1.0;0.0;1.0;0.0;1.0;0.0;1.0;0.0;1.0;0.0;1.0;0.0;1.0;0.0;1.0;0.0;1.0;0.0;1.0;0.0;1.0;0.0;1.0;0.0;1.0;0.0;1.0;0.0;1.0;0.0;1.0;0.0;0.0;0.0;1.0;0.0;0.0
0.30833402;0.0;0.30082324;0.0;0.33286315;0.0;0.71859205;0.0;0.5776121;0.0;0.5289637;0.0;0.028790554;0.0;0.034208514;0.0;9.948123E-4;0.0;0.11439804;0.0;0.5035835;0.0;0.3346984;0.0;0.0011872579;0.0;0.07916926;0.0;0.072501354;0.0;0.35980144;0.0;0.4602192;0.0;0.3608702;0.0;1.0;0.0;1.0;0.0;1.0;0.0;1.0;0.0;1.0;0.0;1.0;0.0;1.0;0.0;1.0;0.0;1.0;0.0;1.0;0.0;1.0;0.0;1.0;0.0;1.0;0.0;1.0;0.0;1.0;0.0;9.0;0.0;1.0;0.0;1.0;0.0;0.0;0.0;1.0;0.0;0.0
0.31123173;0.0;0.29990584;0.0;0.32748827;0.0;0.6939364;0.0;0.45435452;0.0;0.5305818;0.0;0.028522497;0.0;0.033382412;0.0;0.0010194306;0.0;8.5797365E-4;0.0;0.5020477;0.0;0.3292939;0.0;0.0011465219;0.0;0.0804686;0.0;0.07272312;0.0;0.69290733;0.0;0.44910532;0.0;0.29317704;0.0;1.0;0.0;1.0;0.0;1.0;0.0;1.0;0.0;1.0;0.0;1.0;0.0;1.0;0.0;1.0;0.0;1.0;0.0;1.0;0.0;1.0;0.0;1.0;0.0;1.0;0.0;1.0;0.0;1.0;0.0;9.0;0.0;1.0;0.0;1.0;0.0;0.0;0.0;1.0;0.0;0.0
0.31457132;0.0;0.7996625;0.0;0.07387789;0.0;0.67170775;0.0;0.4242556;0.0;0.5328609;0.0;0.028293539;0.0;0.032634087;0.0;0.0010466055;0.0;8.6717994E-4;0.0;0.50113004;0.0;0.43230373;0.0;0.0011097955;0.0;0.08191278;0.0;0.07303551;0.0;0.68734515;0.0;0.5569558;0.0;0.27990246;0.0;1.0;0.0;1.0;0.0;1.0;0.0;1.0;0.0;1.0;0.0;1.0;0.0;1.0;0.0;1.0;0.0;1.0;0.0;1.0;0.0;1.0;0.0;1.0;0.0;1.0;0.0;1.0;0.0;1.0;0.0;9.0;0.0;9.0;0.0;1.0;0.0;0.0;0.0;1.0;0.0;0.0
0.31837547;0.0;0.79917526;0.0;0.08091664;0.0;0.7821691;0.0;0.6093062;0.0;0.0;0.0;0.028102193;0.0;0.031956658;0.0;0.0010766166;0.0;8.7766675E-4;0.0;0.50082475;0.0;0.42654905;0.0;0.0010766202;0.0;0.08351334;0.0;0.07344045;0.0;0.6826967;0.0;0.5453943;0.0;0.2680904;0.0;1.0;0.0;1.0;0.0;1.0;0.0;1.0;0.0;1.0;0.0;1.0;0.0;1.0;0.0;1.0;0.0;1.0;0.0;1.0;0.0;1.0;0.0;1.0;0.0;1.0;0.0;1.0;0.0;1.0;0.0;9.0;0.0;9.0;0.0;1.0;0.0;0.0;0.0;1.0;0.0;0.0
0.32267064;0.0;0.79966235;0.0;0.08955847;0.0;0.76036566;0.0;0.62222236;0.0;0.5394636;0.0;0.027947236;0.0;0.03134419;0.0;0.0011097917;0.0;8.895073E-4;0.0;0.50113;0.0;0.23404625;0.0;0.0010466087;0.0;0.0015563507;0.0;0.07394049;0.0;0.0;0.0;0.53494155;0.0;0.25753593;0.0;1.0;0.0;1.0;0.0;1.0;0.0;1.0;0.0;1.0;0.0;1.0;0.0;1.0;0.0;1.0;0.0;1.0;0.0;1.0;0.0;1.0;0.0;1.0;0.0;1.0;0.0;1.0;0.0;1.0;0.0;1.0;0.0;9.0;0.0;1.0;0.0;0.0;0.0;1.0;0.0;0.0
0.17781803;0.0;0.80112666;0.0;0.31123203;0.0;0.21721336;0.0;0.5350145;0.0;0.543829;0.0;0.027827695;0.0;0.030791566;0.0;0.0011465175;0.0;9.0278673E-4;0.0;0.50204766;0.0;0.5210081;0.0;0.0010194334;0.0;0.0014748762;0.0;0.07453883;0.0;0.6760283;0.0;0.6367704;0.0;0.39202788;0.0;1.0;0.0;1.0;0.0;1.0;0.0;1.0;0.0;1.0;0.0;1.0;0.0;1.0;0.0;1.0;0.0;1.0;0.0;1.0;0.0;1.0;0.0;1.0;0.0;1.0;0.0;1.0;0.0;1.0;0.0;1.0;0.0;1.0;0.0;1.0;0.0;1.0;0.0;0.0;0.0;0.0
0.16781832;0.0;0.79196894;0.0;0.30172843;0.0;0.22413293;0.0;0.5186776;0.0;0.5480207;0.0;0.03191733;0.0;0.03531678;0.0;0.013846239;0.0;0.010902757;0.0;0.5112054;0.0;0.24763317;0.0;0.0123114735;0.0;0.017811757;0.0;0.070347086;0.0;0.67193866;0.0;0.6322452;0.0;0.38617283;0.0;1.0;0.0;1.0;0.0;1.0;0.0;1.0;0.0;1.0;0.0;1.0;0.0;1.0;0.0;1.0;0.0;1.0;0.0;1.0;0.0;1.0;0.0;1.0;0.0;1.0;0.0;1.0;0.0;1.0;0.0;1.0;0.0;1.0;0.0;1.0;0.0;1.0;0.0;0.0;0.0;0.0
0.1578186;0.0;0.78281116;0.0;0.29222482;0.0;0.23105247;0.0;0.50234073;0.0;0.5522125;0.0;0.13655782;0.0;0.03984199;0.0;0.026545962;0.0;0.020902727;0.0;0.5203631;0.0;0.23287757;0.0;0.023603514;0.0;0.07742737;0.0;0.066155344;0.0;0.667849;0.0;0.62772;0.0;0.38031784;0.0;1.0;0.0;1.0;0.0;1.0;0.0;1.0;0.0;1.0;0.0;1.0;0.0;1.0;0.0;1.0;0.0;1.0;0.0;1.0;0.0;1.0;0.0;1.0;0.0;1.0;0.0;1.0;0.0;1.0;0.0;1.0;0.0;1.0;0.0;1.0;0.0;1.0;0.0;0.0;0.0;0.0
0.1478189;0.0;0.0;0.0;0.28272125;0.0;0.23797205;0.0;0.48600388;0.0;0.55640423;0.0;0.54285085;0.0;0.044367205;0.0;0.039245687;0.0;0.030902699;0.0;0.0;0.0;0.21812196;0.0;0.034895554;0.0;0.07252141;0.0;0.061963607;0.0;0.0;0.0;0.51193446;0.0;0.3778024;0.0;1.0;0.0;1.0;0.0;1.0;0.0;1.0;0.0;1.0;0.0;1.0;0.0;1.0;0.0;1.0;0.0;1.0;0.0;1.0;0.0;1.0;0.0;1.0;0.0;1.0;0.0;1.0;0.0;1.0;0.0;1.0;0.0;9.0;0.0;1.0;0.0;1.0;0.0;0.0;0.0;0.0
0.13781917;0.0;0.0;0.0;0.27321765;0.0;0.2448916;0.0;0.65611416;0.0;0.5605959;0.0;0.54694045;0.0;0.048892416;0.0;0.051945407;0.0;0.040902667;0.0;0.0;0.0;0.20336635;0.0;0.046187595;0.0;0.06761545;0.0;0.05777187;0.0;0.65966976;0.0;0.5074092;0.0;0.22465177;0.0;1.0;0.0;1.0;0.0;1.0;0.0;1.0;0.0;1.0;0.0;1.0;0.0;1.0;0.0;1.0;0.0;1.0;0.0;1.0;0.0;1.0;0.0;1.0;0.0;1.0;0.0;1.0;0.0;1.0;0.0;9.0;0.0;9.0;0.0;1.0;0.0;1.0;0.0;0.0;0.0;0.0
0.12781945;0.0;0.75533795;0.0;0.26371405;0.0;0.25181118;0.0;0.6610201;0.0;0.22113986;0.0;0.5510301;0.0;0.05341763;0.0;0.06464513;0.0;0.050902642;0.0;0.54783636;0.0;0.46449605;0.0;0.05747963;0.0;0.062709495;0.0;0.15664142;0.0;0.65558016;0.0;0.50288403;0.0;0.21879673;0.0;1.0;0.0;1.0;0.0;1.0;0.0;1.0;0.0;1.0;0.0;1.0;0.0;1.0;0.0;1.0;0.0;1.0;0.0;1.0;0.0;1.0;0.0;1.0;0.0;1.0;0.0;1.0;0.0;1.0;0.0;9.0;0.0;9.0;0.0;1.0;0.0;1.0;0.0;0.0;0.0;0.0
0.11781974;0.0;0.7461802;0.0;0.25421047;0.0;0.30204937;0.0;0.6659261;0.0;0.1833776;0.0;0.55511975;0.0;0.057942845;0.0;0.07734485;0.0;0.060902614;0.0;0.5569941;0.0;0.4739996;0.0;0.068771675;0.0;0.057803534;0.0;0.15244968;0.0;0.6514905;0.0;0.49835882;0.0;0.21294172;0.0;1.0;0.0;1.0;0.0;1.0;0.0;1.0;0.0;1.0;0.0;1.0;0.0;1.0;0.0;1.0;0.0;1.0;0.0;1.0;0.0;1.0;0.0;1.0;0.0;1.0;0.0;1.0;0.0;1.0;0.0;9.0;0.0;9.0;0.0;1.0;0.0;1.0;0.0;0.0;0.0;0.0
0.107820034;0.0;0.73702246;0.0;0.24470687;0.0;0.29075733;0.0;0.5994861;0.0;0.5731712;0.0;0.0;0.0;0.06246806;0.0;0.08082534;0.0;0.07090258;0.0;0.5661518;0.0;0.067383155;0.0;0.080063716;0.0;0.052897573;0.0;0.25131923;0.0;0.64740086;0.0;0.4938336;0.0;0.20708671;0.0;1.0;0.0;1.0;0.0;1.0;0.0;1.0;0.0;1.0;0.0;1.0;0.0;1.0;0.0;1.0;0.0;1.0;0.0;1.0;0.0;1.0;0.0;1.0;0.0;1.0;0.0;1.0;0.0;1.0;0.0;9.0;0.0;9.0;0.0;1.0;0.0;1.0;0.0;0.0;0.0;0.0
0.09782031;0.0;0.7278647;0.0;0.23520327;0.0;0.2794653;0.0;0.58314925;0.0;0.5773629;0.0;0.56329906;0.0;0.066993274;0.0;0.08668036;0.0;0.080902554;0.0;0.5753096;0.0;0.07688675;0.0;0.091355756;0.0;0.047991615;0.0;0.24712749;0.0;0.6433112;0.0;0.48930842;0.0;0.20123167;0.0;1.0;0.0;1.0;0.0;1.0;0.0;1.0;0.0;1.0;0.0;1.0;0.0;1.0;0.0;1.0;0.0;1.0;0.0;1.0;0.0;1.0;0.0;1.0;0.0;1.0;0.0;1.0;0.0;1.0;0.0;9.0;0.0;9.0;0.0;1.0;0.0;0.0;0.0;1.0;0.0;0.0
0.09076123;0.0;0.7300911;0.0;0.23301339;0.0;0.10767814;0.0;0.55478245;0.0;0.58278894;0.0;0.56158113;0.0;0.17537525;0.0;0.08370625;0.0;0.082230344;0.0;0.57706934;0.0;0.07617088;0.0;0.08914959;0.0;0.049179237;0.0;0.24945;0.0;0.6413494;0.0;0.4814073;0.0;0.19432718;0.0;1.0;0.0;1.0;0.0;1.0;0.0;1.0;0.0;1.0;0.0;1.0;0.0;1.0;0.0;1.0;0.0;1.0;0.0;1.0;0.0;1.0;0.0;1.0;0.0;1.0;0.0;1.0;0.0;1.0;0.0;9.0;0.0;9.0;0.0;1.0;0.0;0.0;0.0;1.0;0.0;0.0
0.0847487;0.0;0.22831361;0.0;0.23114291;0.0;0.11362638;0.0;0.7109191;0.0;0.58904237;0.0;0.5605546;0.0;0.17279556;0.0;0.08102491;0.0;0.083706126;0.0;0.5795481;0.0;0.19136196;0.0;0.08715114;0.0;0.05049021;0.0;0.14698051;0.0;0.64017695;0.0;0.5821796;0.0;0.32266596;0.0;1.0;0.0;1.0;0.0;1.0;0.0;1.0;0.0;1.0;0.0;1.0;0.0;1.0;0.0;1.0;0.0;1.0;0.0;1.0;0.0;1.0;0.0;1.0;0.0;1.0;0.0;1.0;0.0;1.0;0.0;1.0;0.0;1.0;0.0;1.0;0.0;0.0;0.0;1.0;0.0;0.0
0.079574205;0.0;0.2295795;0.0;0.73729324;0.0;0.120425545;0.0;0.66288346;0.0;0.3686706;0.0;0.5602131;0.0;0.17049538;0.0;0.07860278;0.0;0.08534174;0.0;0.5827614;0.0;0.582762;0.0;0.08534202;0.0;0.051937997;0.0;0.14875795;0.0;0.6397869;0.0;0.57442987;0.0;0.3130204;0.0;1.0;0.0;1.0;0.0;1.0;0.0;1.0;0.0;1.0;0.0;1.0;0.0;1.0;0.0;1.0;0.0;1.0;0.0;1.0;0.0;1.0;0.0;1.0;0.0;1.0;0.0;1.0;0.0;1.0;0.0;1.0;0.0;1.0;0.0;1.0;0.0;0.0;0.0;1.0;0.0;0.0
0.266602;0.0;0.23114264;0.0;0.7332278;0.0;0.12825638;0.0;0.21558735;0.0;0.6042085;0.0;0.5605545;0.0;0.16845818;0.0;0.07641168;0.0;0.08715083;0.0;0.5867293;0.0;0.5795486;0.0;0.083706394;0.0;0.053538423;0.0;0.15076484;0.0;0.64017683;0.0;0.40803736;0.0;0.30429474;0.0;1.0;0.0;1.0;0.0;1.0;0.0;1.0;0.0;1.0;0.0;1.0;0.0;1.0;0.0;1.0;0.0;1.0;0.0;1.0;0.0;1.0;0.0;1.0;0.0;1.0;0.0;1.0;0.0;1.0;0.0;1.0;0.0;1.0;0.0;1.0;0.0;0.0;0.0;1.0;0.0;0.0
0.2727154;0.0;0.23301306;0.0;0.7300915;0.0;0.25155059;0.0;0.22272167;0.0;0.6132287;0.0;0.56158096;0.0;0.16666974;0.0;0.07442764;0.0;0.089149244;0.0;0.2488982;0.0;0.57706964;0.0;0.082230575;0.0;0.05531014;0.0;0.15301558;0.0;0.641349;0.0;0.6655706;0.0;0.29639366;0.0;1.0;0.0;1.0;0.0;1.0;0.0;1.0;0.0;1.0;0.0;1.0;0.0;1.0;0.0;1.0;0.0;1.0;0.0;1.0;0.0;1.0;0.0;1.0;0.0;1.0;0.0;1.0;0.0;1.0;0.0;1.0;0.0;1.0;0.0;1.0;0.0;0.0;0.0;1.0;0.0;0.0
0.2794641;0.0;0.23520291;0.0;0.727865;0.0;0.24748865;0.0;0.23063496;0.0;0.62329304;0.0;0.5632987;0.0;0.5773637;0.0;0.07263027;0.0;0.09135537;0.0;0.49300593;0.0;0.5753098;0.0;0.080902755;0.0;0.057275303;0.0;0.1555269;0.0;0.0;0.0;0.6593737;0.0;0.289236;0.0;1.0;0.0;1.0;0.0;1.0;0.0;1.0;0.0;1.0;0.0;1.0;0.0;1.0;0.0;1.0;0.0;1.0;0.0;1.0;0.0;1.0;0.0;1.0;0.0;1.0;0.0;1.0;0.0;1.0;0.0;1.0;0.0;1.0;0.0;1.0;0.0;0.0;0.0;1.0;0.0;0.0
0.22705261;0.0;0.23772669;0.0;0.7265344;0.0;0.2438482;0.0;0.23943369;0.0;0.48159114;0.0;0.5657183;0.0;0.572729;0.0;0.07100213;0.0;0.09379062;0.0;0.49829602;0.0;0.57425815;0.0;0.07971271;0.0;0.059460364;0.0;0.04506137;0.0;0.44410866;0.0;0.6540807;0.0;0.40067035;0.0;1.0;0.0;1.0;0.0;1.0;0.0;1.0;0.0;1.0;0.0;1.0;0.0;1.0;0.0;1.0;0.0;1.0;0.0;1.0;0.0;1.0;0.0;1.0;0.0;1.0;0.0;1.0;0.0;1.0;0.0;9.0;0.0;1.0;0.0;1.0;0.0;0.0;0.0;1.0;0.0;0.0
0.21747081;0.0;0.24060151;0.0;0.72609174;0.0;0.24060218;0.0;0.24924612;0.0;0.45218658;0.0;0.56885487;0.0;0.56885564;0.0;0.06952824;0.0;0.09648003;0.0;0.07865138;0.0;0.5739082;0.0;0.07865161;0.0;0.061897166;0.0;0.045941852;0.0;0.3450284;0.0;0.15025301;0.0;0.39235303;0.0;1.0;0.0;1.0;0.0;1.0;0.0;1.0;0.0;1.0;0.0;1.0;0.0;1.0;0.0;1.0;0.0;1.0;0.0;1.0;0.0;1.0;0.0;1.0;0.0;1.0;0.0;1.0;0.0;1.0;0.0;1.0;0.0;9.0;0.0;1.0;0.0;0.0;0.0;1.0;0.0;0.0
0.20890918;0.0;0.24384744;0.0;0.72653425;0.0;0.23772728;0.0;0.28691548;0.0;0.66058946;0.0;0.12549685;0.0;0.56571895;0.0;0.068195686;0.0;0.09945297;0.0;0.079712465;0.0;0.57425797;0.0;0.07771182;0.0;0.093791194;0.0;0.046915736;0.0;0.34737763;0.0;0.6460749;0.0;0.38483337;0.0;1.0;0.0;1.0;0.0;1.0;0.0;1.0;0.0;1.0;0.0;1.0;0.0;1.0;0.0;1.0;0.0;1.0;0.0;1.0;0.0;1.0;0.0;1.0;0.0;1.0;0.0;1.0;0.0;1.0;0.0;1.0;0.0;9.0;0.0;1.0;0.0;0.0;0.0;1.0;0.0;0.0
0.20123203;0.0;0.09782074;0.0;0.7278646;0.0;0.23520343;0.0;0.27946568;0.0;0.5831509;0.0;0.57736266;0.0;0.5632992;0.0;0.06699333;0.0;0.08668053;0.0;0.08090247;0.0;0.57530946;0.0;0.07688679;0.0;0.09135588;0.0;0.047991537;0.0;0.24712738;0.0;0.6433113;0.0;0.48930883;0.0;1.0;0.0;1.0;0.0;1.0;0.0;1.0;0.0;1.0;0.0;1.0;0.0;1.0;0.0;1.0;0.0;1.0;0.0;1.0;0.0;1.0;0.0;1.0;0.0;1.0;0.0;1.0;0.0;1.0;0.0;1.0;0.0;9.0;0.0;9.0;0.0;0.0;0.0;1.0;0.0;0.0
0.1943275;0.0;0.09076159;0.0;0.730091;0.0;0.23301354;0.0;0.10767783;0.0;0.5547839;0.0;0.5827886;0.0;0.56158125;0.0;0.1753754;0.0;0.08370641;0.0;0.082230255;0.0;0.57706916;0.0;0.076170914;0.0;0.0891497;0.0;0.049179155;0.0;0.24944985;0.0;0.64134943;0.0;0.4814077;0.0;1.0;0.0;1.0;0.0;1.0;0.0;1.0;0.0;1.0;0.0;1.0;0.0;1.0;0.0;1.0;0.0;1.0;0.0;1.0;0.0;1.0;0.0;1.0;0.0;1.0;0.0;1.0;0.0;1.0;0.0;1.0;0.0;9.0;0.0;9.0;0.0;0.0;0.0;1.0;0.0;0.0
0.32266644;0.0;0.084749006;0.0;0.22831354;0.0;0.23114303;0.0;0.11362604;0.0;0.710918;0.0;0.589042;0.0;0.5605546;0.0;0.17279568;0.0;0.08102504;0.0;0.083706036;0.0;0.579548;0.0;0.19136027;0.0;0.087151244;0.0;0.05049012;0.0;0.14698042;0.0;0.640177;0.0;0.5821801;0.0;1.0;0.0;1.0;0.0;1.0;0.0;1.0;0.0;1.0;0.0;1.0;0.0;1.0;0.0;1.0;0.0;1.0;0.0;1.0;0.0;1.0;0.0;1.0;0.0;1.0;0.0;1.0;0.0;1.0;0.0;1.0;0.0;1.0;0.0;1.0;0.0;0.0;0.0;1.0;0.0;0.0
0.3130207;0.0;0.079574406;0.0;0.22957942;0.0;0.7372934;0.0;0.12042525;0.0;0.6628846;0.0;0.36867207;0.0;0.5602131;0.0;0.1704955;0.0;0.07860291;0.0;0.085341655;0.0;0.5827612;0.0;0.5827621;0.0;0.085342094;0.0;0.05193792;0.0;0.14875787;0.0;0.6397869;0.0;0.57443017;0.0;1.0;0.0;1.0;0.0;1.0;0.0;1.0;0.0;1.0;0.0;1.0;0.0;1.0;0.0;1.0;0.0;1.0;0.0;1.0;0.0;1.0;0.0;1.0;0.0;1.0;0.0;1.0;0.0;1.0;0.0;1.0;0.0;1.0;0.0;1.0;0.0;0.0;0.0;1.0;0.0;0.0
0.30429503;0.0;0.2666018;0.0;0.23114257;0.0;0.7332279;0.0;0.12825604;0.0;0.2155871;0.0;0.6042082;0.0;0.56055444;0.0;0.16845828;0.0;0.0764118;0.0;0.08715074;0.0;0.5867291;0.0;0.5795487;0.0;0.08370645;0.0;0.05353833;0.0;0.15076475;0.0;0.6401768;0.0;0.40803558;0.0;1.0;0.0;1.0;0.0;1.0;0.0;1.0;0.0;1.0;0.0;1.0;0.0;1.0;0.0;1.0;0.0;1.0;0.0;1.0;0.0;1.0;0.0;1.0;0.0;1.0;0.0;1.0;0.0;1.0;0.0;1.0;0.0;1.0;0.0;1.0;0.0;0.0;0.0;1.0;0.0;0.0
0.29639393;0.0;0.2727151;0.0;0.23301299;0.0;0.73009163;0.0;0.25155073;0.0;0.22272137;0.0;0.61322826;0.0;0.56158084;0.0;0.16666982;0.0;0.07442774;0.0;0.08914914;0.0;0.24889962;0.0;0.57706976;0.0;0.082230635;0.0;0.05531004;0.0;0.15301548;0.0;0.64134896;0.0;0.6655709;0.0;1.0;0.0;1.0;0.0;1.0;0.0;1.0;0.0;1.0;0.0;1.0;0.0;1.0;0.0;1.0;0.0;1.0;0.0;1.0;0.0;1.0;0.0;1.0;0.0;1.0;0.0;1.0;0.0;1.0;0.0;1.0;0.0;1.0;0.0;1.0;0.0;0.0;0.0;1.0;0.0;0.0
0.28923622;0.0;0.27946383;0.0;0.23520282;0.0;0.72786504;0.0;0.24748881;0.0;0.2306346;0.0;0.6232927;0.0;0.5632986;0.0;0.57736397;0.0;0.07263036;0.0;0.09135526;0.0;0.49300575;0.0;0.5753099;0.0;0.08090281;0.0;0.057275195;0.0;0.15552679;0.0;0.0;0.0;0.65937394;0.0;1.0;0.0;1.0;0.0;1.0;0.0;1.0;0.0;1.0;0.0;1.0;0.0;1.0;0.0;1.0;0.0;1.0;0.0;1.0;0.0;1.0;0.0;1.0;0.0;1.0;0.0;1.0;0.0;1.0;0.0;1.0;0.0;1.0;0.0;1.0;0.0;0.0;0.0;1.0;0.0;0.0
0.40067068;0.0;0.22705305;0.0;0.23772657;0.0;0.7265345;0.0;0.24384835;0.0;0.23943332;0.0;0.48159248;0.0;0.5657182;0.0;0.57272923;0.0;0.071002215;0.0;0.0937905;0.0;0.49829572;0.0;0.57425815;0.0;0.07971276;0.0;0.05946024;0.0;0.04506133;0.0;0.44410864;0.0;0.65408087;0.0;1.0;0.0;1.0;0.0;1.0;0.0;1.0;0.0;1.0;0.0;1.0;0.0;1.0;0.0;1.0;0.0;1.0;0.0;1.0;0.0;1.0;0.0;1.0;0.0;1.0;0.0;1.0;0.0;1.0;0.0;1.0;0.0;9.0;0.0;1.0;0.0;0.0;0.0;1.0;0.0;0.0
0.39235333;0.0;0.21747117;0.0;0.24060138;0.0;0.72609174;0.0;0.2406023;0.0;0.24924572;0.0;0.45218772;0.0;0.5688547;0.0;0.5688559;0.0;0.06952831;0.0;0.0964799;0.0;0.078651346;0.0;0.5739082;0.0;0.07865165;0.0;0.06189702;0.0;0.04594182;0.0;0.34502834;0.0;0.15025178;0.0;1.0;0.0;1.0;0.0;1.0;0.0;1.0;0.0;1.0;0.0;1.0;0.0;1.0;0.0;1.0;0.0;1.0;0.0;1.0;0.0;1.0;0.0;1.0;0.0;1.0;0.0;1.0;0.0;1.0;0.0;1.0;0.0;1.0;0.0;9.0;0.0;0.0;0.0;1.0;0.0;0.0
0.3848336;0.0;0.20890951;0.0;0.2438473;0.0;0.72653425;0.0;0.2377274;0.0;0.28691584;0.0;0.66058886;0.0;0.12549797;0.0;0.56571907;0.0;0.068195745;0.0;0.09945282;0.0;0.07971241;0.0;0.57425797;0.0;0.07771186;0.0;0.09379133;0.0;0.046915695;0.0;0.3473775;0.0;0.64607495;0.0;1.0;0.0;1.0;0.0;1.0;0.0;1.0;0.0;1.0;0.0;1.0;0.0;1.0;0.0;1.0;0.0;1.0;0.0;1.0;0.0;1.0;0.0;1.0;0.0;1.0;0.0;1.0;0.0;1.0;0.0;1.0;0.0;1.0;0.0;9.0;0.0;0.0;0.0;1.0;0.0;0.0
0.48930913;0.0;0.20123234;0.0;0.09782105;0.0;0.72786456;0.0;0.23520353;0.0;0.27946597;0.0;0.5831522;0.0;0.57736236;0.0;0.5632993;0.0;0.06699339;0.0;0.08668068;0.0;0.08090243;0.0;0.5753094;0.0;0.07688682;0.0;0.09135601;0.0;0.04799149;0.0;0.2471273;0.0;0.64331144;0.0;9.0;0.0;1.0;0.0;1.0;0.0;1.0;0.0;1.0;0.0;1.0;0.0;1.0;0.0;1.0;0.0;1.0;0.0;1.0;0.0;1.0;0.0;1.0;0.0;1.0;0.0;1.0;0.0;1.0;0.0;1.0;0.0;1.0;0.0;9.0;0.0;1.0;0.0;0.0;0.0;0.0
0.47930923;0.0;0.18829378;0.0;0.07572341;0.0;0.72347;0.0;0.230643;0.0;0.117730655;0.0;0.5753125;0.0;0.5866253;0.0;0.57233655;0.0;0.07699327;0.0;0.09961922;0.0;0.08570113;0.0;0.579704;0.0;0.08144735;0.0;0.09677477;0.0;0.03715028;0.0;0.23786435;0.0;0.6342741;0.0;9.0;0.0;1.0;0.0;1.0;0.0;1.0;0.0;1.0;0.0;1.0;0.0;1.0;0.0;1.0;0.0;1.0;0.0;1.0;0.0;1.0;0.0;1.0;0.0;1.0;0.0;1.0;0.0;1.0;0.0;1.0;0.0;1.0;0.0;9.0;0.0;1.0;0.0;0.0;0.0;0.0
0.4693094;0.0;0.17535527;0.0;0.053625774;0.0;0.21785466;0.0;0.22608249;0.0;0.1330215;0.0;0.5674728;0.0;0.59588826;0.0;0.5813739;0.0;0.08699316;0.0;0.11493242;0.0;0.09049984;0.0;0.5840985;0.0;0.08600787;0.0;0.03710728;0.0;0.14693037;0.0;0.3316626;0.0;0.6252368;0.0;9.0;0.0;1.0;0.0;1.0;0.0;1.0;0.0;1.0;0.0;1.0;0.0;1.0;0.0;1.0;0.0;1.0;0.0;1.0;0.0;1.0;0.0;1.0;0.0;1.0;0.0;1.0;0.0;1.0;0.0;1.0;0.0;1.0;0.0;9.0;0.0;1.0;0.0;0.0;0.0;0.0
0.4593095;0.0;0.16241673;0.0;0.03152813;0.0;0.21346012;0.0;0.22152194;0.0;0.14831236;0.0;0.55963314;0.0;0.6051512;0.0;0.59041125;0.0;0.096993044;0.0;0.12102665;0.0;0.4236886;0.0;0.5884931;0.0;0.09056839;0.0;0.021816434;0.0;0.13608916;0.0;0.32239968;0.0;0.6161995;0.0;9.0;0.0;1.0;0.0;1.0;0.0;1.0;0.0;1.0;0.0;1.0;0.0;1.0;0.0;1.0;0.0;1.0;0.0;1.0;0.0;1.0;0.0;1.0;0.0;1.0;0.0;1.0;0.0;1.0;0.0;1.0;0.0;1.0;0.0;9.0;0.0;1.0;0.0;0.0;0.0;0.0
0.4493096;0.0;0.1494782;0.0;0.00943049;0.0;0.20906556;0.0;0.6330819;0.0;0.16360322;0.0;0.55179346;0.0;0.6144141;0.0;0.59944856;0.0;0.10699292;0.0;0.12712088;0.0;0.4284873;0.0;0.59288764;0.0;0.095128916;0.0;0.00652559;0.0;0.12524794;0.0;0.31313673;0.0;0.6071621;0.0;9.0;0.0;1.0;0.0;1.0;0.0;1.0;0.0;1.0;0.0;1.0;0.0;1.0;0.0;1.0;0.0;1.0;0.0;1.0;0.0;1.0;0.0;1.0;0.0;1.0;0.0;1.0;0.0;1.0;0.0;1.0;0.0;1.0;0.0;9.0;0.0;1.0;0.0;0.0;0.0;0.0
0.43930975;0.0;0.28383166;0.0;0.0;0.0;0.204671;0.0;0.38147944;0.0;0.17889406;0.0;0.24745722;0.0;0.6236771;0.0;0.6084859;0.0;0.11699281;0.0;0.13321511;0.0;0.433286;0.0;0.59728223;0.0;0.09968944;0.0;0.0;0.0;0.11440674;0.0;0.30387378;0.0;0.59812486;0.0;9.0;0.0;1.0;0.0;1.0;0.0;1.0;0.0;1.0;0.0;1.0;0.0;1.0;0.0;1.0;0.0;1.0;0.0;1.0;0.0;1.0;0.0;1.0;0.0;1.0;0.0;1.0;0.0;1.0;0.0;1.0;0.0;1.0;0.0;9.0;0.0;1.0;0.0;0.0;0.0;0.0
0.42930984;0.0;0.26755762;0.0;0.21869537;0.0;0.20027645;0.0;0.4140861;0.0;0.19418491;0.0;0.25829846;0.0;0.63294;0.0;0.6175232;0.0;0.12699269;0.0;0.13930936;0.0;0.4380847;0.0;0.100456;0.0;0.10424997;0.0;0.0;0.0;0.10356553;0.0;0.39767206;0.0;0.58908755;0.0;9.0;0.0;1.0;0.0;1.0;0.0;1.0;0.0;1.0;0.0;1.0;0.0;1.0;0.0;1.0;0.0;1.0;0.0;1.0;0.0;1.0;0.0;1.0;0.0;1.0;0.0;1.0;0.0;1.0;0.0;1.0;0.0;9.0;0.0;9.0;0.0;1.0;0.0;0.0;0.0;0.0
0.41930994;0.0;0.25461906;0.0;0.21389668;0.0;0.1958819;0.0;0.44669285;0.0;0.24153464;0.0;0.26913965;0.0;0.642203;0.0;0.6265605;0.0;0.13699257;0.0;0.1454036;0.0;0.44288343;0.0;0.10485055;0.0;0.108810484;0.0;0.0;0.0;0.092724316;0.0;0.3884091;0.0;0.5800502;0.0;9.0;0.0;1.0;0.0;1.0;0.0;1.0;0.0;1.0;0.0;1.0;0.0;1.0;0.0;1.0;0.0;1.0;0.0;1.0;0.0;1.0;0.0;1.0;0.0;1.0;0.0;1.0;0.0;1.0;0.0;1.0;0.0;9.0;0.0;9.0;0.0;1.0;0.0;0.0;0.0;0.0
0.4093101;0.0;0.24168055;0.0;0.20909795;0.0;0.19148734;0.0;0.7188699;0.0;0.23611589;0.0;0.27998087;0.0;0.6514659;0.0;0.6355978;0.0;0.14699244;0.0;0.15149781;0.0;0.5571455;0.0;0.10924511;0.0;0.113371015;0.0;0.13470611;0.0;0.0818831;0.0;0.37914616;0.0;0.57101285;0.0;9.0;0.0;1.0;0.0;1.0;0.0;1.0;0.0;1.0;0.0;1.0;0.0;1.0;0.0;1.0;0.0;1.0;0.0;1.0;0.0;1.0;0.0;1.0;0.0;1.0;0.0;1.0;0.0;1.0;0.0;1.0;0.0;9.0;0.0;9.0;0.0;1.0;0.0;0.0;0.0;0.0
0.3993102;0.0;0.22874203;0.0;0.20429926;0.0;0.1870928;0.0;0.7143094;0.0;0.23069713;0.0;0.2908221;0.0;0.6607288;0.0;0.64463514;0.0;0.15699233;0.0;0.15759206;0.0;0.5619442;0.0;0.11363967;0.0;0.0;0.0;0.14012486;0.0;0.19166319;0.0;0.36988324;0.0;0.5619756;0.0;9.0;0.0;1.0;0.0;1.0;0.0;1.0;0.0;1.0;0.0;1.0;0.0;1.0;0.0;1.0;0.0;1.0;0.0;1.0;0.0;1.0;0.0;1.0;0.0;1.0;0.0;1.0;0.0;1.0;0.0;1.0;0.0;9.0;0.0;9.0;0.0;1.0;0.0;0.0;0.0;0.0
0.3893103;0.0;0.21580347;0.0;0.19950055;0.0;0.18269823;0.0;0.70974886;0.0;0.22527838;0.0;0.3016633;0.0;0.34000763;0.0;0.65367246;0.0;0.16699222;0.0;0.16368629;0.0;0.5667429;0.0;0.11803422;0.0;0.0;0.0;0.08490926;0.0;0.18082199;0.0;0.46368152;0.0;0.5529382;0.0;9.0;0.0;1.0;0.0;1.0;0.0;1.0;0.0;1.0;0.0;1.0;0.0;1.0;0.0;1.0;0.0;1.0;0.0;1.0;0.0;1.0;0.0;1.0;0.0;1.0;0.0;1.0;0.0;1.0;0.0;1.0;0.0;1.0;0.0;9.0;0.0;0.0;0.0;1.0;0.0;0.0
0.38302392;0.0;0.20839897;0.0;0.20277476;0.0;0.18325706;0.0;0.0;0.0;0.21983805;0.0;0.30912834;0.0;0.67628825;0.0;0.6516789;0.0;0.27375963;0.0;0.169502;0.0;0.46478447;0.0;0.11839525;0.0;0.0;0.0;0.14202884;0.0;0.18529665;0.0;0.36400932;0.0;0.5512519;0.0;9.0;0.0;1.0;0.0;1.0;0.0;1.0;0.0;1.0;0.0;1.0;0.0;1.0;0.0;1.0;0.0;1.0;0.0;1.0;0.0;1.0;0.0;1.0;0.0;1.0;0.0;1.0;0.0;1.0;0.0;1.0;0.0;9.0;0.0;9.0;0.0;1.0;0.0;0.0;0.0;0.0
0.3730239;0.0;0.19569913;0.0;0.19824958;0.0;0.17916742;0.0;0.0;0.0;0.21493205;0.0;0.19681408;0.0;0.68579185;0.0;0.66083664;0.0;0.28375965;0.0;0.17535698;0.0;0.58056957;0.0;0.12248488;0.0;0.0;0.0;0.072914034;0.0;0.17400469;0.0;0.35450572;0.0;0.5420941;0.0;9.0;0.0;1.0;0.0;1.0;0.0;1.0;0.0;1.0;0.0;1.0;0.0;1.0;0.0;1.0;0.0;1.0;0.0;1.0;0.0;1.0;0.0;1.0;0.0;1.0;0.0;1.0;0.0;1.0;0.0;1.0;0.0;9.0;0.0;9.0;0.0;1.0;0.0;0.0;0.0;0.0
0.3630239;0.0;0.18299931;0.0;0.07217246;0.0;0.1750778;0.0;0.17944948;0.0;0.21002607;0.0;0.20810604;0.0;0.69529545;0.0;0.6699944;0.0;0.29375964;0.0;0.18121196;0.0;0.0;0.0;0.1265745;0.0;0.0;0.0;0.056577362;0.0;0.16271272;0.0;0.44903192;0.0;0.5329364;0.0;9.0;0.0;1.0;0.0;1.0;0.0;1.0;0.0;1.0;0.0;1.0;0.0;1.0;0.0;1.0;0.0;1.0;0.0;1.0;0.0;1.0;0.0;1.0;0.0;1.0;0.0;1.0;0.0;1.0;0.0;1.0;0.0;1.0;0.0;9.0;0.0;1.0;0.0;0.0;0.0;0.0
0.3530239;0.0;0.17029949;0.0;0.05133272;0.0;0.0;0.0;0.17525774;0.0;0.20512009;0.0;0.21939802;0.0;0.704799;0.0;0.67915213;0.0;0.30375963;0.0;0.18706693;0.0;0.0;0.0;0.13066414;0.0;0.13392682;0.0;0.040240686;0.0;0.15142074;0.0;0.43952832;0.0;0.5237786;0.0;9.0;0.0;1.0;0.0;1.0;0.0;1.0;0.0;1.0;0.0;1.0;0.0;1.0;0.0;1.0;0.0;1.0;0.0;1.0;0.0;1.0;0.0;1.0;0.0;1.0;0.0;1.0;0.0;1.0;0.0;1.0;0.0;1.0;0.0;9.0;0.0;1.0;0.0;0.0;0.0;0.0
0.34302387;0.0;0.15759966;0.0;0.03049297;0.0;0.16689852;0.0;0.17106599;0.0;0.44145864;0.0;0.23068997;0.0;0.71430254;0.0;0.6883099;0.0;0.31375965;0.0;0.1929219;0.0;0.0;0.0;0.13475376;0.0;0.13811857;0.0;0.023904014;0.0;0.14012878;0.0;0.43002477;0.0;0.5146209;0.0;9.0;0.0;1.0;0.0;1.0;0.0;1.0;0.0;1.0;0.0;1.0;0.0;1.0;0.0;1.0;0.0;1.0;0.0;1.0;0.0;1.0;0.0;1.0;0.0;1.0;0.0;1.0;0.0;1.0;0.0;1.0;0.0;1.0;0.0;9.0;0.0;1.0;0.0;0.0;0.0;0.0
0.33302388;0.0;0.14489985;0.0;0.00965322;0.0;0.1628089;0.0;0.16687424;0.0;0.43655267;0.0;0.24198195;0.0;0.72380614;0.0;0.6974677;0.0;0.32375968;0.0;0.19877687;0.0;0.0;0.0;0.13884339;0.0;0.1423103;0.0;0.0075673424;0.0;0.12883681;0.0;0.4205212;0.0;0.5054632;0.0;9.0;0.0;1.0;0.0;1.0;0.0;1.0;0.0;1.0;0.0;1.0;0.0;1.0;0.0;1.0;0.0;1.0;0.0;1.0;0.0;1.0;0.0;1.0;0.0;1.0;0.0;1.0;0.0;1.0;0.0;1.0;0.0;1.0;0.0;9.0;0.0;1.0;0.0;0.0;0.0;0.0
0.32302386;0.0;0.13220002;0.0;0.0;0.0;0.15871927;0.0;0.1626825;0.0;0.43164667;0.0;0.25327393;0.0;0.7333097;0.0;0.7066254;0.0;0.3337597;0.0;0.20463184;0.0;0.011186535;0.0;0.14293304;0.0;0.14650206;0.0;0.17146476;0.0;0.24115106;0.0;0.15292205;0.0;0.4963054;0.0;9.0;0.0;1.0;0.0;1.0;0.0;1.0;0.0;1.0;0.0;1.0;0.0;1.0;0.0;1.0;0.0;1.0;0.0;1.0;0.0;1.0;0.0;1.0;0.0;1.0;0.0;1.0;0.0;1.0;0.0;1.0;0.0;1.0;0.0;9.0;0.0;1.0;0.0;0.0;0.0;0.0
0.31302387;0.0;0.1195002;0.0;0.0;0.0;0.15462963;0.0;0.15849075;0.0;0.025106013;0.0;0.26456589;0.0;0.7428133;0.0;0.7157832;0.0;0.3437597;0.0;0.21048681;0.0;0.0320263;0.0;0.14702266;0.0;0.1506938;0.0;0.17637074;0.0;0.22985908;0.0;0.16767809;0.0;0.48714766;0.0;9.0;0.0;1.0;0.0;1.0;0.0;1.0;0.0;1.0;0.0;1.0;0.0;1.0;0.0;1.0;0.0;1.0;0.0;1.0;0.0;1.0;0.0;1.0;0.0;1.0;0.0;1.0;0.0;1.0;0.0;1.0;0.0;1.0;0.0;9.0;0.0;1.0;0.0;0.0;0.0;0.0
0.30302387;0.0;0.10680038;0.0;0.0;0.0;0.15054001;0.0;0.15429899;0.0;0.041442692;0.0;0.27585787;0.0;0.75231683;0.0;0.7249409;0.0;0.3537597;0.0;0.21634178;0.0;0.16720642;0.0;0.0;0.0;0.15488556;0.0;0.18127672;0.0;0.21856713;0.0;0.18243414;0.0;0.4779899;0.0;9.0;0.0;1.0;0.0;1.0;0.0;1.0;0.0;1.0;0.0;1.0;0.0;1.0;0.0;1.0;0.0;1.0;0.0;1.0;0.0;1.0;0.0;1.0;0.0;1.0;0.0;1.0;0.0;1.0;0.0;1.0;0.0;1.0;0.0;9.0;0.0;1.0;0.0;0.0;0.0;0.0
0.29302385;0.0;0.09410055;0.0;0.16204801;0.0;0.14645037;0.0;0.15010723;0.0;0.05777937;0.0;0.28714985;0.0;0.76182044;0.0;0.0;0.0;0.3637597;0.0;0.22219674;0.0;0.17173162;0.0;0.15520193;0.0;0.15907732;0.0;0.12104814;0.0;0.20727515;0.0;0.1971902;0.0;0.46883217;0.0;9.0;0.0;1.0;0.0;1.0;0.0;1.0;0.0;1.0;0.0;1.0;0.0;1.0;0.0;1.0;0.0;1.0;0.0;1.0;0.0;1.0;0.0;1.0;0.0;1.0;0.0;1.0;0.0;1.0;0.0;1.0;0.0;1.0;0.0;9.0;0.0;1.0;0.0;0.0;0.0;0.0
0.28302383;0.0;0.08140073;0.0;0.15752281;0.0;0.14236075;0.0;0.0;0.0;0.07411605;0.0;0.24087389;0.0;0.77132404;0.0;0.0;0.0;0.37375972;0.0;0.22805174;0.0;0.1762568;0.0;0.15929155;0.0;0.0;0.0;0.10471147;0.0;0.1959832;0.0;0.21194622;0.0;0.45967442;0.0;9.0;0.0;1.0;0.0;1.0;0.0;1.0;0.0;1.0;0.0;1.0;0.0;1.0;0.0;1.0;0.0;1.0;0.0;1.0;0.0;1.0;0.0;1.0;0.0;1.0;0.0;1.0;0.0;1.0;0.0;1.0;0.0;1.0;0.0;9.0;0.0;1.0;0.0;0.0;0.0;0.0
0.2730238;0.0;0.06870091;0.0;0.15299761;0.0;0.13827112;0.0;0.0;0.0;0.09045273;0.0;0.23395424;0.0;0.4989047;0.0;0.75241417;0.0;0.3837597;0.0;0.2339067;0.0;0.180782;0.0;0.16338119;0.0;0.0;0.0;0.08837479;0.0;0.18469122;0.0;0.46752954;0.0;0.0;0.0;9.0;0.0;1.0;0.0;1.0;0.0;1.0;0.0;1.0;0.0;1.0;0.0;1.0;0.0;1.0;0.0;1.0;0.0;1.0;0.0;1.0;0.0;1.0;0.0;1.0;0.0;1.0;0.0;1.0;0.0;1.0;0.0;1.0;0.0;9.0;0.0;1.0;0.0;0.0;0.0;0.0
0.26302382;0.0;0.056001086;0.0;0.14847243;0.0;0.13418147;0.0;0.137532;0.0;0.16096622;0.0;0.2270346;0.0;0.48414868;0.0;0.76157194;0.0;0.39375973;0.0;0.23976167;0.0;0.1853072;0.0;0.16747081;0.0;0.17165256;0.0;0.07203813;0.0;0.17339925;0.0;0.45802593;0.0;0.0;0.0;9.0;0.0;1.0;0.0;1.0;0.0;1.0;0.0;1.0;0.0;1.0;0.0;1.0;0.0;1.0;0.0;1.0;0.0;1.0;0.0;1.0;0.0;1.0;0.0;1.0;0.0;1.0;0.0;1.0;0.0;1.0;0.0;1.0;0.0;9.0;0.0;1.0;0.0;0.0;0.0;0.0
0.2530238;0.0;0.18231839;0.0;0.14394723;0.0;0.13009185;0.0;0.13334025;0.0;0.15606023;0.0;0.22011495;0.0;0.3837157;0.0;0.77072966;0.0;0.40375972;0.0;0.24561663;0.0;0.1898324;0.0;0.17156044;0.0;0.17584431;0.0;0.055701453;0.0;0.2857135;0.0;0.4485224;0.0;0.43220115;0.0;9.0;0.0;1.0;0.0;1.0;0.0;1.0;0.0;1.0;0.0;1.0;0.0;1.0;0.0;1.0;0.0;1.0;0.0;1.0;0.0;1.0;0.0;1.0;0.0;1.0;0.0;1.0;0.0;1.0;0.0;9.0;0.0;1.0;0.0;1.0;0.0;1.0;0.0;0.0;0.0;0.0
0.2430238;0.0;0.16961858;0.0;0.13942203;0.0;0.0;0.0;0.1291485;0.0;0.15115425;0.0;0.09639718;0.0;0.39321926;0.0;0.7798874;0.0;0.41375977;0.0;0.2514716;0.0;0.19435759;0.0;0.17565009;0.0;0.18003605;0.0;0.039364778;0.0;0.27442154;0.0;0.43901882;0.0;0.4230434;0.0;9.0;0.0;1.0;0.0;1.0;0.0;1.0;0.0;1.0;0.0;1.0;0.0;1.0;0.0;1.0;0.0;1.0;0.0;1.0;0.0;1.0;0.0;1.0;0.0;1.0;0.0;1.0;0.0;1.0;0.0;9.0;0.0;1.0;0.0;1.0;0.0;1.0;0.0;0.0;0.0;0.0
0.2330238;0.0;0.15691875;0.0;0.13489684;0.0;0.0;0.0;0.12495675;0.0;0.0;0.0;0.10768916;0.0;0.40272284;0.0;0.78904516;0.0;0.42375976;0.0;0.12111555;0.0;0.19888279;0.0;0.17973971;0.0;0.1842278;0.0;0.21561864;0.0;0.26312956;0.0;0.4295152;0.0;0.41388565;0.0;9.0;0.0;1.0;0.0;1.0;0.0;1.0;0.0;1.0;0.0;1.0;0.0;1.0;0.0;1.0;0.0;1.0;0.0;1.0;0.0;1.0;0.0;1.0;0.0;1.0;0.0;1.0;0.0;1.0;0.0;9.0;0.0;1.0;0.0;1.0;0.0;1.0;0.0;0.0;0.0;0.0
0.2230238;0.0;0.14421892;0.0;0.008535873;0.0;0.11782296;0.0;0.12076499;0.0;0.0;0.0;0.11898112;0.0;0.41222638;0.0;0.7982029;0.0;0.43375978;0.0;0.13381538;0.0;0.0;0.0;0.18382934;0.0;0.18841955;0.0;0.22052462;0.0;0.2518376;0.0;0.42001167;0.0;0.40472794;0.0;9.0;0.0;1.0;0.0;1.0;0.0;1.0;0.0;1.0;0.0;1.0;0.0;1.0;0.0;1.0;0.0;1.0;0.0;1.0;0.0;1.0;0.0;1.0;0.0;1.0;0.0;1.0;0.0;1.0;0.0;9.0;0.0;1.0;0.0;1.0;0.0;1.0;0.0;0.0;0.0;0.0
0.21302378;0.0;0.13151911;0.0;0.0;0.0;0.11373333;0.0;0.11657325;0.0;0.009645244;0.0;0.13027309;0.0;0.3177002;0.0;0.80736065;0.0;0.44375977;0.0;0.14651522;0.0;0.012303883;0.0;0.18791898;0.0;0.1926113;0.0;0.22543061;0.0;0.24054563;0.0;0.41050807;0.0;0.39557016;0.0;9.0;0.0;1.0;0.0;1.0;0.0;1.0;0.0;1.0;0.0;1.0;0.0;1.0;0.0;1.0;0.0;1.0;0.0;1.0;0.0;1.0;0.0;1.0;0.0;1.0;0.0;1.0;0.0;1.0;0.0;9.0;0.0;1.0;0.0;1.0;0.0;1.0;0.0;0.0;0.0;0.0
0.20302379;0.0;0.11881928;0.0;0.0;0.0;0.1096437;0.0;0.112381496;0.0;0.025981924;0.0;0.14156507;0.0;0.3272038;0.0;0.8165184;0.0;0.45375976;0.0;0.15921503;0.0;0.033143647;0.0;0.1920086;0.0;0.19680306;0.0;0.15284558;0.0;0.22925368;0.0;0.4010045;0.0;0.3864124;0.0;9.0;0.0;1.0;0.0;1.0;0.0;1.0;0.0;1.0;0.0;1.0;0.0;1.0;0.0;1.0;0.0;1.0;0.0;1.0;0.0;1.0;0.0;1.0;0.0;1.0;0.0;1.0;0.0;1.0;0.0;9.0;0.0;1.0;0.0;1.0;0.0;1.0;0.0;0.0;0.0;0.0
0.19302377;0.0;0.106119454;0.0;0.0;0.0;0.10555407;0.0;0.10818975;0.0;0.042318605;0.0;0.15285704;0.0;0.33670738;0.0;0.82567614;0.0;0.4637598;0.0;0.17191486;0.0;0.05398341;0.0;0.0;0.0;0.2009948;0.0;0.13650891;0.0;0.2179617;0.0;0.39150092;0.0;0.37725466;0.0;9.0;0.0;1.0;0.0;1.0;0.0;1.0;0.0;1.0;0.0;1.0;0.0;1.0;0.0;1.0;0.0;1.0;0.0;1.0;0.0;1.0;0.0;1.0;0.0;1.0;0.0;1.0;0.0;1.0;0.0;9.0;0.0;1.0;0.0;1.0;0.0;1.0;0.0;0.0;0.0;0.0
0.18302377;0.0;0.093419634;0.0;0.0;0.0;0.10146443;0.0;0.0;0.0;0.058655284;0.0;0.16414902;0.0;0.34621093;0.0;0.8348339;0.0;0.4737598;0.0;0.18461469;0.0;0.07482317;0.0;0.20018788;0.0;0.0;0.0;0.120172225;0.0;0.33027595;0.0;0.38199738;0.0;0.36809692;0.0;9.0;0.0;1.0;0.0;1.0;0.0;1.0;0.0;1.0;0.0;1.0;0.0;1.0;0.0;1.0;0.0;1.0;0.0;1.0;0.0;1.0;0.0;1.0;0.0;1.0;0.0;1.0;0.0;1.0;0.0;1.0;0.0;1.0;0.0;1.0;0.0;1.0;0.0;0.0;0.0;0.0
0.17302376;0.0;0.08071981;0.0;0.0;0.0;0.097374804;0.0;0.0;0.0;0.11681235;0.0;0.05183472;0.0;0.3557145;0.0;0.84399164;0.0;0.4837598;0.0;0.19731452;0.0;0.09566294;0.0;0.20427749;0.0;0.0;0.0;0.10383556;0.0;0.31898397;0.0;0.011459396;0.0;0.35893917;0.0;9.0;0.0;1.0;0.0;1.0;0.0;1.0;0.0;1.0;0.0;1.0;0.0;1.0;0.0;1.0;0.0;1.0;0.0;1.0;0.0;1.0;0.0;1.0;0.0;1.0;0.0;1.0;0.0;1.0;0.0;1.0;0.0;9.0;0.0;1.0;0.0;1.0;0.0;0.0;0.0;0.0
0.16302374;0.0;0.06801999;0.0;0.0;0.0;0.093285166;0.0;0.09561451;0.0;0.111906365;0.0;0.0631267;0.0;0.3652181;0.0;0.8531494;0.0;0.4937598;0.0;0.21001434;0.0;0.23055916;0.0;0.20836714;0.0;0.21357004;0.0;0.08749889;0.0;0.30769202;0.0;0.026215443;0.0;0.34978142;0.0;9.0;0.0;1.0;0.0;1.0;0.0;1.0;0.0;1.0;0.0;1.0;0.0;1.0;0.0;1.0;0.0;1.0;0.0;1.0;0.0;1.0;0.0;1.0;0.0;1.0;0.0;1.0;0.0;1.0;0.0;1.0;0.0;9.0;0.0;1.0;0.0;1.0;0.0;0.0;0.0;0.0
0.15302375;0.0;0.055320166;0.0;0.09869527;0.0;0.089195535;0.0;0.09142275;0.0;0.0;0.0;0.074418664;0.0;0.37472168;0.0;0.8623072;0.0;0.5037598;0.0;0.22271416;0.0;0.23508434;0.0;0.21245675;0.0;0.2177618;0.0;0.25486654;0.0;0.29640004;0.0;0.040971495;0.0;0.34062368;0.0;9.0;0.0;1.0;0.0;1.0;0.0;1.0;0.0;1.0;0.0;1.0;0.0;1.0;0.0;1.0;0.0;1.0;0.0;1.0;0.0;1.0;0.0;1.0;0.0;1.0;0.0;1.0;0.0;9.0;0.0;1.0;0.0;9.0;0.0;1.0;0.0;1.0;0.0;0.0;0.0;0.0
0.14302374;0.0;0.042620346;0.0;0.09417008;0.0;0.08510591;0.0;0.087231;0.0;0.0;0.0;0.08571064;0.0;0.38422522;0.0;0.8714649;0.0;0.51375985;0.0;0.235414;0.0;0.23960955;0.0;0.21654639;0.0;0.22195354;0.0;0.2597725;0.0;0.2851081;0.0;0.05572754;0.0;0.33146593;0.0;9.0;0.0;1.0;0.0;1.0;0.0;1.0;0.0;1.0;0.0;1.0;0.0;1.0;0.0;1.0;0.0;1.0;0.0;1.0;0.0;1.0;0.0;1.0;0.0;1.0;0.0;1.0;0.0;9.0;0.0;1.0;0.0;9.0;0.0;1.0;0.0;1.0;0.0;0.0;0.0;0.0
0.13302372;0.0;0.029920524;0.0;0.08964488;0.0;0.08101628;0.0;0.083039254;0.0;0.0;0.0;0.09700261;0.0;0.3937288;0.0;0.8806227;0.0;0.52375984;0.0;0.24811383;0.0;0.24413474;0.0;0.22063601;0.0;0.2261453;0.0;0.2646785;0.0;0.2738161;0.0;0.07048359;0.0;0.32230818;0.0;9.0;0.0;1.0;0.0;1.0;0.0;1.0;0.0;1.0;0.0;1.0;0.0;1.0;0.0;1.0;0.0;1.0;0.0;1.0;0.0;1.0;0.0;1.0;0.0;1.0;0.0;1.0;0.0;9.0;0.0;1.0;0.0;9.0;0.0;1.0;0.0;1.0;0.0;0.0;0.0;0.0
0.123023726;0.0;0.017220702;0.0;0.08511968;0.0;0.0;0.0;0.078847505;0.0;0.0;0.0;0.108294584;0.0;0.19517286;0.0;0.8897804;0.0;0.53375983;0.0;0.26081365;0.0;0.24865992;0.0;0.22472565;0.0;0.23033705;0.0;0.20097968;0.0;0.26252416;0.0;0.3249759;0.0;0.31315044;0.0;9.0;0.0;1.0;0.0;1.0;0.0;1.0;0.0;1.0;0.0;1.0;0.0;1.0;0.0;1.0;0.0;1.0;0.0;1.0;0.0;1.0;0.0;1.0;0.0;1.0;0.0;1.0;0.0;9.0;0.0;1.0;0.0;9.0;0.0;1.0;0.0;1.0;0.0;0.0;0.0;0.0
0.11302371;0.0;0.004520878;0.0;0.08059449;0.0;0.07283701;0.0;0.07465576;0.0;0.0;0.0;0.11958655;0.0;0.20467643;0.0;0.8989382;0.0;0.5437599;0.0;0.2735135;0.0;0.25318512;0.0;0.22881529;0.0;0.23452881;0.0;0.18464302;0.0;0.21702322;0.0;0.31547233;0.0;0.3039927;0.0;9.0;0.0;1.0;0.0;1.0;0.0;1.0;0.0;1.0;0.0;1.0;0.0;1.0;0.0;1.0;0.0;1.0;0.0;1.0;0.0;1.0;0.0;1.0;0.0;1.0;0.0;1.0;0.0;9.0;0.0;1.0;0.0;9.0;0.0;1.0;0.0;1.0;0.0;0.0;0.0;0.0
0.10302371;0.0;0.0;0.0;0.076069295;0.0;0.06874739;0.0;0.07046401;0.0;0.010521155;0.0;0.0072722607;0.0;0.21418002;0.0;0.90809596;0.0;0.5537599;0.0;0.2862133;0.0;0.2577103;0.0;0.23290491;0.0;0.23872054;0.0;0.16830634;0.0;0.22394288;0.0;0.3059688;0.0;0.2948349;0.0;9.0;0.0;1.0;0.0;1.0;0.0;1.0;0.0;1.0;0.0;1.0;0.0;1.0;0.0;1.0;0.0;1.0;0.0;1.0;0.0;1.0;0.0;1.0;0.0;1.0;0.0;1.0;0.0;9.0;0.0;1.0;0.0;9.0;0.0;1.0;0.0;1.0;0.0;0.0;0.0;0.0
0.0930237;0.0;0.0;0.0;0.071544096;0.0;0.064657755;0.0;0.06627226;0.0;0.07756446;0.0;0.018564234;0.0;0.22368357;0.0;0.9172537;0.0;0.56375986;0.0;0.29891312;0.0;0.034260996;0.0;0.23699455;0.0;0.24291229;0.0;0.15196967;0.0;0.23086253;0.0;0.29646522;0.0;0.28567716;0.0;9.0;0.0;1.0;0.0;1.0;0.0;1.0;0.0;1.0;0.0;1.0;0.0;1.0;0.0;1.0;0.0;1.0;0.0;1.0;0.0;1.0;0.0;1.0;0.0;1.0;0.0;1.0;0.0;9.0;0.0;1.0;0.0;9.0;0.0;1.0;0.0;1.0;0.0;0.0;0.0;0.0
0.08302369;0.0;0.0;0.0;0.0;0.0;0.060568117;0.0;0.0;0.0;0.07265847;0.0;0.029856205;0.0;0.1291574;0.0;0.92641133;0.0;0.5737599;0.0;0.31161296;0.0;0.055100758;0.0;0.24108417;0.0;0.0;0.0;0.13563299;0.0;0.23778217;0.0;0.28696162;0.0;0.27651945;0.0;9.0;0.0;1.0;0.0;1.0;0.0;1.0;0.0;1.0;0.0;1.0;0.0;1.0;0.0;1.0;0.0;1.0;0.0;1.0;0.0;1.0;0.0;1.0;0.0;1.0;0.0;1.0;0.0;9.0;0.0;1.0;0.0;9.0;0.0;1.0;0.0;1.0;0.0;0.0;0.0;0.0
0.07302369;0.0;0.0;0.0;0.0;0.0;0.05647849;0.0;0.0;0.0;0.06775249;0.0;0.04114818;0.0;0.13866097;0.0;0.9355691;0.0;0.5837599;0.0;0.32431278;0.0;0.07594052;0.0;0.0;0.0;0.0;0.0;0.11929633;0.0;0.24470182;0.0;0.27745804;0.0;0.2673617;0.0;9.0;0.0;1.0;0.0;1.0;0.0;1.0;0.0;1.0;0.0;1.0;0.0;1.0;0.0;1.0;0.0;1.0;0.0;1.0;0.0;1.0;0.0;1.0;0.0;1.0;0.0;1.0;0.0;9.0;0.0;1.0;0.0;9.0;0.0;1.0;0.0;1.0;0.0;0.0;0.0;0.0
0.06302368;0.0;0.0;0.0;0.0;0.0;0.052388858;0.0;0.05369701;0.0;0.0;0.0;0.052440155;0.0;0.14816454;0.0;0.9447268;0.0;0.5937599;0.0;0.33701262;0.0;0.096780285;0.0;0.24926344;0.0;0.25548753;0.0;0.2990204;0.0;0.25162145;0.0;0.2679545;0.0;0.25820392;0.0;9.0;0.0;1.0;0.0;1.0;0.0;1.0;0.0;1.0;0.0;1.0;0.0;1.0;0.0;1.0;0.0;1.0;0.0;1.0;0.0;1.0;0.0;1.0;0.0;1.0;0.0;9.0;0.0;1.0;0.0;1.0;0.0;9.0;0.0;1.0;0.0;1.0;0.0;0.0;0.0;0.0
0.053023674;0.0;0.06733908;0.0;0.0;0.0;0.048299227;0.0;0.04950526;0.0;0.0;0.0;0.063732125;0.0;0.15766811;0.0;0.9538846;0.0;0.6037599;0.0;0.34971243;0.0;0.117620036;0.0;0.25335306;0.0;0.2596793;0.0;0.3039264;0.0;0.2585411;0.0;0.25845093;0.0;0.24904618;0.0;9.0;0.0;9.0;0.0;1.0;0.0;1.0;0.0;1.0;0.0;1.0;0.0;1.0;0.0;1.0;0.0;1.0;0.0;1.0;0.0;1.0;0.0;1.0;0.0;1.0;0.0;9.0;0.0;1.0;0.0;1.0;0.0;9.0;0.0;1.0;0.0;1.0;0.0;0.0;0.0;0.0
0.04302367;0.0;0.05463925;0.0;0.0;0.0;0.044209596;0.0;0.04531351;0.0;0.0;0.0;0.0;0.0;0.06314193;0.0;0.9630424;0.0;0.6137599;0.0;0.36241227;0.0;0.1384598;0.0;0.2574427;0.0;0.263871;0.0;0.2491138;0.0;0.29579464;0.0;0.24894734;0.0;0.23988843;0.0;9.0;0.0;9.0;0.0;1.0;0.0;1.0;0.0;1.0;0.0;1.0;0.0;1.0;0.0;1.0;0.0;1.0;0.0;1.0;0.0;1.0;0.0;1.0;0.0;1.0;0.0;9.0;0.0;1.0;0.0;1.0;0.0;9.0;0.0;1.0;0.0;1.0;0.0;0.0;0.0;0.0
0.03302366;0.0;0.04193943;0.0;0.0;0.0;0.040119965;0.0;0.04112176;0.0;0.0;0.0;0.0;0.0;0.0726455;0.0;0.9722001;0.0;0.6237599;0.0;0.2360949;0.0;0.15929957;0.0;0.26153234;0.0;0.26806277;0.0;0.23277712;0.0;0.28450266;0.0;0.23944375;0.0;0.23073068;0.0;9.0;0.0;9.0;0.0;1.0;0.0;1.0;0.0;1.0;0.0;1.0;0.0;1.0;0.0;1.0;0.0;1.0;0.0;1.0;0.0;1.0;0.0;1.0;0.0;1.0;0.0;9.0;0.0;1.0;0.0;1.0;0.0;9.0;0.0;1.0;0.0;1.0;0.0;0.0;0.0;0.0
0.023023652;0.0;0.029239606;0.0;0.0;0.0;0.036030333;0.0;0.036930013;0.0;0.0;0.0;0.0;0.0;0.08214907;0.0;0.9813579;0.0;0.6337599;0.0;0.24879475;0.0;0.29391187;0.0;0.26562196;0.0;0.27225453;0.0;0.21644044;0.0;0.109168395;0.0;0.0;0.0;0.22157295;0.0;9.0;0.0;9.0;0.0;1.0;0.0;1.0;0.0;1.0;0.0;1.0;0.0;1.0;0.0;1.0;0.0;1.0;0.0;1.0;0.0;1.0;0.0;1.0;0.0;1.0;0.0;9.0;0.0;1.0;0.0;9.0;0.0;1.0;0.0;1.0;0.0;1.0;0.0;0.0;0.0;0.0
0.013023643;0.0;0.016539786;0.0;0.035342533;0.0;0.0;0.0;0.03273826;0.0;0.0;0.0;0.0;0.0;0.09165265;0.0;0.9905156;0.0;0.6437599;0.0;0.26149458;0.0;0.29843706;0.0;0.26971158;0.0;0.27644628;0.0;0.20010379;0.0;0.11608805;0.0;0.0;0.0;0.21241519;0.0;9.0;0.0;9.0;0.0;9.0;0.0;1.0;0.0;1.0;0.0;1.0;0.0;1.0;0.0;1.0;0.0;1.0;0.0;1.0;0.0;1.0;0.0;1.0;0.0;1.0;0.0;9.0;0.0;1.0;0.0;9.0;0.0;1.0;0.0;1.0;0.0;1.0;0.0;0.0;0.0;0.0
0.0030236368;0.0;0.0038399622;0.0;0.03081734;0.0;0.027851071;0.0;0.028546512;0.0;0.033410586;0.0;0.0;0.0;0.0;0.0;0.0;0.0;0.65375996;0.0;0.2741944;0.0;0.30296227;0.0;0.27380124;0.0;0.28063804;0.0;0.18376711;0.0;0.12300769;0.0;0.0;0.0;0.20325744;0.0;9.0;0.0;9.0;0.0;9.0;0.0;9.0;0.0;1.0;0.0;1.0;0.0;1.0;0.0;1.0;0.0;1.0;0.0;1.0;0.0;1.0;0.0;1.0;0.0;1.0;0.0;9.0;0.0;1.0;0.0;9.0;0.0;1.0;0.0;1.0;0.0;1.0;0.0;0.0;0.0;0.0
0.0;0.0;0.0;0.0;0.026292142;0.0;0.02376144;0.0;0.0;0.0;0.028504599;0.0;0.007877693;0.0;0.00663004;0.0;0.0;0.0;0.66375995;0.0;0.28689423;0.0;0.30748746;0.0;0.27789086;0.0;0.0;0.0;0.16743043;0.0;0.12992734;0.0;0.0;0.0;0.1940997;0.0;9.0;0.0;9.0;0.0;9.0;0.0;9.0;0.0;9.0;0.0;1.0;0.0;1.0;0.0;1.0;0.0;1.0;0.0;1.0;0.0;1.0;0.0;1.0;0.0;1.0;0.0;9.0;0.0;1.0;0.0;9.0;0.0;1.0;0.0;1.0;0.0;0.0;0.0;0.0;1.0;0.0
0.0;0.0;0.0;0.0;0.0258676;0.0;0.023688983;0.0;0.024583656;0.0;0.029209998;0.0;0.007687456;0.0;0.0065683117;0.0;1.0;0.0;0.5633935;0.0;0.29708773;0.0;0.30252245;0.0;0.27704346;0.0;0.0;0.0;0.2180047;0.0;0.13657075;0.0;0.19955412;0.0;0.0;0.0;9.0;0.0;9.0;0.0;9.0;0.0;9.0;0.0;1.0;0.0;1.0;0.0;1.0;0.0;1.0;0.0;1.0;0.0;1.0;0.0;1.0;0.0;1.0;0.0;1.0;0.0;9.0;0.0;1.0;0.0;9.0;0.0;1.0;0.0;1.0;0.0;1.0;0.0;0.0;0.0;0.0
0.0;0.0;0.0;0.0;0.02106889;0.0;0.01929443;0.0;0.0;0.0;0.0;0.0;0.01852867;0.0;0.015831256;0.0;1.0;0.0;0.57339334;0.0;0.31002626;0.0;0.30732113;0.0;0.28143802;0.0;0.0;0.0;0.22342345;0.0;0.14441043;0.0;0.19029117;0.0;0.08510525;0.0;9.0;0.0;9.0;0.0;9.0;0.0;9.0;0.0;9.0;0.0;9.0;0.0;1.0;0.0;1.0;0.0;1.0;0.0;1.0;0.0;1.0;0.0;1.0;0.0;1.0;0.0;9.0;0.0;1.0;0.0;9.0;0.0;1.0;0.0;1.0;0.0;1.0;0.0;0.0;0.0;0.0
0.0;0.0;0.0;0.0;0.016270181;0.0;0.014899877;0.0;0.0;0.0;0.0;0.0;0.0;0.0;0.0250942;0.0;1.0;0.0;0.5833932;0.0;0.32296482;0.0;0.31211987;0.0;0.0;0.0;0.29662773;0.0;0.22884221;0.0;0.1522501;0.0;0.18102822;0.0;0.076067924;0.0;9.0;0.0;9.0;0.0;9.0;0.0;9.0;0.0;9.0;0.0;9.0;0.0;9.0;0.0;1.0;0.0;1.0;0.0;1.0;0.0;1.0;0.0;1.0;0.0;9.0;0.0;1.0;0.0;1.0;0.0;9.0;0.0;1.0;0.0;1.0;0.0;1.0;0.0;0.0;0.0;0.0
0.0;0.0;0.0;0.0;0.011471471;0.0;0.010505322;0.0;0.010902083;0.0;0.0;0.0;0.0;0.0;0.03435714;0.0;1.0;0.0;0.5933931;0.0;0.33590335;0.0;0.081962325;0.0;0.29022712;0.0;0.30118826;0.0;0.23426099;0.0;0.20103152;0.0;0.17176528;0.0;0.0670306;0.0;9.0;0.0;9.0;0.0;9.0;0.0;9.0;0.0;9.0;0.0;9.0;0.0;9.0;0.0;1.0;0.0;1.0;0.0;1.0;0.0;1.0;0.0;1.0;0.0;9.0;0.0;1.0;0.0;1.0;0.0;9.0;0.0;1.0;0.0;1.0;0.0;0.0;0.0;0.0;1.0;0.0
0.0;0.0;0.0;0.0;0.011302736;0.0;0.010486122;0.0;0.0;0.0;0.0;0.0;0.0;0.0;0.03408136;0.0;1.0;0.0;0.60404295;0.0;0.34871835;0.0;0.08899231;0.0;0.2896967;0.0;0.30442017;0.0;0.24050578;0.0;0.19652513;0.0;0.17038651;0.0;0.06731855;0.0;9.0;0.0;9.0;0.0;9.0;0.0;9.0;0.0;9.0;0.0;9.0;0.0;9.0;0.0;1.0;0.0;1.0;0.0;1.0;0.0;1.0;0.0;1.0;0.0;9.0;0.0;1.0;0.0;1.0;0.0;9.0;0.0;1.0;0.0;1.0;0.0;0.0;0.0;0.0;1.0;0.0
0.0;0.0;0.0;0.0;0.011152281;0.0;0.010479736;0.0;0.0;0.0;0.0;0.0;0.0;0.0;0.033850875;0.0;0.5155101;0.0;0.6158461;0.0;0.37794012;0.0;0.09747128;0.0;0.28952026;0.0;0.3081016;0.0;0.24740234;0.0;0.19244564;0.0;0.16923425;0.0;0.0;0.0;9.0;0.0;9.0;0.0;9.0;0.0;9.0;0.0;9.0;0.0;9.0;0.0;9.0;0.0;1.0;0.0;1.0;0.0;1.0;0.0;1.0;0.0;1.0;0.0;9.0;0.0;1.0;0.0;1.0;0.0;9.0;0.0;1.0;0.0;9.0;0.0;0.0;0.0;0.0;1.0;0.0
0.0;0.0;0.0;0.0;0.01101903;0.0;0.010486126;0.0;0.0;0.0;0.0;0.0;0.0;0.0;0.033664234;0.0;1.0;0.0;0.54634315;0.0;0.21657607;0.0;0.3044191;0.0;0.28969678;0.0;0.3122583;0.0;0.120462;0.0;0.0;0.0;0.16830114;0.0;0.0;0.0;9.0;0.0;9.0;0.0;9.0;0.0;9.0;0.0;9.0;0.0;9.0;0.0;9.0;0.0;1.0;0.0;1.0;0.0;1.0;0.0;1.0;0.0;1.0;0.0;9.0;0.0;1.0;0.0;9.0;0.0;1.0;0.0;1.0;0.0;9.0;0.0;0.0;0.0;0.0;1.0;0.0
0.0;0.0;0.0;0.0;0.010902049;0.0;0.010505331;0.0;0.0;0.0;0.0;0.0;0.0;0.0;0.033520248;0.0;1.0;0.0;0.40207806;0.0;0.22684745;0.0;0.30118734;0.0;0.29022735;0.0;0.16389629;0.0;0.124448456;0.0;0.0;0.0;0.16758129;0.0;0.0;0.0;9.0;0.0;9.0;0.0;9.0;0.0;9.0;0.0;9.0;0.0;9.0;0.0;9.0;0.0;1.0;0.0;1.0;0.0;1.0;0.0;1.0;0.0;1.0;0.0;9.0;0.0;1.0;0.0;9.0;0.0;1.0;0.0;1.0;0.0;9.0;0.0;0.0;0.0;0.0;1.0;0.0
0.0;0.0;0.0;0.0;0.010800547;0.0;0.010537466;0.0;0.0;0.0;0.0;0.0;0.0;0.0;0.1336622;0.0;1.0;0.0;0.41202825;0.0;0.23844655;0.0;0.29838318;0.0;0.29111516;0.0;0.15206912;0.0;0.12887017;0.0;0.0;0.0;0.16707028;0.0;0.0;0.0;9.0;0.0;9.0;0.0;9.0;0.0;9.0;0.0;9.0;0.0;9.0;0.0;9.0;0.0;1.0;0.0;1.0;0.0;1.0;0.0;1.0;0.0;1.0;0.0;9.0;0.0;1.0;0.0;9.0;0.0;1.0;0.0;1.0;0.0;9.0;0.0;0.0;0.0;0.0;1.0;0.0
0.0;0.0;0.0;0.0;0.01071385;0.0;0.010582733;0.0;0.0;0.0;0.0;0.0;0.0;0.0;0.23347883;0.0;1.0;0.0;0.42301187;0.0;0.2516188;0.0;0.29598802;0.0;0.29236573;0.0;0.14199539;0.0;0.13378666;0.0;0.0;0.0;0.16676491;0.0;0.0;0.0;9.0;0.0;9.0;0.0;9.0;0.0;9.0;0.0;9.0;0.0;9.0;0.0;9.0;0.0;1.0;0.0;1.0;0.0;1.0;0.0;1.0;0.0;1.0;0.0;9.0;0.0;1.0;0.0;9.0;0.0;1.0;0.0;1.0;0.0;9.0;0.0;0.0;0.0;0.0;1.0;0.0
0.0;0.0;0.0121009275;0.0;0.010641396;0.0;0.010641411;0.0;0.0;0.0;0.0;0.0;0.0;0.0;1.0;0.0;0.8464897;0.0;0.43514174;0.0;0.33430833;0.0;0.29398635;0.0;0.0;0.0;0.21883969;0.0;0.13926959;0.0;0.0;0.0;0.16666336;0.0;0.0;0.0;9.0;0.0;9.0;0.0;9.0;0.0;9.0;0.0;9.0;0.0;9.0;0.0;9.0;0.0;1.0;0.0;1.0;0.0;1.0;0.0;1.0;0.0;1.0;0.0;9.0;0.0;1.0;0.0;9.0;0.0;1.0;0.0;1.0;0.0;9.0;0.0;1.0;0.0;0.0;0.0;0.0
0.0;0.0;0.0;0.0;0.0041144765;0.0;0.0041144826;0.0;0.0;0.0;0.0;0.0;0.0;0.0;1.0;0.0;0.865283;0.0;0.4451416;0.0;0.34173045;0.0;0.30051327;0.0;0.0;0.0;0.22626185;0.0;0.14926948;0.0;0.16920725;0.0;0.15900306;0.0;0.0;0.0;9.0;0.0;9.0;0.0;9.0;0.0;9.0;0.0;9.0;0.0;9.0;0.0;9.0;0.0;1.0;0.0;1.0;0.0;1.0;0.0;1.0;0.0;1.0;0.0;9.0;0.0;1.0;0.0;9.0;0.0;1.0;0.0;1.0;0.0;9.0;0.0;1.0;0.0;0.0;0.0;0.0
0.0063037165;0.0;0.004678802;0.0;0.5118274;0.0;0.5118282;0.0;0.004678826;0.0;0.006303781;0.0;0.051779855;0.0;1.0;0.0;0.865283;0.0;0.45514145;0.0;0.34173045;0.0;0.30051327;0.0;0.3005137;0.0;0.22626185;0.0;0.14926948;0.0;0.16105534;0.0;0.15134278;0.0;0.054637928;0.0;1.0;0.0;1.0;0.0;1.0;0.0;1.0;0.0;1.0;0.0;1.0;0.0;1.0;0.0;1.0;0.0;1.0;0.0;1.0;0.0;1.0;0.0;1.0;0.0;1.0;0.0;1.0;0.0;9.0;0.0;1.0;0.0;1.0;0.0;1.0;0.0;0.0;0.0;0.0;1.0;0.0
0.006055549;0.0;0.004589132;0.0;0.50900525;0.0;0.5153132;0.0;0.00477801;0.0;0.0065815276;0.0;0.05116117;0.0;1.0;0.0;0.6996006;0.0;0.33460256;0.0;0.3351811;0.0;0.0;0.0;0.30255994;0.0;0.23105828;0.0;0.15584634;0.0;0.15913098;0.0;0.051374078;0.0;0.05537506;0.0;1.0;0.0;1.0;0.0;1.0;0.0;1.0;0.0;1.0;0.0;1.0;0.0;1.0;0.0;1.0;0.0;1.0;0.0;1.0;0.0;1.0;0.0;9.0;0.0;1.0;0.0;1.0;0.0;9.0;0.0;1.0;0.0;1.0;0.0;1.0;0.0;0.0;0.0;0.0;1.0;0.0
0.005833018;0.0;0.3382882;0.0;0.50682825;0.0;0.20112486;0.0;0.0048875744;0.0;0.006893663;0.0;0.05061803;0.0;1.0;0.0;0.7100451;0.0;0.34567553;0.0;0.11099645;0.0;0.29757807;0.0;0.30500835;0.0;0.23635666;0.0;0.18706936;0.0;0.1574416;0.0;0.051468164;0.0;0.056201767;0.0;1.0;0.0;1.0;0.0;1.0;0.0;1.0;0.0;1.0;0.0;1.0;0.0;1.0;0.0;1.0;0.0;1.0;0.0;1.0;0.0;1.0;0.0;9.0;0.0;1.0;0.0;1.0;0.0;9.0;0.0;1.0;0.0;1.0;0.0;1.0;0.0;0.0;0.0;0.0;1.0;0.0
0.0056328834;0.0;0.33282578;0.0;0.5052827;0.0;0.1765241;0.0;0.0050085266;0.0;0.058691073;0.0;0.05014675;0.0;1.0;0.0;0.6104383;0.0;0.35795754;0.0;0.1196294;0.0;0.29667062;0.0;0.30787492;0.0;0.24220574;0.0;0.18255186;0.0;0.15597576;0.0;0.051625602;0.0;0.05712418;0.0;1.0;0.0;1.0;0.0;1.0;0.0;1.0;0.0;1.0;0.0;1.0;0.0;1.0;0.0;1.0;0.0;1.0;0.0;1.0;0.0;1.0;0.0;9.0;0.0;1.0;0.0;1.0;0.0;9.0;0.0;1.0;0.0;1.0;0.0;1.0;0.0;0.0;0.0;0.0;1.0;0.0
0.005452448;0.0;0.32793015;0.0;0.5043591;0.0;0.52999216;0.0;0.0051420406;0.0;0.05737542;0.0;0.049744222;0.0;1.0;0.0;0.62139404;0.0;0.3716139;0.0;0.12989007;0.0;0.2961284;0.0;0.31117854;0.0;0.12176013;0.0;0.0;0.0;0.15472373;0.0;0.051847376;0.0;0.058149405;0.0;1.0;0.0;1.0;0.0;1.0;0.0;1.0;0.0;1.0;0.0;1.0;0.0;1.0;0.0;1.0;0.0;1.0;0.0;1.0;0.0;1.0;0.0;9.0;0.0;1.0;0.0;9.0;0.0;1.0;0.0;1.0;0.0;1.0;0.0;1.0;0.0;0.0;0.0;0.0;1.0;0.0
0.005289458;0.0;0.4299826;0.0;0.504052;0.0;0.5364015;0.0;0.0052894885;0.0;0.05618442;0.0;0.049407814;0.0;0.5525309;0.0;0.63353616;0.0;0.23127052;0.0;0.3149409;0.0;0.29594803;0.0;0.3149417;0.0;0.1252516;0.0;0.0;0.0;0.15367737;0.0;0.052134853;0.0;0.05928565;0.0;1.0;0.0;1.0;0.0;1.0;0.0;1.0;0.0;1.0;0.0;1.0;0.0;1.0;0.0;1.0;0.0;1.0;0.0;1.0;0.0;1.0;0.0;9.0;0.0;1.0;0.0;9.0;0.0;1.0;0.0;1.0;0.0;1.0;0.0;1.0;0.0;0.0;0.0;0.0;1.0;0.0
0.005142013;0.0;0.42484498;0.0;0.50435925;0.0;0.54363817;0.0;0.0054524816;0.0;0.055107623;0.0;0.049135387;0.0;1.0;0.0;0.5584744;0.0;0.24146035;0.0;0.31117782;0.0;0.29612845;0.0;0.13705675;0.0;0.12911117;0.0;0.0;0.0;0.15283003;0.0;0.05248984;0.0;0.060542416;0.0;1.0;0.0;1.0;0.0;1.0;0.0;1.0;0.0;1.0;0.0;1.0;0.0;1.0;0.0;1.0;0.0;1.0;0.0;1.0;0.0;1.0;0.0;9.0;0.0;1.0;0.0;9.0;0.0;1.0;0.0;1.0;0.0;1.0;0.0;1.0;0.0;0.0;0.0;0.0;1.0;0.0
0.0050085015;0.0;0.18627115;0.0;0.50528294;0.0;0.36548546;0.0;0.00563292;0.0;0.054136045;0.0;0.04892523;0.0;1.0;0.0;0.42055756;0.0;0.25291184;0.0;0.30787426;0.0;0.29667076;0.0;0.12623015;0.0;0.13338384;0.0;0.0;0.0;0.15217637;0.0;0.0529146;0.0;0.061930705;0.0;1.0;0.0;1.0;0.0;1.0;0.0;1.0;0.0;1.0;0.0;1.0;0.0;1.0;0.0;1.0;0.0;1.0;0.0;1.0;0.0;1.0;0.0;9.0;0.0;1.0;0.0;9.0;0.0;1.0;0.0;1.0;0.0;1.0;0.0;1.0;0.0;0.0;0.0;0.0;1.0;0.0
0.004887552;0.0;0.5194825;0.0;0.5068286;0.0;0.004508237;0.0;0.00583306;0.0;0.0532619;0.0;0.048776034;0.0;1.0;0.0;0.430965;0.0;0.26584357;0.0;0.30500785;0.0;0.29757828;0.0;0.11712102;0.0;0.138123;0.0;0.0;0.0;0.15171231;0.0;0.05341191;0.0;0.0068935975;0.0;1.0;0.0;1.0;0.0;1.0;0.0;1.0;0.0;1.0;0.0;1.0;0.0;1.0;0.0;1.0;0.0;1.0;0.0;1.0;0.0;1.0;0.0;9.0;0.0;1.0;0.0;9.0;0.0;1.0;0.0;1.0;0.0;1.0;0.0;1.0;0.0;0.0;0.0;0.0;1.0;0.0
0.00477799;0.0;0.51531255;0.0;0.5090057;0.0;0.004589147;0.0;0.0060555944;0.0;0.052478455;0.0;0.048686884;0.0;1.0;0.0;0.44245338;0.0;0.34897497;0.0;0.30255952;0.0;0.0;0.0;0.22192518;0.0;0.14339247;0.0;0.0;0.0;0.15143502;0.0;0.053985037;0.0;0.0065814694;0.0;1.0;0.0;1.0;0.0;1.0;0.0;1.0;0.0;1.0;0.0;1.0;0.0;1.0;0.0;1.0;0.0;1.0;0.0;1.0;0.0;1.0;0.0;9.0;0.0;1.0;0.0;9.0;0.0;1.0;0.0;1.0;0.0;1.0;0.0;1.0;0.0;0.0;0.0;0.0;1.0;0.0
0.004678807;0.0;0.5118276;0.0;0.511828;0.0;0.0046788193;0.0;0.0063037677;0.0;0.051779896;0.0;1.0;0.0;0.8652876;0.0;0.45514074;0.0;0.3417309;0.0;0.30051336;0.0;0.30051365;0.0;0.22626162;0.0;0.14926906;0.0;0.16105546;0.0;0.15134278;0.0;0.05463789;0.0;0.00630373;0.0;1.0;0.0;1.0;0.0;1.0;0.0;1.0;0.0;1.0;0.0;1.0;0.0;1.0;0.0;1.0;0.0;1.0;0.0;1.0;0.0;1.0;0.0;1.0;0.0;1.0;0.0;9.0;0.0;1.0;0.0;1.0;0.0;1.0;0.0;1.0;0.0;0.0;0.0;0.0;1.0;0.0
0.004589136;0.0;0.5090054;0.0;0.515313;0.0;0.004778003;0.0;0.0065815123;0.0;0.0511612;0.0;1.0;0.0;0.6996001;0.0;0.33460197;0.0;0.33518147;0.0;0.0;0.0;0.30255982;0.0;0.231058;0.0;0.15584587;0.0;0.15913108;0.0;0.05137407;0.0;0.055375017;0.0;0.0060555604;0.0;1.0;0.0;1.0;0.0;1.0;0.0;1.0;0.0;1.0;0.0;1.0;0.0;1.0;0.0;1.0;0.0;1.0;0.0;1.0;0.0;9.0;0.0;1.0;0.0;1.0;0.0;9.0;0.0;1.0;0.0;1.0;0.0;1.0;0.0;1.0;0.0;0.0;0.0;0.0;1.0;0.0
0.3382885;0.0;0.5068283;0.0;0.20112641;0.0;0.0048875664;0.0;0.006893646;0.0;0.050618052;0.0;1.0;0.0;0.7100445;0.0;0.34567493;0.0;0.11099596;0.0;0.29757816;0.0;0.30500823;0.0;0.23635635;0.0;0.18706968;0.0;0.1574417;0.0;0.051468156;0.0;0.05620172;0.0;0.005833029;0.0;1.0;0.0;1.0;0.0;1.0;0.0;1.0;0.0;1.0;0.0;1.0;0.0;1.0;0.0;1.0;0.0;1.0;0.0;1.0;0.0;9.0;0.0;1.0;0.0;1.0;0.0;9.0;0.0;1.0;0.0;1.0;0.0;1.0;0.0;1.0;0.0;0.0;0.0;0.0;1.0;0.0
0.33282608;0.0;0.50528276;0.0;0.17652526;0.0;0.0050085178;0.0;0.058691144;0.0;0.050146777;0.0;1.0;0.0;0.61043775;0.0;0.35795683;0.0;0.11962881;0.0;0.29667065;0.0;0.30787474;0.0;0.24220541;0.0;0.18255214;0.0;0.15597585;0.0;0.0516256;0.0;0.057124127;0.0;0.0056328927;0.0;1.0;0.0;1.0;0.0;1.0;0.0;1.0;0.0;1.0;0.0;1.0;0.0;1.0;0.0;1.0;0.0;1.0;0.0;1.0;0.0;9.0;0.0;1.0;0.0;1.0;0.0;9.0;0.0;1.0;0.0;1.0;0.0;1.0;0.0;1.0;0.0;0.0;0.0;0.0;1.0;0.0
0.32793042;0.0;0.5043592;0.0;0.52999187;0.0;0.005142031;0.0;0.05737549;0.0;0.04974424;0.0;1.0;0.0;0.6213934;0.0;0.3716131;0.0;0.1298894;0.0;0.2961284;0.0;0.31117836;0.0;0.12175995;0.0;0.0;0.0;0.1547238;0.0;0.05184736;0.0;0.058149345;0.0;0.005452457;0.0;1.0;0.0;1.0;0.0;1.0;0.0;1.0;0.0;1.0;0.0;1.0;0.0;1.0;0.0;1.0;0.0;1.0;0.0;1.0;0.0;9.0;0.0;1.0;0.0;9.0;0.0;1.0;0.0;1.0;0.0;1.0;0.0;1.0;0.0;1.0;0.0;0.0;0.0;0.0;1.0;0.0
0.4299829;0.0;0.504052;0.0;0.53640115;0.0;0.0052894778;0.0;0.056184478;0.0;0.04940783;0.0;0.55253834;0.0;0.6335355;0.0;0.23126999;0.0;0.31494114;0.0;0.29594803;0.0;0.3149415;0.0;0.1252514;0.0;0.0;0.0;0.15367743;0.0;0.052134834;0.0;0.05928558;0.0;0.005289466;0.0;1.0;0.0;1.0;0.0;1.0;0.0;1.0;0.0;1.0;0.0;1.0;0.0;1.0;0.0;1.0;0.0;1.0;0.0;1.0;0.0;9.0;0.0;1.0;0.0;9.0;0.0;1.0;0.0;1.0;0.0;1.0;0.0;1.0;0.0;1.0;0.0;0.0;0.0;0.0;1.0;0.0
0.42484522;0.0;0.50435925;0.0;0.54363775;0.0;0.00545247;0.0;0.055107675;0.0;0.0491354;0.0;1.0;0.0;0.5584761;0.0;0.24145976;0.0;0.31117803;0.0;0.29612845;0.0;0.13705741;0.0;0.12911096;0.0;0.0;0.0;0.15283008;0.0;0.052489817;0.0;0.060542345;0.0;0.00514202;0.0;1.0;0.0;1.0;0.0;1.0;0.0;1.0;0.0;1.0;0.0;1.0;0.0;1.0;0.0;1.0;0.0;1.0;0.0;1.0;0.0;9.0;0.0;1.0;0.0;9.0;0.0;1.0;0.0;1.0;0.0;1.0;0.0;1.0;0.0;1.0;0.0;0.0;0.0;0.0;1.0;0.0
0.1862699;0.0;0.5052828;0.0;0.36548704;0.0;0.005632907;0.0;0.054136097;0.0;0.048925236;0.0;1.0;0.0;0.42055702;0.0;0.25291115;0.0;0.30787447;0.0;0.29667073;0.0;0.12623069;0.0;0.1333836;0.0;0.0;0.0;0.1521764;0.0;0.05291458;0.0;0.061930627;0.0;0.005008508;0.0;1.0;0.0;1.0;0.0;1.0;0.0;1.0;0.0;1.0;0.0;1.0;0.0;1.0;0.0;1.0;0.0;1.0;0.0;1.0;0.0;9.0;0.0;1.0;0.0;9.0;0.0;1.0;0.0;1.0;0.0;1.0;0.0;1.0;0.0;1.0;0.0;0.0;0.0;0.0;1.0;0.0
0.51948273;0.0;0.5068285;0.0;0.0045082327;0.0;0.0058330456;0.0;0.053261943;0.0;0.048776038;0.0;1.0;0.0;0.4309644;0.0;0.26584283;0.0;0.305008;0.0;0.29757822;0.0;0.11712147;0.0;0.13812274;0.0;0.0;0.0;0.15171233;0.0;0.05341188;0.0;0.006893616;0.0;0.0048875576;0.0;1.0;0.0;1.0;0.0;1.0;0.0;1.0;0.0;1.0;0.0;1.0;0.0;1.0;0.0;1.0;0.0;1.0;0.0;1.0;0.0;9.0;0.0;1.0;0.0;9.0;0.0;1.0;0.0;1.0;0.0;1.0;0.0;1.0;0.0;1.0;0.0;0.0;0.0;0.0;1.0;0.0
0.5153128;0.0;0.50900567;0.0;0.0045891427;0.0;0.006055578;0.0;0.052478492;0.0;0.048686884;0.0;1.0;0.0;0.44245273;0.0;0.34897536;0.0;0.30255964;0.0;0.0;0.0;0.22192495;0.0;0.14339218;0.0;0.0;0.0;0.15143502;0.0;0.053985;0.0;0.0065814853;0.0;0.004777995;0.0;1.0;0.0;1.0;0.0;1.0;0.0;1.0;0.0;1.0;0.0;1.0;0.0;1.0;0.0;1.0;0.0;1.0;0.0;1.0;0.0;9.0;0.0;1.0;0.0;9.0;0.0;1.0;0.0;1.0;0.0;1.0;0.0;1.0;0.0;1.0;0.0;0.0;0.0;0.0;1.0;0.0
0.51182777;0.0;0.5118278;0.0;0.004678814;0.0;0.006303749;0.0;0.051779933;0.0;1.0;0.0;0.8652932;0.0;0.45514002;0.0;0.34173125;0.0;0.30051348;0.0;0.30051354;0.0;0.22626135;0.0;0.14926872;0.0;0.1610556;0.0;0.15134278;0.0;0.054637857;0.0;0.0063037435;0.0;0.0046788123;0.0;1.0;0.0;1.0;0.0;1.0;0.0;1.0;0.0;1.0;0.0;1.0;0.0;1.0;0.0;1.0;0.0;1.0;0.0;1.0;0.0;1.0;0.0;1.0;0.0;9.0;0.0;1.0;0.0;1.0;0.0;1.0;0.0;1.0;0.0;1.0;0.0;0.0;0.0;0.0;1.0;0.0
0.50900555;0.0;0.5153128;0.0;0.0047779973;0.0;0.006581492;0.0;0.05116123;0.0;1.0;0.0;0.6995994;0.0;0.33460143;0.0;0.3351818;0.0;0.0;0.0;0.3025597;0.0;0.23105773;0.0;0.1558455;0.0;0.1591312;0.0;0.05137407;0.0;0.055374973;0.0;0.0060555735;0.0;0.0045891404;0.0;1.0;0.0;1.0;0.0;1.0;0.0;1.0;0.0;1.0;0.0;1.0;0.0;1.0;0.0;1.0;0.0;1.0;0.0;9.0;0.0;1.0;0.0;1.0;0.0;9.0;0.0;1.0;0.0;1.0;0.0;1.0;0.0;1.0;0.0;1.0;0.0;0.0;0.0;0.0;1.0;0.0
0.5068284;0.0;0.20112793;0.0;0.00488756;0.0;0.0068936227;0.0;0.050618082;0.0;1.0;0.0;0.7100438;0.0;0.34567428;0.0;0.11099553;0.0;0.2975782;0.0;0.3050081;0.0;0.23635605;0.0;0.18706995;0.0;0.15744181;0.0;0.051468153;0.0;0.056201674;0.0;0.00583304;0.0;0.33828878;0.0;1.0;0.0;1.0;0.0;1.0;0.0;1.0;0.0;1.0;0.0;1.0;0.0;1.0;0.0;1.0;0.0;1.0;0.0;9.0;0.0;1.0;0.0;1.0;0.0;9.0;0.0;1.0;0.0;1.0;0.0;1.0;0.0;1.0;0.0;1.0;0.0;0.0;0.0;0.0;1.0;0.0
0.5052828;0.0;0.17652646;0.0;0.0050085103;0.0;0.05869124;0.0;0.0501468;0.0;1.0;0.0;0.61043704;0.0;0.3579561;0.0;0.11962831;0.0;0.29667073;0.0;0.30787456;0.0;0.24220507;0.0;0.18255238;0.0;0.15597594;0.0;0.051625587;0.0;0.05712407;0.0;0.0056329025;0.0;0.33282632;0.0;1.0;0.0;1.0;0.0;1.0;0.0;1.0;0.0;1.0;0.0;1.0;0.0;1.0;0.0;1.0;0.0;1.0;0.0;9.0;0.0;1.0;0.0;1.0;0.0;9.0;0.0;1.0;0.0;1.0;0.0;1.0;0.0;1.0;0.0;1.0;0.0;0.0;0.0;0.0;1.0;0.0
0.5043592;0.0;0.5299915;0.0;0.005142023;0.0;0.057375573;0.0;0.04974426;0.0;1.0;0.0;0.6213926;0.0;0.37161228;0.0;0.12988877;0.0;0.29612842;0.0;0.31117815;0.0;0.12175977;0.0;0.0;0.0;0.15472387;0.0;0.05184735;0.0;0.058149286;0.0;0.005452466;0.0;0.32793063;0.0;1.0;0.0;1.0;0.0;1.0;0.0;1.0;0.0;1.0;0.0;1.0;0.0;1.0;0.0;1.0;0.0;1.0;0.0;9.0;0.0;1.0;0.0;9.0;0.0;1.0;0.0;1.0;0.0;1.0;0.0;1.0;0.0;1.0;0.0;1.0;0.0;0.0;0.0;0.0;1.0;0.0
0.504052;0.0;0.53640074;0.0;0.0052894694;0.0;0.056184553;0.0;0.049407847;0.0;0.5525443;0.0;0.63353455;0.0;0.23126948;0.0;0.31494138;0.0;0.29594803;0.0;0.3149413;0.0;0.1252512;0.0;0.0;0.0;0.1536775;0.0;0.05213482;0.0;0.059285514;0.0;0.005289475;0.0;0.4299832;0.0;1.0;0.0;1.0;0.0;1.0;0.0;1.0;0.0;1.0;0.0;1.0;0.0;1.0;0.0;1.0;0.0;1.0;0.0;9.0;0.0;1.0;0.0;9.0;0.0;1.0;0.0;1.0;0.0;1.0;0.0;1.0;0.0;1.0;0.0;1.0;0.0;1.0;0.0;0.0;0.0;0.0
0.4940521;0.0;0.52575916;0.0;0.0;0.0;0.056184553;0.0;0.049407847;0.0;1.0;0.0;0.63353455;0.0;0.3993867;0.0;0.32558298;0.0;0.30594787;0.0;0.3255829;0.0;0.13830508;0.0;0.01189574;0.0;0.1536775;0.0;0.05213482;0.0;0.059285514;0.0;0.0;0.0;0.41934156;0.0;1.0;0.0;1.0;0.0;1.0;0.0;1.0;0.0;1.0;0.0;1.0;0.0;1.0;0.0;1.0;0.0;1.0;0.0;9.0;0.0;1.0;0.0;9.0;0.0;1.0;0.0;1.0;0.0;1.0;0.0;1.0;0.0;1.0;0.0;1.0;0.0;1.0;0.0;0.0;0.0;0.0
0.48405227;0.0;0.5151175;0.0;0.0;0.0;0.0;0.0;0.049407847;0.0;0.0;0.0;0.63353455;0.0;0.38684177;0.0;0.14226402;0.0;0.3159477;0.0;0.1501164;0.0;0.15135895;0.0;0.031895418;0.0;0.0;0.0;0.05213482;0.0;0.0;0.0;0.0;0.0;0.40869993;0.0;1.0;0.0;1.0;0.0;1.0;0.0;1.0;0.0;1.0;0.0;1.0;0.0;1.0;0.0;1.0;0.0;1.0;0.0;9.0;0.0;1.0;0.0;9.0;0.0;1.0;0.0;1.0;0.0;1.0;0.0;1.0;0.0;1.0;0.0;1.0;0.0;1.0;0.0;0.0;0.0;0.0
0.47405243;0.0;0.50447595;0.0;0.0;0.0;0.0;0.0;0.049407847;0.0;0.0;0.0;0.63353455;0.0;0.38684177;0.0;0.14226402;0.0;0.32594758;0.0;0.1501164;0.0;0.16441281;0.0;0.051895093;0.0;0.0;0.0;0.05213482;0.0;0.0;0.0;0.0;0.0;0.39805835;0.0;1.0;0.0;1.0;0.0;1.0;0.0;1.0;0.0;1.0;0.0;1.0;0.0;1.0;0.0;1.0;0.0;1.0;0.0;9.0;0.0;1.0;0.0;9.0;0.0;1.0;0.0;1.0;0.0;1.0;0.0;1.0;0.0;1.0;0.0;1.0;0.0;1.0;0.0;0.0;0.0;0.0
0.4640526;0.0;0.49383432;0.0;0.0;0.0;0.0;0.0;0.049407847;0.0;0.049407836;0.0;0.0;0.0;0.38684177;0.0;0.14226402;0.0;0.33594742;0.0;0.1501164;0.0;0.17746668;0.0;0.0;0.0;0.052134823;0.0;0.05213482;0.0;0.0;0.0;0.0;0.0;0.38741672;0.0;1.0;0.0;1.0;0.0;1.0;0.0;1.0;0.0;1.0;0.0;1.0;0.0;1.0;0.0;1.0;0.0;1.0;0.0;9.0;0.0;1.0;0.0;9.0;0.0;1.0;0.0;1.0;0.0;1.0;0.0;1.0;0.0;1.0;0.0;1.0;0.0;1.0;0.0;0.0;0.0;0.0
0.45405275;0.0;0.48319274;0.0;0.33164206;0.0;0.0;0.0;0.049407847;0.0;0.049407836;0.0;0.0;0.0;0.38684177;0.0;0.14226402;0.0;0.34594727;0.0;0.1501164;0.0;0.19052055;0.0;0.0;0.0;0.052134823;0.0;0.05213482;0.0;0.0;0.0;0.20110163;0.0;0.3767751;0.0;1.0;0.0;1.0;0.0;1.0;0.0;1.0;0.0;1.0;0.0;1.0;0.0;1.0;0.0;1.0;0.0;1.0;0.0;9.0;0.0;1.0;0.0;9.0;0.0;1.0;0.0;1.0;0.0;1.0;0.0;1.0;0.0;1.0;0.0;1.0;0.0;1.0;0.0;0.0;0.0;0.0
0.44405288;0.0;0.4725511;0.0;0.3185882;0.0;0.0;0.0;0.049407847;0.0;0.049407836;0.0;0.0;0.0;0.38684177;0.0;0.14226402;0.0;0.3559471;0.0;0.1501164;0.0;0.20357442;0.0;0.0;0.0;0.052134823;0.0;0.05213482;0.0;0.0;0.0;0.18804774;0.0;0.36613348;0.0;1.0;0.0;1.0;0.0;1.0;0.0;1.0;0.0;1.0;0.0;1.0;0.0;1.0;0.0;1.0;0.0;1.0;0.0;9.0;0.0;1.0;0.0;9.0;0.0;1.0;0.0;1.0;0.0;1.0;0.0;1.0;0.0;1.0;0.0;1.0;0.0;1.0;0.0;0.0;0.0;0.0
0.43405303;0.0;0.46190947;0.0;0.30553433;0.0;0.0;0.0;0.049407847;0.0;0.049407836;0.0;0.0;0.0;0.0;0.0;0.14226402;0.0;0.36594695;0.0;0.1501164;0.0;0.0;0.0;0.0;0.0;0.052134823;0.0;0.05213482;0.0;0.0;0.0;0.17499387;0.0;0.35549188;0.0;1.0;0.0;1.0;0.0;1.0;0.0;1.0;0.0;1.0;0.0;1.0;0.0;1.0;0.0;1.0;0.0;1.0;0.0;9.0;0.0;1.0;0.0;1.0;0.0;1.0;0.0;1.0;0.0;1.0;0.0;1.0;0.0;1.0;0.0;1.0;0.0;1.0;0.0;0.0;0.0;0.0
0.4240532;0.0;0.45126787;0.0;0.29248047;0.0;0.28712478;0.0;0.0;0.0;0.049407836;0.0;0.0;0.0;0.0;0.0;0.14226402;0.0;0.37594682;0.0;0.1501164;0.0;0.0;0.0;0.0;0.0;0.052134823;0.0;0.0;0.0;0.04810641;0.0;0.16194;0.0;0.34485024;0.0;1.0;0.0;1.0;0.0;1.0;0.0;1.0;0.0;1.0;0.0;1.0;0.0;1.0;0.0;1.0;0.0;1.0;0.0;9.0;0.0;1.0;0.0;1.0;0.0;1.0;0.0;1.0;0.0;1.0;0.0;1.0;0.0;1.0;0.0;1.0;0.0;1.0;0.0;0.0;0.0;0.0
0.41405335;0.0;0.44062623;0.0;0.2794266;0.0;0.28712478;0.0;0.0;0.0;0.049407836;0.0;0.056184508;0.0;0.0;0.0;0.14226402;0.0;0.38594666;0.0;0.1501164;0.0;0.0;0.0;0.0;0.0;0.052134823;0.0;0.0;0.0;0.0281067;0.0;0.14888611;0.0;0.15011606;0.0;1.0;0.0;1.0;0.0;1.0;0.0;1.0;0.0;1.0;0.0;1.0;0.0;1.0;0.0;1.0;0.0;1.0;0.0;9.0;0.0;1.0;0.0;1.0;0.0;1.0;0.0;1.0;0.0;1.0;0.0;1.0;0.0;1.0;0.0;1.0;0.0;1.0;0.0;0.0;0.0;0.0
0.4040535;0.0;0.1422645;0.0;0.26637274;0.0;0.28712478;0.0;0.2524932;0.0;0.049407836;0.0;0.056184508;0.0;0.0;0.0;0.14226402;0.0;0.3959465;0.0;0.1501164;0.0;0.0;0.0;0.059285544;0.0;0.052134823;0.0;0.15367748;0.0;0.008106998;0.0;0.13583224;0.0;0.15011606;0.0;1.0;0.0;1.0;0.0;1.0;0.0;1.0;0.0;1.0;0.0;1.0;0.0;1.0;0.0;1.0;0.0;1.0;0.0;9.0;0.0;1.0;0.0;1.0;0.0;1.0;0.0;1.0;0.0;1.0;0.0;1.0;0.0;1.0;0.0;1.0;0.0;1.0;0.0;0.0;0.0;0.0
0.39405364;0.0;0.1422645;0.0;0.38385952;0.0;0.18810701;0.0;0.2524932;0.0;0.049407836;0.0;0.056184508;0.0;0.007762411;0.0;0.14226402;0.0;0.40594634;0.0;0.1501164;0.0;0.007762406;0.0;0.059285544;0.0;0.052134823;0.0;0.15367748;0.0;0.0;0.0;0.122778356;0.0;0.15011606;0.0;1.0;0.0;1.0;0.0;1.0;0.0;1.0;0.0;1.0;0.0;1.0;0.0;1.0;0.0;1.0;0.0;1.0;0.0;9.0;0.0;1.0;0.0;1.0;0.0;1.0;0.0;1.0;0.0;1.0;0.0;1.0;0.0;1.0;0.0;1.0;0.0;1.0;0.0;0.0;0.0;0.0
0.3840538;0.0;0.1422645;0.0;0.37080565;0.0;0.16810735;0.0;0.2524932;0.0;0.049407836;0.0;0.056184508;0.0;0.020816289;0.0;0.44264078;0.0;0.4159462;0.0;0.3362229;0.0;0.020816274;0.0;0.059285544;0.0;0.052134823;0.0;0.15367748;0.0;0.17475554;0.0;0.109724484;0.0;0.15011606;0.0;1.0;0.0;1.0;0.0;1.0;0.0;1.0;0.0;1.0;0.0;1.0;0.0;1.0;0.0;1.0;0.0;1.0;0.0;9.0;0.0;1.0;0.0;1.0;0.0;1.0;0.0;1.0;0.0;1.0;0.0;1.0;0.0;1.0;0.0;1.0;0.0;1.0;0.0;0.0;0.0;0.0
0.37405396;0.0;0.1422645;0.0;0.3577518;0.0;0.14810768;0.0;0.2524932;0.0;0.049407836;0.0;0.056184508;0.0;0.033870168;0.0;0.45328242;0.0;0.42594606;0.0;0.3468645;0.0;0.033870142;0.0;0.059285544;0.0;0.052134823;0.0;0.15367748;0.0;0.17475554;0.0;0.22721139;0.0;0.15011606;0.0;1.0;0.0;1.0;0.0;1.0;0.0;1.0;0.0;1.0;0.0;1.0;0.0;1.0;0.0;1.0;0.0;1.0;0.0;9.0;0.0;1.0;0.0;1.0;0.0;1.0;0.0;1.0;0.0;1.0;0.0;1.0;0.0;1.0;0.0;1.0;0.0;1.0;0.0;0.0;0.0;0.0
0.3640541;0.0;0.1422645;0.0;0.34469792;0.0;0.12810801;0.0;0.2524932;0.0;0.15095049;0.0;0.056184508;0.0;0.046924047;0.0;0.038252827;0.0;0.4359459;0.0;0.3575061;0.0;0.046924014;0.0;0.059285544;0.0;0.0;0.0;0.15367748;0.0;0.17475554;0.0;0.21415749;0.0;0.15011606;0.0;1.0;0.0;1.0;0.0;1.0;0.0;1.0;0.0;1.0;0.0;1.0;0.0;1.0;0.0;1.0;0.0;1.0;0.0;9.0;0.0;1.0;0.0;1.0;0.0;1.0;0.0;1.0;0.0;1.0;0.0;1.0;0.0;1.0;0.0;1.0;0.0;1.0;0.0;0.0;0.0;0.0
0.35405427;0.0;0.1422645;0.0;0.33164406;0.0;0.10810836;0.0;0.0;0.0;0.0;0.0;0.056184508;0.0;0.059977926;0.0;0.048894443;0.0;0.44594574;0.0;0.048894428;0.0;0.05997788;0.0;0.059285544;0.0;0.1536775;0.0;0.15367748;0.0;0.17475554;0.0;0.20110361;0.0;0.15011606;0.0;1.0;0.0;1.0;0.0;1.0;0.0;1.0;0.0;1.0;0.0;1.0;0.0;1.0;0.0;1.0;0.0;1.0;0.0;9.0;0.0;1.0;0.0;1.0;0.0;1.0;0.0;1.0;0.0;1.0;0.0;1.0;0.0;1.0;0.0;1.0;0.0;1.0;0.0;0.0;0.0;0.0
0.3440544;0.0;0.1422645;0.0;0.3185902;0.0;0.08810869;0.0;0.0;0.0;0.0;0.0;0.056184508;0.0;0.0730318;0.0;0.059536062;0.0;0.45594558;0.0;0.059536047;0.0;0.073031746;0.0;0.059285544;0.0;0.1536775;0.0;0.0;0.0;0.08810887;0.0;0.18804975;0.0;0.15011606;0.0;1.0;0.0;1.0;0.0;1.0;0.0;1.0;0.0;1.0;0.0;1.0;0.0;1.0;0.0;1.0;0.0;1.0;0.0;9.0;0.0;1.0;0.0;1.0;0.0;1.0;0.0;1.0;0.0;1.0;0.0;1.0;0.0;1.0;0.0;1.0;0.0;1.0;0.0;0.0;0.0;0.0
0.33405456;0.0;0.1422645;0.0;0.30553633;0.0;0.28712478;0.0;0.2524932;0.0;0.25249314;0.0;0.056184508;0.0;0.08608568;0.0;0.07017768;0.0;0.46594542;0.0;0.07017766;0.0;0.08608562;0.0;0.059285544;0.0;0.1536775;0.0;0.0;0.0;0.06810916;0.0;0.17499587;0.0;0.15011606;0.0;1.0;0.0;1.0;0.0;1.0;0.0;1.0;0.0;1.0;0.0;1.0;0.0;1.0;0.0;1.0;0.0;1.0;0.0;9.0;0.0;1.0;0.0;1.0;0.0;1.0;0.0;1.0;0.0;1.0;0.0;1.0;0.0;1.0;0.0;1.0;0.0;1.0;0.0;0.0;0.0;0.0
0.32405472;0.0;0.1422645;0.0;0.29248244;0.0;0.28712478;0.0;0.2524932;0.0;0.25249314;0.0;0.056184508;0.0;0.09913956;0.0;0.080819294;0.0;0.4759453;0.0;0.08081927;0.0;0.09913949;0.0;0.059285544;0.0;0.1536775;0.0;0.15367748;0.0;0.04810946;0.0;0.16194198;0.0;0.15011606;0.0;1.0;0.0;1.0;0.0;1.0;0.0;1.0;0.0;1.0;0.0;1.0;0.0;1.0;0.0;1.0;0.0;1.0;0.0;9.0;0.0;1.0;0.0;1.0;0.0;1.0;0.0;1.0;0.0;1.0;0.0;1.0;0.0;1.0;0.0;1.0;0.0;1.0;0.0;0.0;0.0;0.0
0.31405488;0.0;0.1422645;0.0;0.2794286;0.0;0.28712478;0.0;0.2524932;0.0;0.25249314;0.0;0.17165452;0.0;0.07569717;0.0;0.09146091;0.0;0.48594514;0.0;0.09146088;0.0;0.079875216;0.0;0.059285544;0.0;0.1536775;0.0;0.15367748;0.0;0.028109754;0.0;0.14888811;0.0;0.33421025;0.0;1.0;0.0;1.0;0.0;1.0;0.0;1.0;0.0;1.0;0.0;1.0;0.0;1.0;0.0;1.0;0.0;1.0;0.0;9.0;0.0;1.0;0.0;1.0;0.0;1.0;0.0;1.0;0.0;1.0;0.0;1.0;0.0;1.0;0.0;1.0;0.0;1.0;0.0;0.0;0.0;0.0
0.30405504;0.0;0.32356852;0.0;0.26637474;0.0;0.28712478;0.0;0.2524932;0.0;0.25249314;0.0;0.17165452;0.0;0.07569717;0.0;0.10210253;0.0;0.49594498;0.0;0.102102496;0.0;0.079875216;0.0;0.0;0.0;0.1536775;0.0;0.15367748;0.0;0.00811005;0.0;0.13583423;0.0;0.32356864;0.0;1.0;0.0;1.0;0.0;1.0;0.0;1.0;0.0;1.0;0.0;1.0;0.0;1.0;0.0;1.0;0.0;1.0;0.0;9.0;0.0;1.0;0.0;1.0;0.0;1.0;0.0;1.0;0.0;1.0;0.0;1.0;0.0;1.0;0.0;1.0;0.0;1.0;0.0;0.0;0.0;0.0
0.29405516;0.0;0.31292692;0.0;0.2312698;0.0;0.18811007;0.0;0.2524932;0.0;0.25249314;0.0;0.17165452;0.0;0.07569717;0.0;0.11274415;0.0;0.50594485;0.0;0.112744115;0.0;0.079875216;0.0;0.011889637;0.0;0.1536775;0.0;0.15367748;0.0;0.0;0.0;0.122780345;0.0;0.31292704;0.0;1.0;0.0;1.0;0.0;1.0;0.0;1.0;0.0;1.0;0.0;1.0;0.0;1.0;0.0;1.0;0.0;1.0;0.0;9.0;0.0;1.0;0.0;1.0;0.0;1.0;0.0;1.0;0.0;1.0;0.0;1.0;0.0;1.0;0.0;1.0;0.0;1.0;0.0;0.0;0.0;0.0
0.28405532;0.0;0.30228528;0.0;0.2312698;0.0;0.1681104;0.0;0.2524932;0.0;0.25249314;0.0;0.17165452;0.0;0.07569717;0.0;0.123385765;0.0;0.51594466;0.0;0.12338573;0.0;0.079875216;0.0;0.031889312;0.0;0.1536775;0.0;0.15367748;0.0;0.17475554;0.0;0.10972647;0.0;0.3022854;0.0;1.0;0.0;1.0;0.0;1.0;0.0;1.0;0.0;1.0;0.0;1.0;0.0;1.0;0.0;1.0;0.0;1.0;0.0;9.0;0.0;1.0;0.0;1.0;0.0;1.0;0.0;1.0;0.0;1.0;0.0;1.0;0.0;1.0;0.0;1.0;0.0;1.0;0.0;0.0;0.0;0.0
0.27405548;0.0;0.29164368;0.0;0.2312698;0.0;0.14811073;0.0;0.2524932;0.0;0.25249314;0.0;0.17165452;0.0;0.07569717;0.0;0.13402739;0.0;0.52594453;0.0;0.13402733;0.0;0.079875216;0.0;0.05188899;0.0;0.1536775;0.0;0.15367748;0.0;0.17475554;0.0;0.22721335;0.0;0.2916438;0.0;1.0;0.0;1.0;0.0;1.0;0.0;1.0;0.0;1.0;0.0;1.0;0.0;1.0;0.0;1.0;0.0;1.0;0.0;9.0;0.0;1.0;0.0;1.0;0.0;1.0;0.0;1.0;0.0;1.0;0.0;1.0;0.0;1.0;0.0;1.0;0.0;1.0;0.0;0.0;0.0;0.0
0.26405564;0.0;0.28100207;0.0;0.2312698;0.0;0.12811106;0.0;0.2524932;0.0;0.25249314;0.0;0.17165452;0.0;0.07569717;0.0;0.144669;0.0;0.53594434;0.0;0.14466897;0.0;0.079875216;0.0;0.07188866;0.0;0.0;0.0;0.15367748;0.0;0.17475554;0.0;0.21415949;0.0;0.28100216;0.0;1.0;0.0;1.0;0.0;1.0;0.0;1.0;0.0;1.0;0.0;1.0;0.0;1.0;0.0;1.0;0.0;1.0;0.0;9.0;0.0;1.0;0.0;1.0;0.0;1.0;0.0;1.0;0.0;1.0;0.0;1.0;0.0;1.0;0.0;1.0;0.0;1.0;0.0;0.0;0.0;0.0
0.2540558;0.0;0.27036044;0.0;0.2312698;0.0;0.108111404;0.0;0.0;0.0;0.0;0.0;0.091888525;0.0;0.07569717;0.0;0.15531062;0.0;0.5459442;0.0;0.15531057;0.0;0.079875216;0.0;0.17475563;0.0;0.1536775;0.0;0.15367748;0.0;0.17475554;0.0;0.20110562;0.0;0.27036056;0.0;1.0;0.0;1.0;0.0;1.0;0.0;1.0;0.0;1.0;0.0;1.0;0.0;1.0;0.0;1.0;0.0;1.0;0.0;9.0;0.0;1.0;0.0;1.0;0.0;1.0;0.0;1.0;0.0;1.0;0.0;1.0;0.0;1.0;0.0;1.0;0.0;1.0;0.0;0.0;0.0;0.0
0.24405594;0.0;0.25971884;0.0;0.2312698;0.0;0.08811174;0.0;0.0;0.0;0.0;0.0;0.111888245;0.0;0.07569717;0.0;0.16595224;0.0;0.5559441;0.0;0.16595218;0.0;0.079875216;0.0;0.17475563;0.0;0.1536775;0.0;0.0;0.0;0.08811192;0.0;0.18805173;0.0;0.25971895;0.0;1.0;0.0;1.0;0.0;1.0;0.0;1.0;0.0;1.0;0.0;1.0;0.0;1.0;0.0;1.0;0.0;1.0;0.0;9.0;0.0;1.0;0.0;1.0;0.0;1.0;0.0;1.0;0.0;1.0;0.0;1.0;0.0;1.0;0.0;1.0;0.0;1.0;0.0;0.0;0.0;0.0
0.23405609;0.0;0.24907723;0.0;0.2312698;0.0;0.28712478;0.0;0.2524932;0.0;0.25249314;0.0;0.13188794;0.0;0.07569717;0.0;0.17659386;0.0;0.5659439;0.0;0.1765938;0.0;0.079875216;0.0;0.17475563;0.0;0.1536775;0.0;0.0;0.0;0.06811221;0.0;0.17499785;0.0;0.24907732;0.0;1.0;0.0;1.0;0.0;1.0;0.0;1.0;0.0;1.0;0.0;1.0;0.0;1.0;0.0;1.0;0.0;1.0;0.0;9.0;0.0;1.0;0.0;1.0;0.0;1.0;0.0;1.0;0.0;1.0;0.0;1.0;0.0;1.0;0.0;1.0;0.0;1.0;0.0;0.0;0.0;0.0
0.22405624;0.0;0.23843563;0.0;0.2312698;0.0;0.28712478;0.0;0.2524932;0.0;0.25249314;0.0;0.15188767;0.0;0.07569717;0.0;0.18723547;0.0;0.57594377;0.0;0.18723541;0.0;0.079875216;0.0;0.17475563;0.0;0.1536775;0.0;0.15367748;0.0;0.04811251;0.0;0.16194397;0.0;0.2384357;0.0;1.0;0.0;1.0;0.0;1.0;0.0;1.0;0.0;1.0;0.0;1.0;0.0;1.0;0.0;1.0;0.0;1.0;0.0;9.0;0.0;1.0;0.0;1.0;0.0;1.0;0.0;1.0;0.0;1.0;0.0;1.0;0.0;1.0;0.0;1.0;0.0;1.0;0.0;0.0;0.0;0.0
0.2140564;0.0;0.227794;0.0;0.2312698;0.0;0.28712478;0.0;0.2524932;0.0;0.25249314;0.0;0.17188738;0.0;0.24273221;0.0;0.19787708;0.0;0.5859436;0.0;0.19787702;0.0;0.112191364;0.0;0.17475563;0.0;0.1536775;0.0;0.15367748;0.0;0.028112805;0.0;0.14889011;0.0;0.2277941;0.0;1.0;0.0;1.0;0.0;1.0;0.0;1.0;0.0;1.0;0.0;1.0;0.0;1.0;0.0;1.0;0.0;1.0;0.0;9.0;0.0;1.0;0.0;1.0;0.0;1.0;0.0;1.0;0.0;1.0;0.0;1.0;0.0;1.0;0.0;1.0;0.0;1.0;0.0;0.0;0.0;0.0
0.20405655;0.0;0.21715239;0.0;0.2312698;0.0;0.28712478;0.0;0.2524932;0.0;0.25249314;0.0;0.1918871;0.0;0.2557861;0.0;0.2085187;0.0;0.59594345;0.0;0.20851865;0.0;0.12524524;0.0;0.0;0.0;0.1536775;0.0;0.15367748;0.0;0.008113102;0.0;0.13583621;0.0;0.21715248;0.0;1.0;0.0;1.0;0.0;1.0;0.0;1.0;0.0;1.0;0.0;1.0;0.0;1.0;0.0;1.0;0.0;1.0;0.0;9.0;0.0;1.0;0.0;1.0;0.0;1.0;0.0;1.0;0.0;1.0;0.0;1.0;0.0;1.0;0.0;1.0;0.0;1.0;0.0;0.0;0.0;0.0
0.1940567;0.0;0.20651078;0.0;0.25332287;0.0;0.18811312;0.0;0.2524932;0.0;0.25249314;0.0;0.28712454;0.0;0.23126948;0.0;0.21916032;0.0;0.6059433;0.0;0.21916024;0.0;0.1382991;0.0;0.0118865855;0.0;0.1536775;0.0;0.15367748;0.0;0.0;0.0;0.122782335;0.0;0.20651086;0.0;1.0;0.0;1.0;0.0;1.0;0.0;1.0;0.0;1.0;0.0;1.0;0.0;1.0;0.0;1.0;0.0;1.0;0.0;9.0;0.0;1.0;0.0;1.0;0.0;1.0;0.0;1.0;0.0;1.0;0.0;1.0;0.0;1.0;0.0;1.0;0.0;1.0;0.0;0.0;0.0;0.0
0.18405685;0.0;0.19586916;0.0;0.24026899;0.0;0.16811344;0.0;0.2524932;0.0;0.25249314;0.0;0.28712454;0.0;0.23126948;0.0;0.22980194;0.0;0.61594313;0.0;0.22980186;0.0;0.15135297;0.0;0.03188626;0.0;0.1536775;0.0;0.15367748;0.0;0.17475554;0.0;0.10972847;0.0;0.19586924;0.0;1.0;0.0;1.0;0.0;1.0;0.0;1.0;0.0;1.0;0.0;1.0;0.0;1.0;0.0;1.0;0.0;1.0;0.0;9.0;0.0;1.0;0.0;1.0;0.0;1.0;0.0;1.0;0.0;1.0;0.0;1.0;0.0;1.0;0.0;1.0;0.0;1.0;0.0;0.0;0.0;0.0
0.174057;0.0;0.18522754;0.0;0.07569728;0.0;0.14811379;0.0;0.2524932;0.0;0.25249314;0.0;0.28712454;0.0;0.23126948;0.0;0.24044356;0.0;0.625943;0.0;0.2404435;0.0;0.16440684;0.0;0.05188594;0.0;0.1536775;0.0;0.15367748;0.0;0.17475554;0.0;0.07987514;0.0;0.18522762;0.0;1.0;0.0;1.0;0.0;1.0;0.0;1.0;0.0;1.0;0.0;1.0;0.0;1.0;0.0;1.0;0.0;1.0;0.0;9.0;0.0;1.0;0.0;1.0;0.0;1.0;0.0;1.0;0.0;1.0;0.0;1.0;0.0;1.0;0.0;1.0;0.0;1.0;0.0;0.0;0.0;0.0
0.16405717;0.0;0.17458594;0.0;0.07569728;0.0;0.12811412;0.0;0.2524932;0.0;0.25249314;0.0;0.28712454;0.0;0.23126948;0.0;0.2510852;0.0;0.6359428;0.0;0.2510851;0.0;0.1774607;0.0;0.07188561;0.0;0.0;0.0;0.15367748;0.0;0.17475554;0.0;0.07987514;0.0;0.17458601;0.0;1.0;0.0;1.0;0.0;1.0;0.0;1.0;0.0;1.0;0.0;1.0;0.0;1.0;0.0;1.0;0.0;1.0;0.0;9.0;0.0;1.0;0.0;1.0;0.0;1.0;0.0;1.0;0.0;1.0;0.0;1.0;0.0;1.0;0.0;1.0;0.0;1.0;0.0;0.0;0.0;0.0
0.15405731;0.0;0.16394433;0.0;0.07569728;0.0;0.10811446;0.0;0.0;0.0;0.0;0.0;0.09188547;0.0;0.23126948;0.0;0.2617268;0.0;0.6459427;0.0;0.2617267;0.0;0.19051458;0.0;0.17475563;0.0;0.1536775;0.0;0.15367748;0.0;0.17475554;0.0;0.07987514;0.0;0.1639444;0.0;1.0;0.0;1.0;0.0;1.0;0.0;1.0;0.0;1.0;0.0;1.0;0.0;1.0;0.0;1.0;0.0;1.0;0.0;9.0;0.0;1.0;0.0;1.0;0.0;1.0;0.0;1.0;0.0;1.0;0.0;1.0;0.0;1.0;0.0;1.0;0.0;1.0;0.0;0.0;0.0;0.0
0.14405747;0.0;0.15330271;0.0;0.07569728;0.0;0.08811479;0.0;0.0;0.0;0.0;0.0;0.11188519;0.0;0.23126948;0.0;0.2723684;0.0;0.65594256;0.0;0.27236834;0.0;0.20356843;0.0;0.17475563;0.0;0.1536775;0.0;0.0;0.0;0.08811497;0.0;0.07987514;0.0;0.15330277;0.0;1.0;0.0;1.0;0.0;1.0;0.0;1.0;0.0;1.0;0.0;1.0;0.0;1.0;0.0;1.0;0.0;1.0;0.0;9.0;0.0;1.0;0.0;1.0;0.0;1.0;0.0;1.0;0.0;1.0;0.0;1.0;0.0;1.0;0.0;1.0;0.0;0.0;0.0;0.0;1.0;0.0
0.14414528;0.0;0.15537092;0.0;0.07271717;0.0;0.09384461;0.0;0.0;0.0;0.0;0.0;0.10556817;0.0;0.24145916;0.0;0.26911396;0.0;0.6563424;0.0;0.27604285;0.0;0.20984125;0.0;0.17140636;0.0;0.15283012;0.0;0.0;0.0;0.08314002;0.0;0.08339442;0.0;0.0;0.0;1.0;0.0;1.0;0.0;1.0;0.0;1.0;0.0;1.0;0.0;1.0;0.0;1.0;0.0;1.0;0.0;1.0;0.0;9.0;0.0;1.0;0.0;1.0;0.0;1.0;0.0;1.0;0.0;1.0;0.0;1.0;0.0;1.0;0.0;1.0;0.0;0.0;0.0;0.0;1.0;0.0
0.14440922;0.0;0.15769045;0.0;0.07004492;0.0;0.100502394;0.0;0.2500269;0.0;0.25626945;0.0;0.2999346;0.0;0.2529105;0.0;0.26625696;0.0;0.0;0.0;0.12623122;0.0;0.21678546;0.0;0.16838434;0.0;0.15217642;0.0;0.0;0.0;0.07878767;0.0;0.08734946;0.0;0.0;0.0;1.0;0.0;1.0;0.0;1.0;0.0;1.0;0.0;1.0;0.0;1.0;0.0;1.0;0.0;1.0;0.0;1.0;0.0;9.0;0.0;1.0;0.0;1.0;0.0;1.0;0.0;1.0;0.0;1.0;0.0;1.0;0.0;1.0;0.0;1.0;0.0;0.0;0.0;0.0;1.0;0.0
0.14485095;0.0;0.16027851;0.0;0.20665815;0.0;0.10831903;0.0;0.24926445;0.0;0.2586779;0.0;0.30735695;0.0;0.30872267;0.0;0.2637779;0.0;0.65955555;0.0;0.117121935;0.0;0.08053236;0.0;0.16566537;0.0;0.15171234;0.0;0.0;0.0;0.07495513;0.0;0.091815725;0.0;0.0;0.0;1.0;0.0;1.0;0.0;1.0;0.0;1.0;0.0;1.0;0.0;1.0;0.0;1.0;0.0;1.0;0.0;1.0;0.0;1.0;0.0;1.0;0.0;1.0;0.0;1.0;0.0;1.0;0.0;1.0;0.0;1.0;0.0;1.0;0.0;1.0;0.0;0.0;0.0;0.0;1.0;0.0
0.14547317;0.0;0.16315505;0.0;0.20003831;0.0;0.26818565;0.0;0.24880882;0.0;0.26145357;0.0;0.2532931;0.0;0.30180213;0.0;0.26166052;0.0;0.66238874;0.0;0.10936315;0.0;0.08360469;0.0;0.16322854;0.0;0.15143503;0.0;0.15913115;0.0;0.07156128;0.0;0.096887745;0.0;0.0;0.0;1.0;0.0;1.0;0.0;1.0;0.0;1.0;0.0;1.0;0.0;1.0;0.0;1.0;0.0;1.0;0.0;1.0;0.0;1.0;0.0;1.0;0.0;1.0;0.0;1.0;0.0;1.0;0.0;1.0;0.0;1.0;0.0;1.0;0.0;1.0;0.0;0.0;0.0;0.0;1.0;0.0
0.14627974;0.0;0.16634306;0.0;0.19405851;0.0;0.26461568;0.0;0.24865723;0.0;0.26461536;0.0;0.24260397;0.0;0.09731421;0.0;0.25989094;0.0;0.2598908;0.0;0.102685794;0.0;0.08703099;0.0;0.0;0.0;0.15134278;0.0;0.16105554;0.0;0.068541355;0.0;0.16634336;0.0;0.14627983;0.0;1.0;0.0;1.0;0.0;1.0;0.0;1.0;0.0;1.0;0.0;1.0;0.0;1.0;0.0;1.0;0.0;1.0;0.0;1.0;0.0;1.0;0.0;1.0;0.0;1.0;0.0;1.0;0.0;1.0;0.0;1.0;0.0;1.0;0.0;1.0;0.0;0.0;0.0;0.0;1.0;0.0
0.0;0.0;0.09182035;0.0;0.18864903;0.0;0.26145384;0.0;0.24880877;0.0;0.26818526;0.0;0.23305292;0.0;0.103642225;0.0;0.2584579;0.0;0.26166034;0.0;0.18388389;0.0;0.09086555;0.0;0.0;0.0;0.15143502;0.0;0.16322836;0.0;0.06584295;0.0;0.1631553;0.0;0.14547323;0.0;1.0;0.0;1.0;0.0;1.0;0.0;1.0;0.0;1.0;0.0;1.0;0.0;1.0;0.0;1.0;0.0;1.0;0.0;1.0;0.0;1.0;0.0;1.0;0.0;1.0;0.0;1.0;0.0;1.0;0.0;1.0;0.0;1.0;0.0;1.0;0.0;0.0;0.0;0.0;1.0;0.0
0.0;0.0;0.08701359;0.0;0.18375073;0.0;0.25867814;0.0;0.24926439;0.0;0.272189;0.0;0.22448854;0.0;0.11099509;0.0;0.6595558;0.0;0.26377773;0.0;0.18810046;0.0;0.09517489;0.0;0.0;0.0;0.15171231;0.0;0.16566518;0.0;0.071374744;0.0;0.16027875;0.0;0.144851;0.0;1.0;0.0;1.0;0.0;1.0;0.0;1.0;0.0;1.0;0.0;1.0;0.0;1.0;0.0;1.0;0.0;1.0;0.0;1.0;0.0;1.0;0.0;1.0;0.0;1.0;0.0;1.0;0.0;1.0;0.0;1.0;0.0;1.0;0.0;1.0;0.0;0.0;0.0;0.0;1.0;0.0
0.0;0.0;0.08278088;0.0;0.1793133;0.0;0.2562697;0.0;0.25002685;0.0;0.12761511;0.0;0.21399999;0.0;0.11962779;0.0;0.0;0.0;0.26625672;0.0;0.19275531;0.0;0.100041255;0.0;0.0;0.0;0.15217638;0.0;0.1683841;0.0;0.07391068;0.0;0.15769067;0.0;0.14440927;0.0;1.0;0.0;1.0;0.0;1.0;0.0;1.0;0.0;1.0;0.0;1.0;0.0;1.0;0.0;1.0;0.0;9.0;0.0;1.0;0.0;1.0;0.0;1.0;0.0;1.0;0.0;1.0;0.0;1.0;0.0;1.0;0.0;1.0;0.0;1.0;0.0;0.0;0.0;0.0;1.0;0.0
0.0;0.0;0.0790327;0.0;0.17529367;0.0;0.25421253;0.0;0.25110084;0.0;0.119161166;0.0;0.22216415;0.0;0.27604315;0.0;0.6563424;0.0;0.26911372;0.0;0.19789359;0.0;0.10556766;0.0;0.15472393;0.0;0.15283005;0.0;0.17140612;0.0;0.0767304;0.0;0.15537111;0.0;0.14414528;0.0;1.0;0.0;1.0;0.0;1.0;0.0;1.0;0.0;1.0;0.0;1.0;0.0;1.0;0.0;1.0;0.0;9.0;0.0;1.0;0.0;1.0;0.0;1.0;0.0;1.0;0.0;1.0;0.0;1.0;0.0;1.0;0.0;1.0;0.0;1.0;0.0;0.0;0.0;0.0;1.0;0.0
0.15330261;0.0;0.07569745;0.0;0.088114515;0.0;0.0;0.0;0.0;0.0;0.11188556;0.0;0.23126888;0.0;0.2723686;0.0;0.65594256;0.0;0.2723681;0.0;0.2035681;0.0;0.17475583;0.0;0.15367755;0.0;0.0;0.0;0.08811526;0.0;0.07987496;0.0;0.15330288;0.0;0.14405747;0.0;1.0;0.0;1.0;0.0;1.0;0.0;1.0;0.0;1.0;0.0;1.0;0.0;1.0;0.0;1.0;0.0;9.0;0.0;1.0;0.0;1.0;0.0;1.0;0.0;1.0;0.0;1.0;0.0;1.0;0.0;1.0;0.0;1.0;0.0;1.0;0.0;0.0;0.0;0.0;1.0;0.0
0.1553708;0.0;0.07271732;0.0;0.09384427;0.0;0.0;0.0;0.0;0.0;0.10556848;0.0;0.2414585;0.0;0.26911414;0.0;0.6563423;0.0;0.2760426;0.0;0.2098409;0.0;0.17140654;0.0;0.15283015;0.0;0.0;0.0;0.08314027;0.0;0.08339422;0.0;0.0;0.0;0.14414527;0.0;1.0;0.0;1.0;0.0;1.0;0.0;1.0;0.0;1.0;0.0;1.0;0.0;1.0;0.0;1.0;0.0;9.0;0.0;1.0;0.0;1.0;0.0;1.0;0.0;1.0;0.0;1.0;0.0;1.0;0.0;1.0;0.0;1.0;0.0;1.0;0.0;0.0;0.0;0.0;1.0;0.0
0.15769032;0.0;0.070045054;0.0;0.100502;0.0;0.250027;0.0;0.25626937;0.0;0.2999342;0.0;0.25290975;0.0;0.2662571;0.0;0.0;0.0;0.12623183;0.0;0.21678507;0.0;0.16838449;0.0;0.15217645;0.0;0.0;0.0;0.0787879;0.0;0.08734922;0.0;0.0;0.0;0.14440921;0.0;1.0;0.0;1.0;0.0;1.0;0.0;1.0;0.0;1.0;0.0;1.0;0.0;1.0;0.0;1.0;0.0;9.0;0.0;1.0;0.0;1.0;0.0;1.0;0.0;1.0;0.0;1.0;0.0;1.0;0.0;1.0;0.0;1.0;0.0;1.0;0.0;0.0;0.0;0.0;1.0;0.0
0.16027835;0.0;0.20665851;0.0;0.10831857;0.0;0.24926448;0.0;0.25867775;0.0;0.30735654;0.0;0.30872315;0.0;0.26377806;0.0;0.65955544;0.0;0.11712246;0.0;0.0805322;0.0;0.1656655;0.0;0.15171237;0.0;0.0;0.0;0.07495532;0.0;0.091815464;0.0;0.0;0.0;0.14485092;0.0;1.0;0.0;1.0;0.0;1.0;0.0;1.0;0.0;1.0;0.0;1.0;0.0;1.0;0.0;1.0;0.0;1.0;0.0;1.0;0.0;1.0;0.0;1.0;0.0;1.0;0.0;1.0;0.0;1.0;0.0;1.0;0.0;1.0;0.0;1.0;0.0;0.0;0.0;0.0;1.0;0.0
0.16315487;0.0;0.20003864;0.0;0.26818585;0.0;0.24880882;0.0;0.26145342;0.0;0.25329372;0.0;0.30180255;0.0;0.26166064;0.0;0.66238856;0.0;0.10936359;0.0;0.083604515;0.0;0.16322866;0.0;0.15143505;0.0;0.15913104;0.0;0.07156146;0.0;0.09688745;0.0;0.0;0.0;0.14547314;0.0;1.0;0.0;1.0;0.0;1.0;0.0;1.0;0.0;1.0;0.0;1.0;0.0;1.0;0.0;1.0;0.0;1.0;0.0;1.0;0.0;1.0;0.0;1.0;0.0;1.0;0.0;1.0;0.0;1.0;0.0;1.0;0.0;1.0;0.0;1.0;0.0;0.0;0.0;0.0;1.0;0.0
0.16634288;0.0;0.19405884;0.0;0.26461583;0.0;0.24865723;0.0;0.26461515;0.0;0.24260452;0.0;0.09731385;0.0;0.259891;0.0;0.2598907;0.0;0.10268618;0.0;0.08703078;0.0;0.0;0.0;0.15134278;0.0;0.1610554;0.0;0.068541504;0.0;0.16634354;0.0;0.14627987;0.0;0.1462797;0.0;1.0;0.0;1.0;0.0;1.0;0.0;1.0;0.0;1.0;0.0;1.0;0.0;1.0;0.0;1.0;0.0;1.0;0.0;1.0;0.0;1.0;0.0;1.0;0.0;1.0;0.0;1.0;0.0;1.0;0.0;1.0;0.0;1.0;0.0;1.0;0.0;0.0;0.0;0.0;1.0;0.0
0.091820635;0.0;0.18864931;0.0;0.26145402;0.0;0.24880877;0.0;0.26818508;0.0;0.23305342;0.0;0.10364181;0.0;0.25845796;0.0;0.26166025;0.0;0.18388364;0.0;0.09086532;0.0;0.0;0.0;0.151435;0.0;0.16322818;0.0;0.06584309;0.0;0.16315547;0.0;0.14547327;0.0;0.0;0.0;1.0;0.0;1.0;0.0;1.0;0.0;1.0;0.0;1.0;0.0;1.0;0.0;1.0;0.0;1.0;0.0;1.0;0.0;1.0;0.0;1.0;0.0;1.0;0.0;1.0;0.0;1.0;0.0;1.0;0.0;1.0;0.0;1.0;0.0;1.0;0.0;0.0;0.0;0.0;1.0;0.0
0.08701383;0.0;0.18375097;0.0;0.25867826;0.0;0.24926436;0.0;0.27218875;0.0;0.224489;0.0;0.1109946;0.0;0.6595559;0.0;0.2637776;0.0;0.18810019;0.0;0.09517463;0.0;0.0;0.0;0.1517123;0.0;0.165665;0.0;0.07137461;0.0;0.1602789;0.0;0.14485103;0.0;0.0;0.0;1.0;0.0;1.0;0.0;1.0;0.0;1.0;0.0;1.0;0.0;1.0;0.0;1.0;0.0;1.0;0.0;1.0;0.0;1.0;0.0;1.0;0.0;1.0;0.0;1.0;0.0;1.0;0.0;1.0;0.0;1.0;0.0;1.0;0.0;1.0;0.0;0.0;0.0;0.0;1.0;0.0
0.0827811;0.0;0.17931354;0.0;0.2562698;0.0;0.2500268;0.0;0.1276156;0.0;0.21399958;0.0;0.11962722;0.0;0.0;0.0;0.26625657;0.0;0.192755;0.0;0.10004099;0.0;0.0;0.0;0.15217635;0.0;0.16838393;0.0;0.073910534;0.0;0.1576908;0.0;0.14440927;0.0;0.0;0.0;1.0;0.0;1.0;0.0;1.0;0.0;1.0;0.0;1.0;0.0;1.0;0.0;1.0;0.0;9.0;0.0;1.0;0.0;1.0;0.0;1.0;0.0;1.0;0.0;1.0;0.0;1.0;0.0;1.0;0.0;1.0;0.0;1.0;0.0;1.0;0.0;0.0;0.0;0.0;1.0;0.0
0.07903288;0.0;0.1752939;0.0;0.25421262;0.0;0.25110075;0.0;0.11916159;0.0;0.22216368;0.0;0.27604342;0.0;0.65634245;0.0;0.26911354;0.0;0.19789325;0.0;0.105567336;0.0;0.154724;0.0;0.15283002;0.0;0.17140588;0.0;0.07673024;0.0;0.15537122;0.0;0.1441453;0.0;0.0;0.0;1.0;0.0;1.0;0.0;1.0;0.0;1.0;0.0;1.0;0.0;1.0;0.0;1.0;0.0;9.0;0.0;1.0;0.0;1.0;0.0;1.0;0.0;1.0;0.0;1.0;0.0;1.0;0.0;1.0;0.0;1.0;0.0;1.0;0.0;1.0;0.0;0.0;0.0;0.0;1.0;0.0
0.07569762;0.0;0.08811422;0.0;0.0;0.0;0.0;0.0;0.11188593;0.0;0.23126836;0.0;0.27236882;0.0;0.65594256;0.0;0.2723679;0.0;0.20356774;0.0;0.17475602;0.0;0.1536776;0.0;0.0;0.0;0.08811562;0.0;0.07987478;0.0;0.153303;0.0;0.14405747;0.0;0.15330252;0.0;1.0;0.0;1.0;0.0;1.0;0.0;1.0;0.0;1.0;0.0;1.0;0.0;1.0;0.0;9.0;0.0;1.0;0.0;1.0;0.0;1.0;0.0;1.0;0.0;1.0;0.0;1.0;0.0;1.0;0.0;1.0;0.0;1.0;0.0;1.0;0.0;0.0;0.0;0.0;1.0;0.0
0.07271747;0.0;0.09384394;0.0;0.0;0.0;0.0;0.0;0.10556881;0.0;0.24145791;0.0;0.26911432;0.0;0.65634227;0.0;0.2760424;0.0;0.20984049;0.0;0.1714067;0.0;0.1528302;0.0;0.0;0.0;0.0831406;0.0;0.08339403;0.0;0.0;0.0;0.14414525;0.0;0.1553707;0.0;1.0;0.0;1.0;0.0;1.0;0.0;1.0;0.0;1.0;0.0;1.0;0.0;1.0;0.0;9.0;0.0;1.0;0.0;1.0;0.0;1.0;0.0;1.0;0.0;1.0;0.0;1.0;0.0;1.0;0.0;1.0;0.0;1.0;0.0;1.0;0.0;0.0;0.0;0.0;1.0;0.0
0.07004519;0.0;0.10050161;0.0;0.25002703;0.0;0.2562692;0.0;0.29993385;0.0;0.2529091;0.0;0.26625726;0.0;0.0;0.0;0.12623237;0.0;0.21678463;0.0;0.16838464;0.0;0.15217648;0.0;0.0;0.0;0.078788176;0.0;0.087349;0.0;0.0;0.0;0.1444092;0.0;0.1576902;0.0;1.0;0.0;1.0;0.0;1.0;0.0;1.0;0.0;1.0;0.0;1.0;0.0;1.0;0.0;9.0;0.0;1.0;0.0;1.0;0.0;1.0;0.0;1.0;0.0;1.0;0.0;1.0;0.0;1.0;0.0;1.0;0.0;1.0;0.0;1.0;0.0;0.0;0.0;0.0;1.0;0.0
0.20665888;0.0;0.108318105;0.0;0.24926452;0.0;0.25867757;0.0;0.30735612;0.0;0.3087235;0.0;0.2637782;0.0;0.6595553;0.0;0.11712291;0.0;0.08053202;0.0;0.16566566;0.0;0.15171239;0.0;0.0;0.0;0.07495557;0.0;0.09181521;0.0;0.0;0.0;0.1448509;0.0;0.16027823;0.0;1.0;0.0;1.0;0.0;1.0;0.0;1.0;0.0;1.0;0.0;1.0;0.0;1.0;0.0;1.0;0.0;1.0;0.0;1.0;0.0;1.0;0.0;1.0;0.0;1.0;0.0;1.0;0.0;1.0;0.0;1.0;0.0;1.0;0.0;1.0;0.0;0.0;0.0;0.0;1.0;0.0
0.200039;0.0;0.26818606;0.0;0.24880883;0.0;0.2614532;0.0;0.25329435;0.0;0.3018029;0.0;0.26166075;0.0;0.6623884;0.0;0.10936399;0.0;0.08360431;0.0;0.16322878;0.0;0.15143505;0.0;0.15913093;0.0;0.07156168;0.0;0.09688716;0.0;0.0;0.0;0.1454731;0.0;0.16315472;0.0;1.0;0.0;1.0;0.0;1.0;0.0;1.0;0.0;1.0;0.0;1.0;0.0;1.0;0.0;1.0;0.0;1.0;0.0;1.0;0.0;1.0;0.0;1.0;0.0;1.0;0.0;1.0;0.0;1.0;0.0;1.0;0.0;1.0;0.0;1.0;0.0;0.0;0.0;0.0;1.0;0.0
0.19405913;0.0;0.26461604;0.0;0.24865723;0.0;0.26461494;0.0;0.24260509;0.0;0.09731354;0.0;0.25989112;0.0;0.25989062;0.0;0.10268651;0.0;0.08703057;0.0;0.0;0.0;0.15134278;0.0;0.1610553;0.0;0.0685417;0.0;0.16634372;0.0;0.14627992;0.0;0.14627965;0.0;0.16634272;0.0;1.0;0.0;1.0;0.0;1.0;0.0;1.0;0.0;1.0;0.0;1.0;0.0;1.0;0.0;1.0;0.0;1.0;0.0;1.0;0.0;1.0;0.0;1.0;0.0;1.0;0.0;1.0;0.0;1.0;0.0;1.0;0.0;1.0;0.0;1.0;0.0;0.0;0.0;0.0;1.0;0.0
0.18864958;0.0;0.26145416;0.0;0.24880874;0.0;0.2681848;0.0;0.2330539;0.0;0.103641436;0.0;0.25845805;0.0;0.26166013;0.0;0.18388343;0.0;0.090865076;0.0;0.0;0.0;0.15143499;0.0;0.16322806;0.0;0.06584327;0.0;0.16315565;0.0;0.1454733;0.0;0.0;0.0;0.09182089;0.0;1.0;0.0;1.0;0.0;1.0;0.0;1.0;0.0;1.0;0.0;1.0;0.0;1.0;0.0;1.0;0.0;1.0;0.0;1.0;0.0;1.0;0.0;1.0;0.0;1.0;0.0;1.0;0.0;1.0;0.0;1.0;0.0;1.0;0.0;1.0;0.0;0.0;0.0;0.0;1.0;0.0
0.18375124;0.0;0.2586784;0.0;0.24926431;0.0;0.27218848;0.0;0.22448942;0.0;0.110994175;0.0;0.65955603;0.0;0.2637775;0.0;0.18809995;0.0;0.09517436;0.0;0.0;0.0;0.15171227;0.0;0.16566485;0.0;0.071374446;0.0;0.16027905;0.0;0.14485106;0.0;0.0;0.0;0.08701406;0.0;1.0;0.0;1.0;0.0;1.0;0.0;1.0;0.0;1.0;0.0;1.0;0.0;1.0;0.0;1.0;0.0;1.0;0.0;1.0;0.0;1.0;0.0;1.0;0.0;1.0;0.0;1.0;0.0;1.0;0.0;1.0;0.0;1.0;0.0;1.0;0.0;0.0;0.0;0.0;1.0;0.0
0.17931376;0.0;0.25626993;0.0;0.25002673;0.0;0.12761621;0.0;0.21399915;0.0;0.1196267;0.0;0.0;0.0;0.2662564;0.0;0.19275473;0.0;0.10004066;0.0;0.0;0.0;0.15217632;0.0;0.16838376;0.0;0.073910356;0.0;0.15769093;0.0;0.1444093;0.0;0.0;0.0;0.0827813;0.0;1.0;0.0;1.0;0.0;1.0;0.0;1.0;0.0;1.0;0.0;1.0;0.0;9.0;0.0;1.0;0.0;1.0;0.0;1.0;0.0;1.0;0.0;1.0;0.0;1.0;0.0;1.0;0.0;1.0;0.0;1.0;0.0;1.0;0.0;1.0;0.0;0.0;0.0;0.0;1.0;0.0
0.17529409;0.0;0.25421274;0.0;0.2511007;0.0;0.11916213;0.0;0.2221632;0.0;0.27604362;0.0;0.6563425;0.0;0.26911336;0.0;0.19789295;0.0;0.10556696;0.0;0.15472406;0.0;0.15282997;0.0;0.17140572;0.0;0.07673003;0.0;0.15537134;0.0;0.14414531;0.0;0.0;0.0;0.07903306;0.0;1.0;0.0;1.0;0.0;1.0;0.0;1.0;0.0;1.0;0.0;1.0;0.0;9.0;0.0;1.0;0.0;1.0;0.0;1.0;0.0;1.0;0.0;1.0;0.0;1.0;0.0;1.0;0.0;1.0;0.0;1.0;0.0;1.0;0.0;1.0;0.0;0.0;0.0;0.0;1.0;0.0
0.08811392;0.0;0.0;0.0;0.0;0.0;0.11188638;0.0;0.23126781;0.0;0.272369;0.0;0.65594256;0.0;0.27236772;0.0;0.20356743;0.0;0.17475623;0.0;0.15367766;0.0;0.0;0.0;0.088115916;0.0;0.07987455;0.0;0.1533031;0.0;0.14405747;0.0;0.1533024;0.0;0.07569778;0.0;1.0;0.0;1.0;0.0;1.0;0.0;1.0;0.0;1.0;0.0;1.0;0.0;9.0;0.0;1.0;0.0;1.0;0.0;1.0;0.0;1.0;0.0;1.0;0.0;1.0;0.0;1.0;0.0;1.0;0.0;1.0;0.0;1.0;0.0;1.0;0.0;0.0;0.0;0.0;1.0;0.0
0.093843594;0.0;0.0;0.0;0.0;0.0;0.105569206;0.0;0.24145731;0.0;0.2691145;0.0;0.65634215;0.0;0.27604216;0.0;0.20984013;0.0;0.1714069;0.0;0.15283024;0.0;0.0;0.0;0.08314084;0.0;0.08339377;0.0;0.0;0.0;0.14414524;0.0;0.15537058;0.0;0.072717614;0.0;1.0;0.0;1.0;0.0;1.0;0.0;1.0;0.0;1.0;0.0;1.0;0.0;9.0;0.0;1.0;0.0;1.0;0.0;1.0;0.0;1.0;0.0;1.0;0.0;1.0;0.0;1.0;0.0;1.0;0.0;1.0;0.0;1.0;0.0;1.0;0.0;0.0;0.0;0.0;1.0;0.0
0.10050122;0.0;0.2500271;0.0;0.25626907;0.0;0.29993337;0.0;0.2529084;0.0;0.2662574;0.0;0.0;0.0;0.1262329;0.0;0.2167842;0.0;0.16838482;0.0;0.15217653;0.0;0.0;0.0;0.07878839;0.0;0.087348714;0.0;0.0;0.0;0.14440918;0.0;0.15769006;0.0;0.070045315;0.0;1.0;0.0;1.0;0.0;1.0;0.0;1.0;0.0;1.0;0.0;1.0;0.0;9.0;0.0;1.0;0.0;1.0;0.0;1.0;0.0;1.0;0.0;1.0;0.0;1.0;0.0;1.0;0.0;1.0;0.0;1.0;0.0;1.0;0.0;1.0;0.0;0.0;0.0;0.0;1.0;0.0
0.108317636;0.0;0.24926455;0.0;0.25867742;0.0;0.30735558;0.0;0.30872393;0.0;0.26377833;0.0;0.65955514;0.0;0.117123365;0.0;0.08053186;0.0;0.16566582;0.0;0.15171242;0.0;0.0;0.0;0.07495577;0.0;0.09181489;0.0;0.0;0.0;0.14485087;0.0;0.16027808;0.0;0.20665924;0.0;1.0;0.0;1.0;0.0;1.0;0.0;1.0;0.0;1.0;0.0;1.0;0.0;1.0;0.0;1.0;0.0;1.0;0.0;1.0;0.0;1.0;0.0;1.0;0.0;1.0;0.0;1.0;0.0;1.0;0.0;1.0;0.0;1.0;0.0;1.0;0.0;0.0;0.0;0.0;1.0;0.0
0.26818627;0.0;0.24880886;0.0;0.26145303;0.0;0.25329512;0.0;0.3018033;0.0;0.26166087;0.0;0.6623882;0.0;0.109364375;0.0;0.083604135;0.0;0.16322891;0.0;0.15143505;0.0;0.15913084;0.0;0.07156185;0.0;0.096886784;0.0;0.0;0.0;0.14547305;0.0;0.16315456;0.0;0.20003931;0.0;1.0;0.0;1.0;0.0;1.0;0.0;1.0;0.0;1.0;0.0;1.0;0.0;1.0;0.0;1.0;0.0;1.0;0.0;1.0;0.0;1.0;0.0;1.0;0.0;1.0;0.0;1.0;0.0;1.0;0.0;1.0;0.0;1.0;0.0;1.0;0.0;0.0;0.0;0.0;1.0;0.0
0.26461622;0.0;0.24865723;0.0;0.26461476;0.0;0.24260576;0.0;0.09731321;0.0;0.2598912;0.0;0.25989053;0.0;0.102686845;0.0;0.087030366;0.0;0.0;0.0;0.15134278;0.0;0.16105518;0.0;0.068541855;0.0;0.16634396;0.0;0.14627996;0.0;0.1462796;0.0;0.16634253;0.0;0.19405942;0.0;1.0;0.0;1.0;0.0;1.0;0.0;1.0;0.0;1.0;0.0;1.0;0.0;1.0;0.0;1.0;0.0;1.0;0.0;1.0;0.0;1.0;0.0;1.0;0.0;1.0;0.0;1.0;0.0;1.0;0.0;1.0;0.0;1.0;0.0;1.0;0.0;0.0;0.0;0.0;1.0;0.0
0.26145434;0.0;0.24880874;0.0;0.2681846;0.0;0.23305447;0.0;0.10364107;0.0;0.2584581;0.0;0.26166004;0.0;0.1838832;0.0;0.09086485;0.0;0.0;0.0;0.15143499;0.0;0.16322795;0.0;0.06584341;0.0;0.16315584;0.0;0.14547335;0.0;0.0;0.0;0.09182117;0.0;0.18864983;0.0;1.0;0.0;1.0;0.0;1.0;0.0;1.0;0.0;1.0;0.0;1.0;0.0;1.0;0.0;1.0;0.0;1.0;0.0;1.0;0.0;1.0;0.0;1.0;0.0;1.0;0.0;1.0;0.0;1.0;0.0;1.0;0.0;1.0;0.0;1.0;0.0;0.0;0.0;0.0;1.0;0.0
0.2586786;0.0;0.24926428;0.0;0.27218825;0.0;0.22448993;0.0;0.11099374;0.0;0.6595562;0.0;0.26377735;0.0;0.18809971;0.0;0.095174104;0.0;0.0;0.0;0.15171225;0.0;0.1656647;0.0;0.07137431;0.0;0.16027923;0.0;0.14485109;0.0;0.0;0.0;0.087014295;0.0;0.18375146;0.0;1.0;0.0;1.0;0.0;1.0;0.0;1.0;0.0;1.0;0.0;1.0;0.0;1.0;0.0;1.0;0.0;1.0;0.0;1.0;0.0;1.0;0.0;1.0;0.0;1.0;0.0;1.0;0.0;1.0;0.0;1.0;0.0;1.0;0.0;1.0;0.0;0.0;0.0;0.0;1.0;0.0
0.25627005;0.0;0.25002667;0.0;0.12761673;0.0;0.21399868;0.0;0.1196262;0.0;0.0;0.0;0.26625627;0.0;0.19275446;0.0;0.100040376;0.0;0.0;0.0;0.15217629;0.0;0.1683836;0.0;0.07391021;0.0;0.15769109;0.0;0.14440931;0.0;0.0;0.0;0.08278151;0.0;0.17931397;0.0;1.0;0.0;1.0;0.0;1.0;0.0;1.0;0.0;1.0;0.0;9.0;0.0;1.0;0.0;1.0;0.0;1.0;0.0;1.0;0.0;1.0;0.0;1.0;0.0;1.0;0.0;1.0;0.0;1.0;0.0;1.0;0.0;1.0;0.0;1.0;0.0;0.0;0.0;0.0;1.0;0.0
0.25421283;0.0;0.25110063;0.0;0.119162545;0.0;0.22216268;0.0;0.27604383;0.0;0.65634257;0.0;0.26911318;0.0;0.19789265;0.0;0.10556664;0.0;0.15472414;0.0;0.15282993;0.0;0.17140554;0.0;0.076729864;0.0;0.1553715;0.0;0.14414531;0.0;0.0;0.0;0.07903325;0.0;0.17529428;0.0;1.0;0.0;1.0;0.0;1.0;0.0;1.0;0.0;1.0;0.0;9.0;0.0;1.0;0.0;1.0;0.0;1.0;0.0;1.0;0.0;1.0;0.0;1.0;0.0;1.0;0.0;1.0;0.0;1.0;0.0;1.0;0.0;1.0;0.0;1.0;0.0;0.0;0.0;0.0;1.0;0.0
0.0;0.0;0.0;0.0;0.11188676;0.0;0.23126724;0.0;0.2723692;0.0;0.65594256;0.0;0.2723675;0.0;0.2035671;0.0;0.17475644;0.0;0.1536777;0.0;0.0;0.0;0.088116206;0.0;0.079874374;0.0;0.15330324;0.0;0.14405747;0.0;0.1533023;0.0;0.07569794;0.0;0.08811366;0.0;1.0;0.0;1.0;0.0;1.0;0.0;1.0;0.0;1.0;0.0;9.0;0.0;1.0;0.0;1.0;0.0;1.0;0.0;1.0;0.0;1.0;0.0;1.0;0.0;1.0;0.0;1.0;0.0;1.0;0.0;1.0;0.0;1.0;0.0;1.0;0.0;0.0;0.0;0.0;1.0;0.0
0.0;0.0;0.0;0.0;0.10556954;0.0;0.24145666;0.0;0.26911467;0.0;0.65634215;0.0;0.27604195;0.0;0.20983978;0.0;0.17140707;0.0;0.15283029;0.0;0.0;0.0;0.083141096;0.0;0.08339356;0.0;0.0;0.0;0.14414522;0.0;0.15537046;0.0;0.07271777;0.0;0.093843296;0.0;1.0;0.0;1.0;0.0;1.0;0.0;1.0;0.0;1.0;0.0;9.0;0.0;1.0;0.0;1.0;0.0;1.0;0.0;1.0;0.0;1.0;0.0;1.0;0.0;1.0;0.0;1.0;0.0;1.0;0.0;1.0;0.0;1.0;0.0;1.0;0.0;0.0;0.0;0.0;1.0;0.0
0.25002712;0.0;0.25626895;0.0;0.29993296;0.0;0.2529077;0.0;0.26625755;0.0;0.0;0.0;0.12623353;0.0;0.2167838;0.0;0.168385;0.0;0.15217656;0.0;0.0;0.0;0.07878862;0.0;0.087348476;0.0;0.0;0.0;0.14440915;0.0;0.15768993;0.0;0.07004546;0.0;0.10050086;0.0;1.0;0.0;1.0;0.0;1.0;0.0;1.0;0.0;1.0;0.0;9.0;0.0;1.0;0.0;1.0;0.0;1.0;0.0;1.0;0.0;1.0;0.0;1.0;0.0;1.0;0.0;1.0;0.0;1.0;0.0;1.0;0.0;1.0;0.0;1.0;0.0;0.0;0.0;0.0;1.0;0.0
0.24926457;0.0;0.2586773;0.0;0.30735514;0.0;0.30872437;0.0;0.26377845;0.0;0.6595551;0.0;0.11712388;0.0;0.0805317;0.0;0.16566595;0.0;0.15171243;0.0;0.0;0.0;0.07495596;0.0;0.09181462;0.0;0.0;0.0;0.14485084;0.0;0.16027793;0.0;0.20665963;0.0;0.10831722;0.0;1.0;0.0;1.0;0.0;1.0;0.0;1.0;0.0;1.0;0.0;1.0;0.0;1.0;0.0;1.0;0.0;1.0;0.0;1.0;0.0;1.0;0.0;1.0;0.0;1.0;0.0;1.0;0.0;1.0;0.0;1.0;0.0;1.0;0.0;1.0;0.0;0.0;0.0;0.0;1.0;0.0
0.24880889;0.0;0.26145288;0.0;0.25329572;0.0;0.30180368;0.0;0.26166096;0.0;0.66238797;0.0;0.10936482;0.0;0.08360396;0.0;0.16322905;0.0;0.15143508;0.0;0.15913074;0.0;0.07156203;0.0;0.096886486;0.0;0.0;0.0;0.14547302;0.0;0.1631544;0.0;0.20003965;0.0;0.26818642;0.0;1.0;0.0;1.0;0.0;1.0;0.0;1.0;0.0;1.0;0.0;1.0;0.0;1.0;0.0;1.0;0.0;1.0;0.0;1.0;0.0;1.0;0.0;1.0;0.0;1.0;0.0;1.0;0.0;1.0;0.0;1.0;0.0;1.0;0.0;1.0;0.0;0.0;0.0;0.0;1.0;0.0
0.24865723;0.0;0.26461458;0.0;0.24260633;0.0;0.09731285;0.0;0.2598913;0.0;0.25989044;0.0;0.10268724;0.0;0.08703017;0.0;0.0;0.0;0.15134278;0.0;0.16105507;0.0;0.06854202;0.0;0.16634414;0.0;0.14628002;0.0;0.14627954;0.0;0.16634235;0.0;0.19405971;0.0;0.2646164;0.0;1.0;0.0;1.0;0.0;1.0;0.0;1.0;0.0;1.0;0.0;1.0;0.0;1.0;0.0;1.0;0.0;1.0;0.0;1.0;0.0;1.0;0.0;1.0;0.0;1.0;0.0;1.0;0.0;1.0;0.0;1.0;0.0;1.0;0.0;1.0;0.0;0.0;0.0;0.0;1.0;0.0
0.24880871;0.0;0.2681844;0.0;0.23305497;0.0;0.10364064;0.0;0.2584582;0.0;0.26165992;0.0;0.18388297;0.0;0.090864636;0.0;0.0;0.0;0.15143499;0.0;0.16322783;0.0;0.065843545;0.0;0.163156;0.0;0.14547339;0.0;0.0;0.0;0.09182145;0.0;0.18865012;0.0;0.2614545;0.0;1.0;0.0;1.0;0.0;1.0;0.0;1.0;0.0;1.0;0.0;1.0;0.0;1.0;0.0;1.0;0.0;1.0;0.0;1.0;0.0;1.0;0.0;1.0;0.0;1.0;0.0;1.0;0.0;1.0;0.0;1.0;0.0;1.0;0.0;1.0;0.0;0.0;0.0;0.0;1.0;0.0
0.24926424;0.0;0.272188;0.0;0.22449037;0.0;0.110993244;0.0;0.65955627;0.0;0.2637772;0.0;0.18809943;0.0;0.09517385;0.0;0.0;0.0;0.15171224;0.0;0.16566457;0.0;0.071374185;0.0;0.16027938;0.0;0.14485112;0.0;0.0;0.0;0.08701454;0.0;0.18375173;0.0;0.2586787;0.0;1.0;0.0;1.0;0.0;1.0;0.0;1.0;0.0;1.0;0.0;1.0;0.0;1.0;0.0;1.0;0.0;1.0;0.0;1.0;0.0;1.0;0.0;1.0;0.0;1.0;0.0;1.0;0.0;1.0;0.0;1.0;0.0;1.0;0.0;1.0;0.0;0.0;0.0;0.0;1.0;0.0
0.25002664;0.0;0.12761721;0.0;0.21399824;0.0;0.11962561;0.0;0.0;0.0;0.26625612;0.0;0.19275416;0.0;0.1000401;0.0;0.0;0.0;0.15217625;0.0;0.16838345;0.0;0.073910065;0.0;0.15769123;0.0;0.14440933;0.0;0.0;0.0;0.082781725;0.0;0.17931421;0.0;0.25627014;0.0;1.0;0.0;1.0;0.0;1.0;0.0;1.0;0.0;9.0;0.0;1.0;0.0;1.0;0.0;1.0;0.0;1.0;0.0;1.0;0.0;1.0;0.0;1.0;0.0;1.0;0.0;1.0;0.0;1.0;0.0;1.0;0.0;1.0;0.0;1.0;0.0;0.0;0.0;0.0;1.0;0.0
0.25110057;0.0;0.11916298;0.0;0.22216222;0.0;0.27604407;0.0;0.6563426;0.0;0.269113;0.0;0.19789232;0.0;0.10556632;0.0;0.1547242;0.0;0.15282989;0.0;0.17140538;0.0;0.07672971;0.0;0.15537162;0.0;0.14414532;0.0;0.0;0.0;0.07903344;0.0;0.17529449;0.0;0.25421292;0.0;1.0;0.0;1.0;0.0;1.0;0.0;1.0;0.0;9.0;0.0;1.0;0.0;1.0;0.0;1.0;0.0;1.0;0.0;1.0;0.0;1.0;0.0;1.0;0.0;1.0;0.0;1.0;0.0;1.0;0.0;1.0;0.0;1.0;0.0;1.0;0.0;0.0;0.0;0.0;1.0;0.0
0.0;0.0;0.11188712;0.0;0.2312667;0.0;0.27236938;0.0;0.65594256;0.0;0.2723673;0.0;0.20356674;0.0;0.17475662;0.0;0.15367776;0.0;0.0;0.0;0.0881165;0.0;0.07987419;0.0;0.15330334;0.0;0.14405747;0.0;0.1533022;0.0;0.07569812;0.0;0.08811336;0.0;0.0;0.0;1.0;0.0;1.0;0.0;1.0;0.0;1.0;0.0;9.0;0.0;1.0;0.0;1.0;0.0;1.0;0.0;1.0;0.0;1.0;0.0;1.0;0.0;1.0;0.0;1.0;0.0;1.0;0.0;1.0;0.0;1.0;0.0;1.0;0.0;1.0;0.0;0.0;0.0;0.0;1.0;0.0
0.0;0.0;0.10556986;0.0;0.24145608;0.0;0.26911485;0.0;0.65634215;0.0;0.27604175;0.0;0.20983937;0.0;0.17140725;0.0;0.15283033;0.0;0.0;0.0;0.08314135;0.0;0.08339336;0.0;0.0;0.0;0.14414522;0.0;0.15537034;0.0;0.07271792;0.0;0.09384296;0.0;0.0;0.0;1.0;0.0;1.0;0.0;1.0;0.0;1.0;0.0;9.0;0.0;1.0;0.0;1.0;0.0;1.0;0.0;1.0;0.0;1.0;0.0;1.0;0.0;1.0;0.0;1.0;0.0;1.0;0.0;1.0;0.0;1.0;0.0;1.0;0.0;1.0;0.0;0.0;0.0;0.0;1.0;0.0
0.25626883;0.0;0.29993257;0.0;0.252907;0.0;0.2662577;0.0;0.0;0.0;0.12623407;0.0;0.21678336;0.0;0.16838515;0.0;0.15217659;0.0;0.0;0.0;0.07878884;0.0;0.08734825;0.0;0.0;0.0;0.14440913;0.0;0.15768978;0.0;0.0700456;0.0;0.100500464;0.0;0.25002718;0.0;1.0;0.0;1.0;0.0;1.0;0.0;1.0;0.0;9.0;0.0;1.0;0.0;1.0;0.0;1.0;0.0;1.0;0.0;1.0;0.0;1.0;0.0;1.0;0.0;1.0;0.0;1.0;0.0;1.0;0.0;1.0;0.0;1.0;0.0;1.0;0.0;0.0;0.0;0.0;1.0;0.0
0.25867715;0.0;0.30735475;0.0;0.3087248;0.0;0.2637786;0.0;0.65955484;0.0;0.11712434;0.0;0.08053152;0.0;0.16566609;0.0;0.15171245;0.0;0.0;0.0;0.07495616;0.0;0.09181437;0.0;0.0;0.0;0.1448508;0.0;0.16027778;0.0;0.20666;0.0;0.10831676;0.0;0.2492646;0.0;1.0;0.0;1.0;0.0;1.0;0.0;1.0;0.0;1.0;0.0;1.0;0.0;1.0;0.0;1.0;0.0;1.0;0.0;1.0;0.0;1.0;0.0;1.0;0.0;1.0;0.0;1.0;0.0;1.0;0.0;1.0;0.0;1.0;0.0;1.0;0.0;0.0;0.0;0.0;1.0;0.0
0.26145273;0.0;0.25329635;0.0;0.30180404;0.0;0.26166108;0.0;0.66238785;0.0;0.1093652;0.0;0.08360376;0.0;0.16322917;0.0;0.15143509;0.0;0.15913062;0.0;0.0715622;0.0;0.096886195;0.0;0.0;0.0;0.14547297;0.0;0.16315423;0.0;0.20004001;0.0;0.26818663;0.0;0.24880889;0.0;1.0;0.0;1.0;0.0;1.0;0.0;1.0;0.0;1.0;0.0;1.0;0.0;1.0;0.0;1.0;0.0;1.0;0.0;1.0;0.0;1.0;0.0;1.0;0.0;1.0;0.0;1.0;0.0;1.0;0.0;1.0;0.0;1.0;0.0;1.0;0.0;0.0;0.0;0.0;1.0;0.0
0.2646144;0.0;0.24260685;0.0;0.097312525;0.0;0.2598914;0.0;0.25989035;0.0;0.102687575;0.0;0.08702995;0.0;0.0;0.0;0.15134278;0.0;0.16105494;0.0;0.06854217;0.0;0.16634431;0.0;0.14628008;0.0;0.14627948;0.0;0.16634217;0.0;0.19406004;0.0;0.26461655;0.0;0.24865723;0.0;1.0;0.0;1.0;0.0;1.0;0.0;1.0;0.0;1.0;0.0;1.0;0.0;1.0;0.0;1.0;0.0;1.0;0.0;1.0;0.0;1.0;0.0;1.0;0.0;1.0;0.0;1.0;0.0;1.0;0.0;1.0;0.0;1.0;0.0;1.0;0.0;0.0;0.0;0.0;1.0;0.0
0.26818419;0.0;0.2330555;0.0;0.10364028;0.0;0.25845826;0.0;0.2616598;0.0;0.18388274;0.0;0.090864375;0.0;0.0;0.0;0.15143496;0.0;0.16322766;0.0;0.06584369;0.0;0.16315617;0.0;0.14547345;0.0;0.0;0.0;0.09182172;0.0;0.1886504;0.0;0.26145464;0.0;0.2488087;0.0;1.0;0.0;1.0;0.0;1.0;0.0;1.0;0.0;1.0;0.0;1.0;0.0;1.0;0.0;1.0;0.0;1.0;0.0;1.0;0.0;1.0;0.0;1.0;0.0;1.0;0.0;1.0;0.0;1.0;0.0;1.0;0.0;1.0;0.0;1.0;0.0;0.0;0.0;0.0;1.0;0.0
0.27218777;0.0;0.22449088;0.0;0.11099281;0.0;0.6595565;0.0;0.26377708;0.0;0.18809919;0.0;0.095173575;0.0;0.0;0.0;0.15171221;0.0;0.16566442;0.0;0.07137405;0.0;0.16027953;0.0;0.14485115;0.0;0.0;0.0;0.08701479;0.0;0.18375197;0.0;0.25867885;0.0;0.24926421;0.0;1.0;0.0;1.0;0.0;1.0;0.0;1.0;0.0;1.0;0.0;1.0;0.0;1.0;0.0;1.0;0.0;1.0;0.0;1.0;0.0;1.0;0.0;1.0;0.0;1.0;0.0;1.0;0.0;1.0;0.0;1.0;0.0;1.0;0.0;1.0;0.0;0.0;0.0;0.0;1.0;0.0
0.12761772;0.0;0.21399777;0.0;0.11962511;0.0;0.0;0.0;0.26625597;0.0;0.1927539;0.0;0.10003978;0.0;0.0;0.0;0.15217622;0.0;0.16838327;0.0;0.073909916;0.0;0.15769136;0.0;0.14440936;0.0;0.0;0.0;0.08278195;0.0;0.17931443;0.0;0.2562703;0.0;0.25002658;0.0;1.0;0.0;1.0;0.0;1.0;0.0;9.0;0.0;1.0;0.0;1.0;0.0;1.0;0.0;1.0;0.0;1.0;0.0;1.0;0.0;1.0;0.0;1.0;0.0;1.0;0.0;1.0;0.0;1.0;0.0;1.0;0.0;1.0;0.0;1.0;0.0;0.0;0.0;0.0;1.0;0.0
0.11916341;0.0;0.22216168;0.0;0.27604428;0.0;0.6563426;0.0;0.26911286;0.0;0.19789203;0.0;0.105565965;0.0;0.15472427;0.0;0.15282984;0.0;0.17140517;0.0;0.07672954;0.0;0.15537174;0.0;0.14414534;0.0;0.0;0.0;0.079033636;0.0;0.1752947;0.0;0.25421304;0.0;0.2511005;0.0;1.0;0.0;1.0;0.0;1.0;0.0;9.0;0.0;1.0;0.0;1.0;0.0;1.0;0.0;1.0;0.0;1.0;0.0;1.0;0.0;1.0;0.0;1.0;0.0;1.0;0.0;1.0;0.0;1.0;0.0;1.0;0.0;1.0;0.0;1.0;0.0;0.0;0.0;0.0;1.0;0.0
0.1118875;0.0;0.23126611;0.0;0.27236956;0.0;0.65594256;0.0;0.27236715;0.0;0.2035664;0.0;0.17475684;0.0;0.1536778;0.0;0.0;0.0;0.088116825;0.0;0.07987401;0.0;0.15330344;0.0;0.14405747;0.0;0.15330204;0.0;0.075698294;0.0;0.088113084;0.0;0.0;0.0;0.0;0.0;1.0;0.0;1.0;0.0;1.0;0.0;9.0;0.0;1.0;0.0;1.0;0.0;1.0;0.0;1.0;0.0;1.0;0.0;1.0;0.0;1.0;0.0;1.0;0.0;1.0;0.0;1.0;0.0;1.0;0.0;1.0;0.0;1.0;0.0;1.0;0.0;0.0;0.0;0.0;1.0;0.0
0.10557018;0.0;0.2414554;0.0;0.26911503;0.0;0.6563421;0.0;0.27604154;0.0;0.20983899;0.0;0.17140745;0.0;0.15283038;0.0;0.0;0.0;0.08314164;0.0;0.083393164;0.0;0.0;0.0;0.14414522;0.0;0.15537019;0.0;0.07271807;0.0;0.093842626;0.0;0.0;0.0;0.0;0.0;1.0;0.0;1.0;0.0;1.0;0.0;9.0;0.0;1.0;0.0;1.0;0.0;1.0;0.0;1.0;0.0;1.0;0.0;1.0;0.0;1.0;0.0;1.0;0.0;1.0;0.0;1.0;0.0;1.0;0.0;1.0;0.0;1.0;0.0;1.0;0.0;0.0;0.0;0.0;1.0;0.0
0.29993218;0.0;0.25290626;0.0;0.26625785;0.0;0.0;0.0;0.1262346;0.0;0.21678296;0.0;0.16838533;0.0;0.15217662;0.0;0.0;0.0;0.07878909;0.0;0.08734802;0.0;0.0;0.0;0.1444091;0.0;0.15768963;0.0;0.07004573;0.0;0.10050007;0.0;0.25002724;0.0;0.2562687;0.0;1.0;0.0;1.0;0.0;1.0;0.0;9.0;0.0;1.0;0.0;1.0;0.0;1.0;0.0;1.0;0.0;1.0;0.0;1.0;0.0;1.0;0.0;1.0;0.0;1.0;0.0;1.0;0.0;1.0;0.0;1.0;0.0;1.0;0.0;1.0;0.0;0.0;0.0;0.0;1.0;0.0
0.3073543;0.0;0.3087252;0.0;0.26377875;0.0;0.6595547;0.0;0.11712481;0.0;0.08053136;0.0;0.16566625;0.0;0.15171248;0.0;0.0;0.0;0.07495638;0.0;0.0918141;0.0;0.0;0.0;0.14485078;0.0;0.16027759;0.0;0.20666039;0.0;0.10831629;0.0;0.24926464;0.0;0.258677;0.0;1.0;0.0;1.0;0.0;1.0;0.0;1.0;0.0;1.0;0.0;1.0;0.0;1.0;0.0;1.0;0.0;1.0;0.0;1.0;0.0;1.0;0.0;1.0;0.0;1.0;0.0;1.0;0.0;1.0;0.0;1.0;0.0;1.0;0.0;1.0;0.0;0.0;0.0;0.0;1.0;0.0
0.25329697;0.0;0.30180445;0.0;0.26166117;0.0;0.66238767;0.0;0.109365605;0.0;0.08360358;0.0;0.16322932;0.0;0.15143509;0.0;0.15913053;0.0;0.071562394;0.0;0.09688589;0.0;0.0;0.0;0.14547293;0.0;0.16315402;0.0;0.20004034;0.0;0.26818687;0.0;0.2488089;0.0;0.2614526;0.0;1.0;0.0;1.0;0.0;1.0;0.0;1.0;0.0;1.0;0.0;1.0;0.0;1.0;0.0;1.0;0.0;1.0;0.0;1.0;0.0;1.0;0.0;1.0;0.0;1.0;0.0;1.0;0.0;1.0;0.0;1.0;0.0;1.0;0.0;1.0;0.0;0.0;0.0;0.0;1.0;0.0
0.24260743;0.0;0.09731217;0.0;0.25989148;0.0;0.25989026;0.0;0.10268792;0.0;0.08702975;0.0;0.0;0.0;0.15134278;0.0;0.16105482;0.0;0.06854235;0.0;0.16634451;0.0;0.14628012;0.0;0.14627944;0.0;0.16634193;0.0;0.19406036;0.0;0.26461676;0.0;0.24865723;0.0;0.26461422;0.0;1.0;0.0;1.0;0.0;1.0;0.0;1.0;0.0;1.0;0.0;1.0;0.0;1.0;0.0;1.0;0.0;1.0;0.0;1.0;0.0;1.0;0.0;1.0;0.0;1.0;0.0;1.0;0.0;1.0;0.0;1.0;0.0;1.0;0.0;1.0;0.0;0.0;0.0;0.0;1.0;0.0
0.23305595;0.0;0.1036399;0.0;0.25845832;0.0;0.26165968;0.0;0.18388252;0.0;0.09086419;0.0;0.0;0.0;0.15143494;0.0;0.16322757;0.0;0.06584383;0.0;0.16315632;0.0;0.14547347;0.0;0.0;0.0;0.09182204;0.0;0.18865064;0.0;0.2614548;0.0;0.2488087;0.0;0.268184;0.0;1.0;0.0;1.0;0.0;1.0;0.0;1.0;0.0;1.0;0.0;1.0;0.0;1.0;0.0;1.0;0.0;1.0;0.0;1.0;0.0;1.0;0.0;1.0;0.0;1.0;0.0;1.0;0.0;1.0;0.0;1.0;0.0;1.0;0.0;1.0;0.0;0.0;0.0;0.0;1.0;0.0
0.22449121;0.0;0.11099243;0.0;0.65955657;0.0;0.263777;0.0;0.18809901;0.0;0.09517338;0.0;0.0;0.0;0.1517122;0.0;0.16566432;0.0;0.07137393;0.0;0.16027965;0.0;0.14485118;0.0;0.0;0.0;0.08701504;0.0;0.18375216;0.0;0.25867894;0.0;0.2492642;0.0;0.27218765;0.0;1.0;0.0;1.0;0.0;1.0;0.0;1.0;0.0;1.0;0.0;1.0;0.0;1.0;0.0;1.0;0.0;1.0;0.0;1.0;0.0;1.0;0.0;1.0;0.0;1.0;0.0;1.0;0.0;1.0;0.0;1.0;0.0;1.0;0.0;1.0;0.0;0.0;0.0;0.0;1.0;0.0
0.21399751;0.0;0.11962472;0.0;0.0;0.0;0.26625586;0.0;0.1927537;0.0;0.100039616;0.0;0.0;0.0;0.1521762;0.0;0.16838318;0.0;0.073909804;0.0;0.15769145;0.0;0.14440937;0.0;0.0;0.0;0.082782134;0.0;0.17931458;0.0;0.25627035;0.0;0.25002655;0.0;0.12761799;0.0;1.0;0.0;1.0;0.0;9.0;0.0;1.0;0.0;1.0;0.0;1.0;0.0;1.0;0.0;1.0;0.0;1.0;0.0;1.0;0.0;1.0;0.0;1.0;0.0;1.0;0.0;1.0;0.0;1.0;0.0;1.0;0.0;1.0;0.0;1.0;0.0;0.0;0.0;0.0;1.0;0.0
0.22216146;0.0;0.2760444;0.0;0.6563426;0.0;0.26911274;0.0;0.19789189;0.0;0.1055658;0.0;0.1547243;0.0;0.15282983;0.0;0.17140509;0.0;0.07672944;0.0;0.1553718;0.0;0.14414534;0.0;0.0;0.0;0.07903378;0.0;0.17529479;0.0;0.2542131;0.0;0.25110048;0.0;0.11916359;0.0;1.0;0.0;1.0;0.0;9.0;0.0;1.0;0.0;1.0;0.0;1.0;0.0;1.0;0.0;1.0;0.0;1.0;0.0;1.0;0.0;1.0;0.0;1.0;0.0;1.0;0.0;1.0;0.0;1.0;0.0;1.0;0.0;1.0;0.0;1.0;0.0;0.0;0.0;0.0;1.0;0.0
0.23126593;0.0;0.27236968;0.0;0.65594256;0.0;0.27236706;0.0;0.20356624;0.0;0.17475691;0.0;0.15367784;0.0;0.0;0.0;0.08811694;0.0;0.07987392;0.0;0.15330347;0.0;0.14405747;0.0;0.15330201;0.0;0.075698406;0.0;0.088112965;0.0;0.0;0.0;0.0;0.0;0.1118876;0.0;1.0;0.0;1.0;0.0;9.0;0.0;1.0;0.0;1.0;0.0;1.0;0.0;1.0;0.0;1.0;0.0;1.0;0.0;1.0;0.0;1.0;0.0;1.0;0.0;1.0;0.0;1.0;0.0;1.0;0.0;1.0;0.0;1.0;0.0;1.0;0.0;0.0;0.0;0.0;1.0;0.0
0.24145527;0.0;0.26911506;0.0;0.6563421;0.0;0.27604145;0.0;0.20983891;0.0;0.17140749;0.0;0.15283039;0.0;0.0;0.0;0.0831417;0.0;0.08339308;0.0;0.0;0.0;0.14414522;0.0;0.15537016;0.0;0.07271815;0.0;0.09384254;0.0;0.0;0.0;0.0;0.0;0.105570234;0.0;1.0;0.0;1.0;0.0;9.0;0.0;1.0;0.0;1.0;0.0;1.0;0.0;1.0;0.0;1.0;0.0;1.0;0.0;1.0;0.0;1.0;0.0;1.0;0.0;1.0;0.0;1.0;0.0;1.0;0.0;1.0;0.0;1.0;0.0;1.0;0.0;0.0;0.0;0.0;1.0;0.0
0.25290614;0.0;0.26625788;0.0;0.0;0.0;0.12623474;0.0;0.21678285;0.0;0.16838534;0.0;0.15217662;0.0;0.0;0.0;0.07878913;0.0;0.08734797;0.0;0.0;0.0;0.1444091;0.0;0.1576896;0.0;0.070045784;0.0;0.100500025;0.0;0.25002724;0.0;0.2562687;0.0;0.29993218;0.0;1.0;0.0;1.0;0.0;9.0;0.0;1.0;0.0;1.0;0.0;1.0;0.0;1.0;0.0;1.0;0.0;1.0;0.0;1.0;0.0;1.0;0.0;1.0;0.0;1.0;0.0;1.0;0.0;1.0;0.0;1.0;0.0;1.0;0.0;1.0;0.0;0.0;0.0;0.0;1.0;0.0
0.3087252;0.0;0.26377875;0.0;0.6595547;0.0;0.117124856;0.0;0.08053136;0.0;0.16566625;0.0;0.15171248;0.0;0.0;0.0;0.07495638;0.0;0.09181407;0.0;0.0;0.0;0.14485078;0.0;0.16027759;0.0;0.20666048;0.0;0.10831629;0.0;0.24926464;0.0;0.258677;0.0;0.30735436;0.0;1.0;0.0;1.0;0.0;1.0;0.0;1.0;0.0;1.0;0.0;1.0;0.0;1.0;0.0;1.0;0.0;1.0;0.0;1.0;0.0;1.0;0.0;1.0;0.0;1.0;0.0;1.0;0.0;1.0;0.0;1.0;0.0;1.0;0.0;1.0;0.0;0.0;0.0;0.0;1.0;0.0
0.3018044;0.0;0.26166117;0.0;0.66238767;0.0;0.109365605;0.0;0.08360358;0.0;0.1632293;0.0;0.15143509;0.0;0.15913054;0.0;0.07156237;0.0;0.09688589;0.0;0.0;0.0;0.14547293;0.0;0.16315404;0.0;0.20004039;0.0;0.26818684;0.0;0.2488089;0.0;0.26145262;0.0;0.25329685;0.0;1.0;0.0;1.0;0.0;1.0;0.0;1.0;0.0;1.0;0.0;1.0;0.0;1.0;0.0;1.0;0.0;1.0;0.0;1.0;0.0;1.0;0.0;1.0;0.0;1.0;0.0;1.0;0.0;1.0;0.0;1.0;0.0;1.0;0.0;1.0;0.0;0.0;0.0;0.0;1.0;0.0
0.09731225;0.0;0.25989145;0.0;0.25989026;0.0;0.10268787;0.0;0.0870298;0.0;0.0;0.0;0.15134278;0.0;0.16105486;0.0;0.06854231;0.0;0.1663445;0.0;0.14628011;0.0;0.14627945;0.0;0.16634199;0.0;0.19406036;0.0;0.2646167;0.0;0.24865723;0.0;0.26461428;0.0;0.24260724;0.0;1.0;0.0;1.0;0.0;1.0;0.0;1.0;0.0;1.0;0.0;1.0;0.0;1.0;0.0;1.0;0.0;1.0;0.0;1.0;0.0;1.0;0.0;1.0;0.0;1.0;0.0;1.0;0.0;1.0;0.0;1.0;0.0;1.0;0.0;1.0;0.0;0.0;0.0;0.0;1.0;0.0
0.10364;0.0;0.25845832;0.0;0.2616597;0.0;0.18388256;0.0;0.09086421;0.0;0.0;0.0;0.15143496;0.0;0.16322759;0.0;0.06584379;0.0;0.1631563;0.0;0.14547347;0.0;0.0;0.0;0.091821976;0.0;0.18865064;0.0;0.26145476;0.0;0.2488087;0.0;0.26818407;0.0;0.23305579;0.0;1.0;0.0;1.0;0.0;1.0;0.0;1.0;0.0;1.0;0.0;1.0;0.0;1.0;0.0;1.0;0.0;1.0;0.0;1.0;0.0;1.0;0.0;1.0;0.0;1.0;0.0;1.0;0.0;1.0;0.0;1.0;0.0;1.0;0.0;1.0;0.0;0.0;0.0;0.0;1.0;0.0
0.11099255;0.0;0.6595565;0.0;0.26377702;0.0;0.18809904;0.0;0.09517345;0.0;0.0;0.0;0.1517122;0.0;0.16566435;0.0;0.07137397;0.0;0.16027962;0.0;0.14485118;0.0;0.0;0.0;0.08701497;0.0;0.18375216;0.0;0.2586789;0.0;0.24926421;0.0;0.27218768;0.0;0.22449107;0.0;1.0;0.0;1.0;0.0;1.0;0.0;1.0;0.0;1.0;0.0;1.0;0.0;1.0;0.0;1.0;0.0;1.0;0.0;1.0;0.0;1.0;0.0;1.0;0.0;1.0;0.0;1.0;0.0;1.0;0.0;1.0;0.0;1.0;0.0;1.0;0.0;0.0;0.0;0.0;1.0;0.0
0.11962484;0.0;0.0;0.0;0.2662559;0.0;0.19275376;0.0;0.10003964;0.0;0.0;0.0;0.15217622;0.0;0.16838321;0.0;0.07390984;0.0;0.15769143;0.0;0.14440936;0.0;0.0;0.0;0.082782075;0.0;0.17931458;0.0;0.25627035;0.0;0.25002655;0.0;0.12761787;0.0;0.21399768;0.0;1.0;0.0;9.0;0.0;1.0;0.0;1.0;0.0;1.0;0.0;1.0;0.0;1.0;0.0;1.0;0.0;1.0;0.0;1.0;0.0;1.0;0.0;1.0;0.0;1.0;0.0;1.0;0.0;1.0;0.0;1.0;0.0;1.0;0.0;1.0;0.0;0.0;0.0;0.0;1.0;0.0
0.27604434;0.0;0.6563426;0.0;0.26911277;0.0;0.19789192;0.0;0.10556588;0.0;0.15472427;0.0;0.15282984;0.0;0.17140512;0.0;0.076729484;0.0;0.15537179;0.0;0.14414534;0.0;0.0;0.0;0.07903373;0.0;0.17529479;0.0;0.25421304;0.0;0.25110048;0.0;0.119163476;0.0;0.2221616;0.0;1.0;0.0;9.0;0.0;1.0;0.0;1.0;0.0;1.0;0.0;1.0;0.0;1.0;0.0;1.0;0.0;1.0;0.0;1.0;0.0;1.0;0.0;1.0;0.0;1.0;0.0;1.0;0.0;1.0;0.0;1.0;0.0;1.0;0.0;1.0;0.0;0.0;0.0;0.0;1.0;0.0
0.27236965;0.0;0.65594256;0.0;0.2723671;0.0;0.20356631;0.0;0.17475688;0.0;0.15367784;0.0;0.0;0.0;0.08811686;0.0;0.079873964;0.0;0.15330347;0.0;0.14405747;0.0;0.15330204;0.0;0.07569836;0.0;0.088112965;0.0;0.0;0.0;0.0;0.0;0.111887515;0.0;0.23126611;0.0;1.0;0.0;9.0;0.0;1.0;0.0;1.0;0.0;1.0;0.0;1.0;0.0;1.0;0.0;1.0;0.0;1.0;0.0;1.0;0.0;1.0;0.0;1.0;0.0;1.0;0.0;1.0;0.0;1.0;0.0;1.0;0.0;1.0;0.0;1.0;0.0;0.0;0.0;0.0;1.0;0.0
0.26911503;0.0;0.6563421;0.0;0.27604148;0.0;0.20983896;0.0;0.17140745;0.0;0.15283038;0.0;0.0;0.0;0.08314164;0.0;0.08339314;0.0;0.0;0.0;0.14414522;0.0;0.15537019;0.0;0.07271811;0.0;0.09384254;0.0;0.0;0.0;0.0;0.0;0.10557015;0.0;0.24145547;0.0;1.0;0.0;9.0;0.0;1.0;0.0;1.0;0.0;1.0;0.0;1.0;0.0;1.0;0.0;1.0;0.0;1.0;0.0;1.0;0.0;1.0;0.0;1.0;0.0;1.0;0.0;1.0;0.0;1.0;0.0;1.0;0.0;1.0;0.0;1.0;0.0;0.0;0.0;0.0;1.0;0.0
0.26625785;0.0;0.0;0.0;0.1262346;0.0;0.21678296;0.0;0.16838533;0.0;0.15217662;0.0;0.0;0.0;0.07878907;0.0;0.08734802;0.0;0.0;0.0;0.1444091;0.0;0.15768963;0.0;0.070045754;0.0;0.100500025;0.0;0.25002724;0.0;0.25626874;0.0;0.29993227;0.0;0.25290638;0.0;1.0;0.0;9.0;0.0;1.0;0.0;1.0;0.0;1.0;0.0;1.0;0.0;1.0;0.0;1.0;0.0;1.0;0.0;1.0;0.0;1.0;0.0;1.0;0.0;1.0;0.0;1.0;0.0;1.0;0.0;1.0;0.0;1.0;0.0;1.0;0.0;0.0;0.0;0.0;1.0;0.0
0.26377872;0.0;0.6595548;0.0;0.11712474;0.0;0.08053138;0.0;0.16566622;0.0;0.15171246;0.0;0.0;0.0;0.07495633;0.0;0.09181413;0.0;0.0;0.0;0.14485078;0.0;0.16027763;0.0;0.20666039;0.0;0.10831629;0.0;0.24926464;0.0;0.25867707;0.0;0.30735445;0.0;0.3087251;0.0;1.0;0.0;1.0;0.0;1.0;0.0;1.0;0.0;1.0;0.0;1.0;0.0;1.0;0.0;1.0;0.0;1.0;0.0;1.0;0.0;1.0;0.0;1.0;0.0;1.0;0.0;1.0;0.0;1.0;0.0;1.0;0.0;1.0;0.0;1.0;0.0;0.0;0.0;0.0;1.0;0.0
0.26166114;0.0;0.66238767;0.0;0.1093655;0.0;0.08360363;0.0;0.16322927;0.0;0.15143509;0.0;0.15913056;0.0;0.071562335;0.0;0.096885964;0.0;0.0;0.0;0.14547294;0.0;0.1631541;0.0;0.2000403;0.0;0.26818684;0.0;0.24880889;0.0;0.26145262;0.0;0.2532967;0.0;0.30180424;0.0;1.0;0.0;1.0;0.0;1.0;0.0;1.0;0.0;1.0;0.0;1.0;0.0;1.0;0.0;1.0;0.0;1.0;0.0;1.0;0.0;1.0;0.0;1.0;0.0;1.0;0.0;1.0;0.0;1.0;0.0;1.0;0.0;1.0;0.0;1.0;0.0;0.0;0.0;0.0;1.0;0.0
0.25989145;0.0;0.25989026;0.0;0.10268779;0.0;0.08702983;0.0;0.0;0.0;0.15134278;0.0;0.16105488;0.0;0.068542264;0.0;0.16634443;0.0;0.14628011;0.0;0.14627945;0.0;0.16634203;0.0;0.19406027;0.0;0.2646167;0.0;0.24865723;0.0;0.26461428;0.0;0.24260709;0.0;0.09731235;0.0;1.0;0.0;1.0;0.0;1.0;0.0;1.0;0.0;1.0;0.0;1.0;0.0;1.0;0.0;1.0;0.0;1.0;0.0;1.0;0.0;1.0;0.0;1.0;0.0;1.0;0.0;1.0;0.0;1.0;0.0;1.0;0.0;1.0;0.0;1.0;0.0;0.0;0.0;0.0;1.0;0.0
0.2584583;0.0;0.26165974;0.0;0.18388262;0.0;0.09086428;0.0;0.0;0.0;0.15143496;0.0;0.1632276;0.0;0.06584375;0.0;0.16315626;0.0;0.14547345;0.0;0.0;0.0;0.0918219;0.0;0.18865058;0.0;0.26145476;0.0;0.2488087;0.0;0.26818413;0.0;0.23305567;0.0;0.103640124;0.0;1.0;0.0;1.0;0.0;1.0;0.0;1.0;0.0;1.0;0.0;1.0;0.0;1.0;0.0;1.0;0.0;1.0;0.0;1.0;0.0;1.0;0.0;1.0;0.0;1.0;0.0;1.0;0.0;1.0;0.0;1.0;0.0;1.0;0.0;1.0;0.0;0.0;0.0;0.0;1.0;0.0
0.6595565;0.0;0.26377705;0.0;0.1880991;0.0;0.09517348;0.0;0.0;0.0;0.15171221;0.0;0.16566436;0.0;0.07137401;0.0;0.1602796;0.0;0.14485116;0.0;0.0;0.0;0.08701492;0.0;0.18375209;0.0;0.2586789;0.0;0.24926421;0.0;0.27218774;0.0;0.22449096;0.0;0.11099269;0.0;1.0;0.0;1.0;0.0;1.0;0.0;1.0;0.0;1.0;0.0;1.0;0.0;1.0;0.0;1.0;0.0;1.0;0.0;1.0;0.0;1.0;0.0;1.0;0.0;1.0;0.0;1.0;0.0;1.0;0.0;1.0;0.0;1.0;0.0;1.0;0.0;0.0;0.0;0.0;1.0;0.0
0.0;0.0;0.26625592;0.0;0.19275382;0.0;0.100039706;0.0;0.0;0.0;0.15217622;0.0;0.16838323;0.0;0.073909886;0.0;0.15769139;0.0;0.14440936;0.0;0.0;0.0;0.08278203;0.0;0.17931452;0.0;0.25627035;0.0;0.25002658;0.0;0.12761775;0.0;0.21399777;0.0;0.11962502;0.0;9.0;0.0;1.0;0.0;1.0;0.0;1.0;0.0;1.0;0.0;1.0;0.0;1.0;0.0;1.0;0.0;1.0;0.0;1.0;0.0;1.0;0.0;1.0;0.0;1.0;0.0;1.0;0.0;1.0;0.0;1.0;0.0;1.0;0.0;1.0;0.0;0.0;0.0;0.0;1.0;0.0
0.6563426;0.0;0.2691128;0.0;0.197892;0.0;0.10556592;0.0;0.15472427;0.0;0.15282984;0.0;0.17140515;0.0;0.07672952;0.0;0.15537176;0.0;0.14414534;0.0;0.0;0.0;0.07903369;0.0;0.17529474;0.0;0.25421304;0.0;0.2511005;0.0;0.11916337;0.0;0.22216173;0.0;0.27604428;0.0;9.0;0.0;1.0;0.0;1.0;0.0;1.0;0.0;1.0;0.0;1.0;0.0;1.0;0.0;1.0;0.0;1.0;0.0;1.0;0.0;1.0;0.0;1.0;0.0;1.0;0.0;1.0;0.0;1.0;0.0;1.0;0.0;1.0;0.0;1.0;0.0;0.0;0.0;0.0;1.0;0.0
0.65594256;0.0;0.27236712;0.0;0.2035664;0.0;0.17475684;0.0;0.15367782;0.0;0.0;0.0;0.088116825;0.0;0.07987401;0.0;0.15330344;0.0;0.14405747;0.0;0.15330207;0.0;0.07569831;0.0;0.08811304;0.0;0.0;0.0;0.0;0.0;0.11188742;0.0;0.23126623;0.0;0.27236956;0.0;9.0;0.0;1.0;0.0;1.0;0.0;1.0;0.0;1.0;0.0;1.0;0.0;1.0;0.0;1.0;0.0;1.0;0.0;1.0;0.0;1.0;0.0;1.0;0.0;1.0;0.0;1.0;0.0;1.0;0.0;1.0;0.0;1.0;0.0;1.0;0.0;1.0;0.0;0.0;0.0;0.0
0.6459427;0.0;0.26172554;0.0;0.19051267;0.0;0.17475684;0.0;0.15367782;0.0;0.15367715;0.0;0.17475432;0.0;0.07987401;0.0;0.16394511;0.0;0.15405731;0.0;0.16394363;0.0;0.07569831;0.0;0.1081123;0.0;0.0;0.0;0.0;0.0;0.0918873;0.0;0.23126623;0.0;0.2617279;0.0;9.0;0.0;1.0;0.0;1.0;0.0;1.0;0.0;1.0;0.0;1.0;0.0;1.0;0.0;1.0;0.0;1.0;0.0;1.0;0.0;1.0;0.0;1.0;0.0;1.0;0.0;1.0;0.0;1.0;0.0;1.0;0.0;1.0;0.0;1.0;0.0;1.0;0.0;0.0;0.0;0.0
0.6359428;0.0;0.25108397;0.0;0.17745893;0.0;0.07188413;0.0;0.0;0.0;0.15367715;0.0;0.17475432;0.0;0.07987401;0.0;0.17458677;0.0;0.16405717;0.0;0.17458521;0.0;0.07569831;0.0;0.12811157;0.0;0.2524937;0.0;0.25249264;0.0;0.28712264;0.0;0.23126623;0.0;0.25108624;0.0;9.0;0.0;1.0;0.0;1.0;0.0;1.0;0.0;1.0;0.0;1.0;0.0;1.0;0.0;1.0;0.0;1.0;0.0;1.0;0.0;1.0;0.0;1.0;0.0;1.0;0.0;1.0;0.0;1.0;0.0;1.0;0.0;1.0;0.0;1.0;0.0;1.0;0.0;0.0;0.0;0.0
0.625943;0.0;0.24044243;0.0;0.1644052;0.0;0.051884867;0.0;0.15367782;0.0;0.15367715;0.0;0.17475432;0.0;0.07987401;0.0;0.18522844;0.0;0.174057;0.0;0.18522677;0.0;0.07569831;0.0;0.14811084;0.0;0.2524937;0.0;0.25249264;0.0;0.28712264;0.0;0.23126623;0.0;0.24044459;0.0;9.0;0.0;1.0;0.0;1.0;0.0;1.0;0.0;1.0;0.0;1.0;0.0;1.0;0.0;1.0;0.0;1.0;0.0;1.0;0.0;1.0;0.0;1.0;0.0;1.0;0.0;1.0;0.0;1.0;0.0;1.0;0.0;1.0;0.0;1.0;0.0;1.0;0.0;0.0;0.0;0.0
0.61594313;0.0;0.22980085;0.0;0.15135145;0.0;0.0318856;0.0;0.15367782;0.0;0.15367715;0.0;0.17475432;0.0;0.10972955;0.0;0.1958701;0.0;0.18405685;0.0;0.19586834;0.0;0.24026668;0.0;0.1681101;0.0;0.2524937;0.0;0.25249264;0.0;0.28712264;0.0;0.23126623;0.0;0.22980292;0.0;9.0;0.0;1.0;0.0;1.0;0.0;1.0;0.0;1.0;0.0;1.0;0.0;1.0;0.0;1.0;0.0;1.0;0.0;1.0;0.0;1.0;0.0;1.0;0.0;1.0;0.0;1.0;0.0;1.0;0.0;1.0;0.0;1.0;0.0;1.0;0.0;1.0;0.0;0.0;0.0;0.0
0.6059433;0.0;0.21915928;0.0;0.1382977;0.0;0.011886341;0.0;0.15367782;0.0;0.15367715;0.0;0.0;0.0;0.122783564;0.0;0.20651177;0.0;0.1940567;0.0;0.20650992;0.0;0.2533204;0.0;0.18810937;0.0;0.2524937;0.0;0.25249264;0.0;0.28712264;0.0;0.23126623;0.0;0.21916124;0.0;9.0;0.0;1.0;0.0;1.0;0.0;1.0;0.0;1.0;0.0;1.0;0.0;1.0;0.0;1.0;0.0;1.0;0.0;1.0;0.0;1.0;0.0;1.0;0.0;1.0;0.0;1.0;0.0;1.0;0.0;1.0;0.0;1.0;0.0;1.0;0.0;1.0;0.0;0.0;0.0;0.0
0.59594345;0.0;0.20851772;0.0;0.12524398;0.0;0.0;0.0;0.15367782;0.0;0.15367715;0.0;0.0081132725;0.0;0.13583758;0.0;0.21715343;0.0;0.20405655;0.0;0.21715148;0.0;0.23127297;0.0;0.2871267;0.0;0.2524937;0.0;0.25249264;0.0;0.19189093;0.0;0.25578862;0.0;0.20851961;0.0;9.0;0.0;1.0;0.0;1.0;0.0;1.0;0.0;1.0;0.0;1.0;0.0;1.0;0.0;1.0;0.0;1.0;0.0;1.0;0.0;1.0;0.0;1.0;0.0;1.0;0.0;1.0;0.0;1.0;0.0;1.0;0.0;1.0;0.0;1.0;0.0;1.0;0.0;0.0;0.0;0.0
0.5859436;0.0;0.19787614;0.0;0.11219023;0.0;0.17475684;0.0;0.15367782;0.0;0.15367715;0.0;0.028113399;0.0;0.14889158;0.0;0.22779508;0.0;0.2140564;0.0;0.22779305;0.0;0.23127297;0.0;0.2871267;0.0;0.2524937;0.0;0.25249264;0.0;0.17189083;0.0;0.24273463;0.0;0.19787793;0.0;9.0;0.0;1.0;0.0;1.0;0.0;1.0;0.0;1.0;0.0;1.0;0.0;1.0;0.0;1.0;0.0;1.0;0.0;1.0;0.0;1.0;0.0;1.0;0.0;1.0;0.0;1.0;0.0;1.0;0.0;1.0;0.0;1.0;0.0;1.0;0.0;1.0;0.0;0.0;0.0;0.0
0.57594377;0.0;0.18723458;0.0;0.079876356;0.0;0.17475684;0.0;0.15367782;0.0;0.15367715;0.0;0.04811352;0.0;0.1619456;0.0;0.23843674;0.0;0.22405624;0.0;0.23843463;0.0;0.23127297;0.0;0.2871267;0.0;0.2524937;0.0;0.25249264;0.0;0.1518907;0.0;0.07569611;0.0;0.18723626;0.0;9.0;0.0;1.0;0.0;1.0;0.0;1.0;0.0;1.0;0.0;1.0;0.0;1.0;0.0;1.0;0.0;1.0;0.0;1.0;0.0;1.0;0.0;1.0;0.0;1.0;0.0;1.0;0.0;1.0;0.0;1.0;0.0;1.0;0.0;1.0;0.0;1.0;0.0;0.0;0.0;0.0
0.5659439;0.0;0.17659302;0.0;0.079876356;0.0;0.17475684;0.0;0.15367782;0.0;0.0;0.0;0.06811365;0.0;0.1749996;0.0;0.24907842;0.0;0.23405609;0.0;0.24907617;0.0;0.23127297;0.0;0.2871267;0.0;0.2524937;0.0;0.25249264;0.0;0.13189058;0.0;0.07569611;0.0;0.1765946;0.0;9.0;0.0;1.0;0.0;1.0;0.0;1.0;0.0;1.0;0.0;1.0;0.0;1.0;0.0;1.0;0.0;1.0;0.0;1.0;0.0;1.0;0.0;1.0;0.0;1.0;0.0;1.0;0.0;1.0;0.0;1.0;0.0;1.0;0.0;1.0;0.0;1.0;0.0;0.0;0.0;0.0
0.5559441;0.0;0.16595145;0.0;0.079876356;0.0;0.17475684;0.0;0.15367782;0.0;0.0;0.0;0.08811377;0.0;0.18805361;0.0;0.2597201;0.0;0.24405594;0.0;0.25971776;0.0;0.23127297;0.0;0.088109985;0.0;0.0;0.0;0.0;0.0;0.11189047;0.0;0.07569611;0.0;0.16595295;0.0;9.0;0.0;1.0;0.0;1.0;0.0;1.0;0.0;1.0;0.0;1.0;0.0;1.0;0.0;1.0;0.0;1.0;0.0;1.0;0.0;1.0;0.0;1.0;0.0;1.0;0.0;1.0;0.0;1.0;0.0;1.0;0.0;1.0;0.0;1.0;0.0;1.0;0.0;0.0;0.0;0.0
0.5459442;0.0;0.15530989;0.0;0.079876356;0.0;0.17475684;0.0;0.15367782;0.0;0.15367715;0.0;0.17475432;0.0;0.20110762;0.0;0.27036172;0.0;0.2540558;0.0;0.27035934;0.0;0.23127297;0.0;0.10810925;0.0;0.0;0.0;0.0;0.0;0.09189035;0.0;0.07569611;0.0;0.15531127;0.0;9.0;0.0;1.0;0.0;1.0;0.0;1.0;0.0;1.0;0.0;1.0;0.0;1.0;0.0;1.0;0.0;1.0;0.0;1.0;0.0;1.0;0.0;1.0;0.0;1.0;0.0;1.0;0.0;1.0;0.0;1.0;0.0;1.0;0.0;1.0;0.0;1.0;0.0;0.0;0.0;0.0
0.53594434;0.0;0.14466831;0.0;0.079876356;0.0;0.07188718;0.0;0.0;0.0;0.15367715;0.0;0.17475432;0.0;0.2141616;0.0;0.28100342;0.0;0.26405564;0.0;0.2810009;0.0;0.23127297;0.0;0.12810852;0.0;0.2524937;0.0;0.25249264;0.0;0.17165338;0.0;0.07569611;0.0;0.14466962;0.0;9.0;0.0;1.0;0.0;1.0;0.0;1.0;0.0;1.0;0.0;1.0;0.0;1.0;0.0;1.0;0.0;1.0;0.0;1.0;0.0;1.0;0.0;1.0;0.0;1.0;0.0;1.0;0.0;1.0;0.0;1.0;0.0;1.0;0.0;1.0;0.0;1.0;0.0;0.0;0.0;0.0
0.52594453;0.0;0.13402674;0.0;0.079876356;0.0;0.05188792;0.0;0.15367782;0.0;0.15367715;0.0;0.17475432;0.0;0.22721562;0.0;0.29164508;0.0;0.27405548;0.0;0.29164246;0.0;0.23127297;0.0;0.14810778;0.0;0.2524937;0.0;0.25249264;0.0;0.17165338;0.0;0.07569611;0.0;0.13402796;0.0;9.0;0.0;1.0;0.0;1.0;0.0;1.0;0.0;1.0;0.0;1.0;0.0;1.0;0.0;1.0;0.0;1.0;0.0;1.0;0.0;1.0;0.0;1.0;0.0;1.0;0.0;1.0;0.0;1.0;0.0;1.0;0.0;1.0;0.0;1.0;0.0;1.0;0.0;0.0;0.0;0.0
0.51594466;0.0;0.123385176;0.0;0.079876356;0.0;0.031888656;0.0;0.15367782;0.0;0.15367715;0.0;0.17475432;0.0;0.10972756;0.0;0.3022867;0.0;0.28405532;0.0;0.30228403;0.0;0.23127297;0.0;0.16810705;0.0;0.2524937;0.0;0.25249264;0.0;0.17165338;0.0;0.07569611;0.0;0.123386286;0.0;9.0;0.0;1.0;0.0;1.0;0.0;1.0;0.0;1.0;0.0;1.0;0.0;1.0;0.0;1.0;0.0;1.0;0.0;1.0;0.0;1.0;0.0;1.0;0.0;1.0;0.0;1.0;0.0;1.0;0.0;1.0;0.0;1.0;0.0;1.0;0.0;1.0;0.0;0.0;0.0;0.0
0.50594485;0.0;0.112743616;0.0;0.079876356;0.0;0.0118893925;0.0;0.15367782;0.0;0.15367715;0.0;0.0;0.0;0.122781575;0.0;0.31292838;0.0;0.29405516;0.0;0.3129256;0.0;0.23127297;0.0;0.18810631;0.0;0.2524937;0.0;0.25249264;0.0;0.17165338;0.0;0.07569611;0.0;0.11274463;0.0;9.0;0.0;1.0;0.0;1.0;0.0;1.0;0.0;1.0;0.0;1.0;0.0;1.0;0.0;1.0;0.0;1.0;0.0;1.0;0.0;1.0;0.0;1.0;0.0;1.0;0.0;1.0;0.0;1.0;0.0;1.0;0.0;1.0;0.0;1.0;0.0;1.0;0.0;0.0;0.0;0.0
0.49594498;0.0;0.10210204;0.0;0.079876356;0.0;0.0;0.0;0.15367782;0.0;0.15367715;0.0;0.008110221;0.0;0.13583557;0.0;0.32357007;0.0;0.30405504;0.0;0.32356715;0.0;0.26637214;0.0;0.2871267;0.0;0.2524937;0.0;0.25249264;0.0;0.17165338;0.0;0.07569611;0.0;0.10210297;0.0;9.0;0.0;1.0;0.0;1.0;0.0;1.0;0.0;1.0;0.0;1.0;0.0;1.0;0.0;1.0;0.0;1.0;0.0;1.0;0.0;1.0;0.0;1.0;0.0;1.0;0.0;1.0;0.0;1.0;0.0;1.0;0.0;1.0;0.0;1.0;0.0;1.0;0.0;0.0;0.0;0.0
0.48594514;0.0;0.09146048;0.0;0.079876356;0.0;0.05928595;0.0;0.15367782;0.0;0.15367715;0.0;0.028110346;0.0;0.14888959;0.0;0.33421174;0.0;0.31405488;0.0;0.14226899;0.0;0.27942592;0.0;0.2871267;0.0;0.2524937;0.0;0.25249264;0.0;0.17165338;0.0;0.07569611;0.0;0.0914613;0.0;9.0;0.0;1.0;0.0;1.0;0.0;1.0;0.0;1.0;0.0;1.0;0.0;1.0;0.0;1.0;0.0;1.0;0.0;1.0;0.0;1.0;0.0;1.0;0.0;1.0;0.0;1.0;0.0;1.0;0.0;1.0;0.0;1.0;0.0;1.0;0.0;1.0;0.0;0.0;0.0;0.0
0.4759453;0.0;0.08081891;0.0;0.09913849;0.0;0.05928595;0.0;0.15367782;0.0;0.15367715;0.0;0.04811047;0.0;0.1619436;0.0;0.15011115;0.0;0.32405472;0.0;0.14226899;0.0;0.29247963;0.0;0.2871267;0.0;0.2524937;0.0;0.25249264;0.0;0.05618413;0.0;0.09914054;0.0;0.080819644;0.0;9.0;0.0;1.0;0.0;1.0;0.0;1.0;0.0;1.0;0.0;1.0;0.0;1.0;0.0;1.0;0.0;1.0;0.0;1.0;0.0;1.0;0.0;1.0;0.0;1.0;0.0;1.0;0.0;1.0;0.0;1.0;0.0;1.0;0.0;1.0;0.0;1.0;0.0;0.0;0.0;0.0
0.46594542;0.0;0.07017735;0.0;0.08608475;0.0;0.05928595;0.0;0.15367782;0.0;0.0;0.0;0.0681106;0.0;0.1749976;0.0;0.15011115;0.0;0.33405456;0.0;0.14226899;0.0;0.30553338;0.0;0.2871267;0.0;0.2524937;0.0;0.25249264;0.0;0.05618413;0.0;0.08608653;0.0;0.07017798;0.0;9.0;0.0;1.0;0.0;1.0;0.0;1.0;0.0;1.0;0.0;1.0;0.0;1.0;0.0;1.0;0.0;1.0;0.0;1.0;0.0;1.0;0.0;1.0;0.0;1.0;0.0;1.0;0.0;1.0;0.0;1.0;0.0;1.0;0.0;1.0;0.0;1.0;0.0;0.0;0.0;0.0
0.45594558;0.0;0.05953578;0.0;0.073031016;0.0;0.05928595;0.0;0.15367782;0.0;0.0;0.0;0.08811072;0.0;0.18805161;0.0;0.15011115;0.0;0.3440544;0.0;0.14226899;0.0;0.31858712;0.0;0.08810694;0.0;0.0;0.0;0.0;0.0;0.05618413;0.0;0.07303252;0.0;0.059536316;0.0;9.0;0.0;1.0;0.0;1.0;0.0;1.0;0.0;1.0;0.0;1.0;0.0;1.0;0.0;1.0;0.0;1.0;0.0;1.0;0.0;1.0;0.0;1.0;0.0;1.0;0.0;1.0;0.0;1.0;0.0;1.0;0.0;1.0;0.0;1.0;0.0;1.0;0.0;0.0;0.0;0.0
0.44594574;0.0;0.04889421;0.0;0.05997728;0.0;0.05928595;0.0;0.15367782;0.0;0.15367715;0.0;0.17475432;0.0;0.20110562;0.0;0.15011115;0.0;0.35405427;0.0;0.14226899;0.0;0.33164087;0.0;0.108106196;0.0;0.0;0.0;0.0;0.0;0.05618413;0.0;0.059978515;0.0;0.04889465;0.0;9.0;0.0;1.0;0.0;1.0;0.0;1.0;0.0;1.0;0.0;1.0;0.0;1.0;0.0;1.0;0.0;1.0;0.0;1.0;0.0;1.0;0.0;1.0;0.0;1.0;0.0;1.0;0.0;1.0;0.0;1.0;0.0;1.0;0.0;1.0;0.0;1.0;0.0;0.0;0.0;0.0
0.4359459;0.0;0.35750452;0.0;0.04692354;0.0;0.05928595;0.0;0.0;0.0;0.15367715;0.0;0.17475432;0.0;0.21415964;0.0;0.15011115;0.0;0.3640541;0.0;0.14226899;0.0;0.34469458;0.0;0.12810546;0.0;0.2524937;0.0;0.1509502;0.0;0.05618413;0.0;0.04692451;0.0;0.038252987;0.0;9.0;0.0;1.0;0.0;1.0;0.0;1.0;0.0;1.0;0.0;1.0;0.0;1.0;0.0;1.0;0.0;1.0;0.0;1.0;0.0;1.0;0.0;1.0;0.0;1.0;0.0;1.0;0.0;1.0;0.0;1.0;0.0;1.0;0.0;1.0;0.0;1.0;0.0;0.0;0.0;0.0
0.42594606;0.0;0.34686297;0.0;0.033869803;0.0;0.05928595;0.0;0.05213493;0.0;0.15367715;0.0;0.17475432;0.0;0.22721365;0.0;0.15011115;0.0;0.37405396;0.0;0.14226899;0.0;0.35774833;0.0;0.14810473;0.0;0.2524937;0.0;0.04940774;0.0;0.05618413;0.0;0.0338705;0.0;0.45328432;0.0;9.0;0.0;1.0;0.0;1.0;0.0;1.0;0.0;1.0;0.0;1.0;0.0;1.0;0.0;1.0;0.0;1.0;0.0;1.0;0.0;1.0;0.0;1.0;0.0;1.0;0.0;1.0;0.0;1.0;0.0;1.0;0.0;1.0;0.0;1.0;0.0;1.0;0.0;0.0;0.0;0.0
0.4159462;0.0;0.3362214;0.0;0.020816065;0.0;0.05928595;0.0;0.05213493;0.0;0.15367715;0.0;0.17475432;0.0;0.10972557;0.0;0.15011115;0.0;0.3840538;0.0;0.14226899;0.0;0.37080207;0.0;0.168104;0.0;0.2524937;0.0;0.04940774;0.0;0.05618413;0.0;0.020816494;0.0;0.4426427;0.0;9.0;0.0;1.0;0.0;1.0;0.0;1.0;0.0;1.0;0.0;1.0;0.0;1.0;0.0;1.0;0.0;1.0;0.0;1.0;0.0;1.0;0.0;1.0;0.0;1.0;0.0;1.0;0.0;1.0;0.0;1.0;0.0;1.0;0.0;1.0;0.0;1.0;0.0;0.0;0.0;0.0
0.40594634;0.0;0.1501214;0.0;0.007762328;0.0;0.05928595;0.0;0.05213493;0.0;0.15367715;0.0;0.0;0.0;0.122779585;0.0;0.15011115;0.0;0.39405364;0.0;0.14226899;0.0;0.38385582;0.0;0.18810326;0.0;0.2524937;0.0;0.04940774;0.0;0.05618413;0.0;0.007762488;0.0;0.14225942;0.0;9.0;0.0;1.0;0.0;1.0;0.0;1.0;0.0;1.0;0.0;1.0;0.0;1.0;0.0;1.0;0.0;1.0;0.0;1.0;0.0;1.0;0.0;1.0;0.0;1.0;0.0;1.0;0.0;1.0;0.0;1.0;0.0;1.0;0.0;1.0;0.0;1.0;0.0;0.0;0.0;0.0
0.3959465;0.0;0.1501214;0.0;0.0;0.0;0.05928595;0.0;0.05213493;0.0;0.15367715;0.0;0.008107169;0.0;0.13583359;0.0;0.15011115;0.0;0.4040535;0.0;0.14226899;0.0;0.26637018;0.0;0.2871267;0.0;0.2524937;0.0;0.04940774;0.0;0.05618413;0.0;0.0;0.0;0.14225942;0.0;9.0;0.0;1.0;0.0;1.0;0.0;1.0;0.0;1.0;0.0;1.0;0.0;1.0;0.0;1.0;0.0;1.0;0.0;1.0;0.0;1.0;0.0;1.0;0.0;1.0;0.0;1.0;0.0;1.0;0.0;1.0;0.0;1.0;0.0;1.0;0.0;1.0;0.0;0.0;0.0;0.0
0.38594666;0.0;0.1501214;0.0;0.0;0.0;0.0;0.0;0.05213493;0.0;0.0;0.0;0.028107295;0.0;0.1488876;0.0;0.15011115;0.0;0.41405335;0.0;0.44062442;0.0;0.2794239;0.0;0.2871267;0.0;0.0;0.0;0.04940774;0.0;0.05618413;0.0;0.0;0.0;0.14225942;0.0;9.0;0.0;1.0;0.0;1.0;0.0;1.0;0.0;1.0;0.0;1.0;0.0;1.0;0.0;1.0;0.0;1.0;0.0;1.0;0.0;1.0;0.0;1.0;0.0;1.0;0.0;1.0;0.0;1.0;0.0;1.0;0.0;1.0;0.0;1.0;0.0;1.0;0.0;0.0;0.0;0.0
0.37594682;0.0;0.1501214;0.0;0.0;0.0;0.0;0.0;0.05213493;0.0;0.0;0.0;0.04810742;0.0;0.1619416;0.0;0.34485176;0.0;0.4240532;0.0;0.451266;0.0;0.29247767;0.0;0.2871267;0.0;0.0;0.0;0.04940774;0.0;0.0;0.0;0.0;0.0;0.14225942;0.0;9.0;0.0;1.0;0.0;1.0;0.0;1.0;0.0;1.0;0.0;1.0;0.0;1.0;0.0;1.0;0.0;1.0;0.0;1.0;0.0;1.0;0.0;1.0;0.0;1.0;0.0;1.0;0.0;1.0;0.0;1.0;0.0;1.0;0.0;1.0;0.0;1.0;0.0;0.0;0.0;0.0
0.36594695;0.0;0.1501214;0.0;0.0;0.0;0.0;0.0;0.05213493;0.0;0.052134704;0.0;0.0;0.0;0.17499562;0.0;0.35549343;0.0;0.43405303;0.0;0.46190754;0.0;0.30553138;0.0;0.0;0.0;0.04940795;0.0;0.04940774;0.0;0.0;0.0;0.0;0.0;0.14225942;0.0;9.0;0.0;1.0;0.0;1.0;0.0;1.0;0.0;1.0;0.0;1.0;0.0;1.0;0.0;1.0;0.0;1.0;0.0;1.0;0.0;1.0;0.0;1.0;0.0;1.0;0.0;1.0;0.0;1.0;0.0;1.0;0.0;1.0;0.0;1.0;0.0;1.0;0.0;0.0;0.0;0.0
0.3559471;0.0;0.1501214;0.0;0.20357236;0.0;0.0;0.0;0.05213493;0.0;0.052134704;0.0;0.0;0.0;0.18804963;0.0;0.3661351;0.0;0.44405288;0.0;0.4725491;0.0;0.31858513;0.0;0.0;0.0;0.04940795;0.0;0.04940774;0.0;0.0;0.0;0.38683635;0.0;0.14225942;0.0;9.0;0.0;1.0;0.0;9.0;0.0;1.0;0.0;1.0;0.0;1.0;0.0;1.0;0.0;1.0;0.0;1.0;0.0;1.0;0.0;1.0;0.0;1.0;0.0;1.0;0.0;1.0;0.0;1.0;0.0;1.0;0.0;1.0;0.0;1.0;0.0;1.0;0.0;0.0;0.0;0.0
0.34594727;0.0;0.1501214;0.0;0.19051865;0.0;0.0;0.0;0.05213493;0.0;0.052134704;0.0;0.0;0.0;0.20110364;0.0;0.37677675;0.0;0.45405275;0.0;0.4831907;0.0;0.33163887;0.0;0.0;0.0;0.04940795;0.0;0.04940774;0.0;0.0;0.0;0.38683635;0.0;0.14225942;0.0;9.0;0.0;1.0;0.0;9.0;0.0;1.0;0.0;1.0;0.0;1.0;0.0;1.0;0.0;1.0;0.0;1.0;0.0;1.0;0.0;1.0;0.0;1.0;0.0;1.0;0.0;1.0;0.0;1.0;0.0;1.0;0.0;1.0;0.0;1.0;0.0;1.0;0.0;0.0;0.0;0.0
0.33594742;0.0;0.1501214;0.0;0.1774649;0.0;0.0;0.0;0.05213493;0.0;0.052134704;0.0;0.0;0.0;0.0;0.0;0.38741842;0.0;0.4640526;0.0;0.49383226;0.0;0.0;0.0;0.0;0.0;0.04940795;0.0;0.04940774;0.0;0.0;0.0;0.38683635;0.0;0.14225942;0.0;9.0;0.0;1.0;0.0;9.0;0.0;1.0;0.0;1.0;0.0;1.0;0.0;1.0;0.0;1.0;0.0;1.0;0.0;1.0;0.0;1.0;0.0;1.0;0.0;1.0;0.0;1.0;0.0;1.0;0.0;1.0;0.0;1.0;0.0;1.0;0.0;1.0;0.0;0.0;0.0;0.0
0.32594758;0.0;0.1501214;0.0;0.16441116;0.0;0.05189402;0.0;0.0;0.0;0.052134704;0.0;0.0;0.0;0.0;0.0;0.39806008;0.0;0.47405243;0.0;0.5044738;0.0;0.0;0.0;0.0;0.0;0.04940795;0.0;0.0;0.0;0.6335304;0.0;0.38683635;0.0;0.14225942;0.0;9.0;0.0;1.0;0.0;9.0;0.0;1.0;0.0;1.0;0.0;1.0;0.0;1.0;0.0;1.0;0.0;1.0;0.0;1.0;0.0;1.0;0.0;1.0;0.0;1.0;0.0;1.0;0.0;1.0;0.0;1.0;0.0;1.0;0.0;1.0;0.0;1.0;0.0;0.0;0.0;0.0
0.3159477;0.0;0.1501214;0.0;0.15135743;0.0;0.03189476;0.0;0.0;0.0;0.052134704;0.0;0.0;0.0;0.0;0.0;0.40870175;0.0;0.48405227;0.0;0.5151154;0.0;0.0;0.0;0.0;0.0;0.04940795;0.0;0.0;0.0;0.6335304;0.0;0.38683635;0.0;0.14225942;0.0;9.0;0.0;1.0;0.0;9.0;0.0;1.0;0.0;1.0;0.0;1.0;0.0;1.0;0.0;1.0;0.0;1.0;0.0;1.0;0.0;1.0;0.0;1.0;0.0;1.0;0.0;1.0;0.0;1.0;0.0;1.0;0.0;1.0;0.0;1.0;0.0;1.0;0.0;0.0;0.0;0.0
0.30594787;0.0;0.32558146;0.0;0.13830368;0.0;0.0118954955;0.0;0.15367782;0.0;0.052134704;0.0;0.059285097;0.0;0.0;0.0;0.4193434;0.0;0.4940521;0.0;0.52575696;0.0;0.0;0.0;0.056184925;0.0;0.04940795;0.0;1.0;0.0;0.6335304;0.0;0.39939064;0.0;0.32558438;0.0;9.0;0.0;1.0;0.0;9.0;0.0;1.0;0.0;1.0;0.0;1.0;0.0;1.0;0.0;1.0;0.0;1.0;0.0;1.0;0.0;1.0;0.0;1.0;0.0;1.0;0.0;1.0;0.0;1.0;0.0;1.0;0.0;1.0;0.0;1.0;0.0;1.0;0.0;0.0;0.0;0.0
0.29594803;0.0;0.3149399;0.0;0.12524995;0.0;0.0;0.0;0.15367782;0.0;0.052134704;0.0;0.059285097;0.0;0.0052895276;0.0;0.42998505;0.0;0.504052;0.0;0.53639853;0.0;0.005289418;0.0;0.056184925;0.0;0.04940795;0.0;0.55258036;0.0;0.6335304;0.0;0.23126623;0.0;0.31494272;0.0;9.0;0.0;1.0;0.0;9.0;0.0;1.0;0.0;1.0;0.0;1.0;0.0;1.0;0.0;1.0;0.0;1.0;0.0;1.0;0.0;1.0;0.0;1.0;0.0;1.0;0.0;1.0;0.0;1.0;0.0;1.0;0.0;1.0;0.0;1.0;0.0;1.0;0.0;0.0;0.0;0.0
0.2859482;0.0;0.3042983;0.0;0.11219622;0.0;0.17475684;0.0;0.15367782;0.0;0.052134704;0.0;0.059285097;0.0;0.018343534;0.0;0.4406267;0.0;0.5140518;0.0;0.5470401;0.0;0.018343156;0.0;0.056184925;0.0;0.04940795;0.0;0.49498963;0.0;0.6335304;0.0;0.23126623;0.0;0.30430105;0.0;9.0;0.0;1.0;0.0;9.0;0.0;9.0;0.0;1.0;0.0;1.0;0.0;1.0;0.0;1.0;0.0;1.0;0.0;1.0;0.0;1.0;0.0;1.0;0.0;1.0;0.0;1.0;0.0;1.0;0.0;1.0;0.0;1.0;0.0;1.0;0.0;1.0;0.0;0.0;0.0;0.0
0.27594835;0.0;0.29365677;0.0;0.22968185;0.0;0.17475684;0.0;0.15367782;0.0;0.052134704;0.0;0.059285097;0.0;0.031397544;0.0;0.34485012;0.0;0.52405167;0.0;0.5576817;0.0;0.031396896;0.0;0.056184925;0.0;0.04940795;0.0;1.0;0.0;0.6335304;0.0;0.23126623;0.0;0.2936594;0.0;9.0;0.0;1.0;0.0;1.0;0.0;9.0;0.0;1.0;0.0;1.0;0.0;1.0;0.0;1.0;0.0;1.0;0.0;1.0;0.0;1.0;0.0;1.0;0.0;1.0;0.0;1.0;0.0;1.0;0.0;1.0;0.0;1.0;0.0;1.0;0.0;1.0;0.0;0.0;0.0;0.0
0.26594847;0.0;0.2830152;0.0;0.2166281;0.0;0.17475684;0.0;0.15367782;0.0;0.0;0.0;0.059285097;0.0;0.04445155;0.0;0.35549182;0.0;0.53405154;0.0;0.036236703;0.0;0.044450633;0.0;0.056184925;0.0;0.15095083;0.0;1.0;0.0;0.53190815;0.0;0.23126623;0.0;0.28301772;0.0;9.0;0.0;1.0;0.0;1.0;0.0;9.0;0.0;1.0;0.0;1.0;0.0;1.0;0.0;1.0;0.0;1.0;0.0;1.0;0.0;1.0;0.0;1.0;0.0;1.0;0.0;1.0;0.0;1.0;0.0;1.0;0.0;1.0;0.0;1.0;0.0;1.0;0.0;0.0;0.0;0.0
0.25594863;0.0;0.27237362;0.0;0.20357437;0.0;0.17475684;0.0;0.15367782;0.0;0.0;0.0;0.059285097;0.0;0.05750556;0.0;0.046878688;0.0;0.54405135;0.0;0.04687827;0.0;0.057504375;0.0;0.056184925;0.0;0.2524937;0.0;1.0;0.0;0.40259185;0.0;0.23126623;0.0;0.27237606;0.0;9.0;0.0;1.0;0.0;1.0;0.0;9.0;0.0;1.0;0.0;1.0;0.0;1.0;0.0;1.0;0.0;1.0;0.0;1.0;0.0;1.0;0.0;1.0;0.0;1.0;0.0;1.0;0.0;1.0;0.0;1.0;0.0;1.0;0.0;1.0;0.0;1.0;0.0;0.0;0.0;0.0
0.24594879;0.0;0.26173204;0.0;0.19052063;0.0;0.17475684;0.0;0.15367782;0.0;0.15367715;0.0;0.059285097;0.0;0.07055957;0.0;0.057520352;0.0;0.5540512;0.0;0.057519842;0.0;0.070558116;0.0;0.056184925;0.0;0.2524937;0.0;1.0;0.0;0.40259185;0.0;0.23126623;0.0;0.2617344;0.0;9.0;0.0;1.0;0.0;1.0;0.0;9.0;0.0;1.0;0.0;1.0;0.0;1.0;0.0;1.0;0.0;1.0;0.0;1.0;0.0;1.0;0.0;1.0;0.0;1.0;0.0;1.0;0.0;1.0;0.0;1.0;0.0;1.0;0.0;1.0;0.0;1.0;0.0;0.0;0.0;0.0
0.23594895;0.0;0.25109047;0.0;0.1774669;0.0;0.07189634;0.0;0.0;0.0;0.15367715;0.0;0.059285097;0.0;0.083613575;0.0;0.06816202;0.0;0.56405103;0.0;0.06816141;0.0;0.08361185;0.0;0.056184925;0.0;0.35403663;0.0;1.0;0.0;0.40259185;0.0;0.23126623;0.0;0.25109273;0.0;9.0;0.0;1.0;0.0;1.0;0.0;9.0;0.0;1.0;0.0;1.0;0.0;1.0;0.0;1.0;0.0;1.0;0.0;1.0;0.0;1.0;0.0;1.0;0.0;1.0;0.0;1.0;0.0;1.0;0.0;1.0;0.0;1.0;0.0;1.0;0.0;1.0;0.0;0.0;0.0;0.0
0.2259491;0.0;0.2404489;0.0;0.16441315;0.0;0.05189707;0.0;0.15367782;0.0;0.15367715;0.0;0.059285097;0.0;0.09666758;0.0;0.07880368;0.0;0.5740509;0.0;0.07880297;0.0;0.09666559;0.0;0.056184925;0.0;0.35403663;0.0;1.0;0.0;0.40259185;0.0;0.23126623;0.0;0.24045107;0.0;9.0;0.0;1.0;0.0;1.0;0.0;9.0;0.0;9.0;0.0;1.0;0.0;1.0;0.0;1.0;0.0;1.0;0.0;1.0;0.0;1.0;0.0;1.0;0.0;1.0;0.0;1.0;0.0;1.0;0.0;1.0;0.0;1.0;0.0;1.0;0.0;1.0;0.0;0.0;0.0;0.0
0.21594925;0.0;0.22980735;0.0;0.15135941;0.0;0.03189781;0.0;0.15367782;0.0;0.15367715;0.0;0.059285097;0.0;0.07987401;0.0;0.089445345;0.0;0.5840508;0.0;0.08944454;0.0;0.07569831;0.0;0.056184925;0.0;0.55712235;0.0;1.0;0.0;0.40259185;0.0;0.23126623;0.0;0.2298094;0.0;9.0;0.0;1.0;0.0;1.0;0.0;9.0;0.0;9.0;0.0;1.0;0.0;1.0;0.0;1.0;0.0;1.0;0.0;1.0;0.0;1.0;0.0;1.0;0.0;1.0;0.0;1.0;0.0;1.0;0.0;1.0;0.0;1.0;0.0;1.0;0.0;1.0;0.0;0.0;0.0;0.0
0.2059494;0.0;0.21916577;0.0;0.13830568;0.0;0.0118985465;0.0;0.15367782;0.0;0.15367715;0.0;0.0;0.0;0.07987401;0.0;0.10008701;0.0;0.5940506;0.0;0.100086115;0.0;0.07569831;0.0;0.1716558;0.0;0.55712235;0.0;1.0;0.0;0.40259185;0.0;0.23126623;0.0;0.21916775;0.0;9.0;0.0;1.0;0.0;1.0;0.0;9.0;0.0;9.0;0.0;1.0;0.0;1.0;0.0;1.0;0.0;1.0;0.0;1.0;0.0;1.0;0.0;1.0;0.0;1.0;0.0;1.0;0.0;1.0;0.0;1.0;0.0;1.0;0.0;1.0;0.0;1.0;0.0;0.0;0.0;0.0
0.19594955;0.0;0.2085242;0.0;0.12525193;0.0;0.0;0.0;0.15367782;0.0;0.15367715;0.0;0.008101066;0.0;0.07987401;0.0;0.110728666;0.0;0.60405046;0.0;0.11072768;0.0;0.07569831;0.0;0.1716558;0.0;0.55712235;0.0;0.5525892;0.0;0.28712264;0.0;0.25579658;0.0;0.20852609;0.0;9.0;0.0;1.0;0.0;1.0;0.0;9.0;0.0;9.0;0.0;1.0;0.0;1.0;0.0;1.0;0.0;1.0;0.0;1.0;0.0;1.0;0.0;1.0;0.0;1.0;0.0;1.0;0.0;1.0;0.0;1.0;0.0;1.0;0.0;1.0;0.0;1.0;0.0;0.0;0.0;0.0
0.18594971;0.0;0.19788264;0.0;0.11219821;0.0;0.17475684;0.0;0.15367782;0.0;0.15367715;0.0;0.02810119;0.0;0.07987401;0.0;0.12137034;0.0;0.61405027;0.0;0.12136924;0.0;0.07569831;0.0;0.1716558;0.0;0.55712235;0.0;0.4949984;0.0;0.28712264;0.0;0.24274258;0.0;0.19788443;0.0;9.0;0.0;1.0;0.0;1.0;0.0;1.0;0.0;9.0;0.0;1.0;0.0;1.0;0.0;1.0;0.0;1.0;0.0;1.0;0.0;1.0;0.0;1.0;0.0;1.0;0.0;1.0;0.0;1.0;0.0;1.0;0.0;1.0;0.0;1.0;0.0;1.0;0.0;0.0;0.0;0.0
0.17594986;0.0;0.18724108;0.0;0.079876356;0.0;0.17475684;0.0;0.15367782;0.0;0.15367715;0.0;0.048101313;0.0;0.07987401;0.0;0.132012;0.0;0.62405014;0.0;0.13201082;0.0;0.07569831;0.0;0.1716558;0.0;0.6586653;0.0;1.0;0.0;0.28712264;0.0;0.07569611;0.0;0.18724276;0.0;9.0;0.0;1.0;0.0;1.0;0.0;1.0;0.0;9.0;0.0;1.0;0.0;1.0;0.0;1.0;0.0;1.0;0.0;1.0;0.0;1.0;0.0;1.0;0.0;1.0;0.0;1.0;0.0;1.0;0.0;1.0;0.0;1.0;0.0;1.0;0.0;1.0;0.0;0.0;0.0;0.0
0.16595002;0.0;0.17659952;0.0;0.079876356;0.0;0.17475684;0.0;0.15367782;0.0;0.0;0.0;0.06810144;0.0;0.07987401;0.0;0.14265366;0.0;0.63405;0.0;0.14265238;0.0;0.07569831;0.0;0.1716558;0.0;1.0;0.0;1.0;0.0;0.28712264;0.0;0.07569611;0.0;0.1766011;0.0;9.0;0.0;1.0;0.0;1.0;0.0;1.0;0.0;9.0;0.0;9.0;0.0;1.0;0.0;1.0;0.0;1.0;0.0;1.0;0.0;1.0;0.0;1.0;0.0;1.0;0.0;1.0;0.0;1.0;0.0;1.0;0.0;1.0;0.0;1.0;0.0;1.0;0.0;0.0;0.0;0.0
0.15595016;0.0;0.16595794;0.0;0.079876356;0.0;0.17475684;0.0;0.15367782;0.0;0.0;0.0;0.088101566;0.0;0.07987401;0.0;0.15329532;0.0;0.6440498;0.0;0.15329395;0.0;0.07569831;0.0;0.2871267;0.0;1.0;0.0;1.0;0.0;0.28712264;0.0;0.07569611;0.0;0.16595945;0.0;9.0;0.0;1.0;0.0;1.0;0.0;1.0;0.0;9.0;0.0;9.0;0.0;1.0;0.0;1.0;0.0;1.0;0.0;1.0;0.0;1.0;0.0;1.0;0.0;1.0;0.0;1.0;0.0;1.0;0.0;1.0;0.0;1.0;0.0;1.0;0.0;1.0;0.0;0.0;0.0;0.0
0.14595032;0.0;0.15531638;0.0;0.079876356;0.0;0.17475684;0.0;0.15367782;0.0;0.15367715;0.0;0.17475432;0.0;0.07987401;0.0;0.16393699;0.0;0.6540497;0.0;0.16393551;0.0;0.07569831;0.0;0.2871267;0.0;1.0;0.0;1.0;0.0;0.28712264;0.0;0.07569611;0.0;0.15531777;0.0;9.0;0.0;1.0;0.0;1.0;0.0;1.0;0.0;9.0;0.0;9.0;0.0;1.0;0.0;1.0;0.0;1.0;0.0;1.0;0.0;1.0;0.0;1.0;0.0;1.0;0.0;1.0;0.0;1.0;0.0;1.0;0.0;1.0;0.0;1.0;0.0;1.0;0.0;0.0;0.0;0.0
0.13595048;0.0;0.0;0.0;0.079876356;0.0;0.07189939;0.0;0.0;0.0;0.15367715;0.0;0.17475432;0.0;0.07987401;0.0;0.17457865;0.0;0.6640495;0.0;0.17457709;0.0;0.07569831;0.0;0.2871267;0.0;1.0;0.0;1.0;0.0;0.17165338;0.0;0.07569611;0.0;0.14467612;0.0;9.0;0.0;9.0;0.0;1.0;0.0;1.0;0.0;9.0;0.0;9.0;0.0;1.0;0.0;1.0;0.0;1.0;0.0;1.0;0.0;1.0;0.0;1.0;0.0;1.0;0.0;1.0;0.0;1.0;0.0;1.0;0.0;1.0;0.0;1.0;0.0;1.0;0.0;0.0;0.0;0.0
0.12595062;0.0;0.0;0.0;0.079876356;0.0;0.051900126;0.0;0.15367782;0.0;0.15367715;0.0;0.17475432;0.0;0.07987401;0.0;0.18522032;0.0;0.6740494;0.0;0.18521866;0.0;0.07569831;0.0;0.2871267;0.0;1.0;0.0;0.65866244;0.0;0.17165338;0.0;0.07569611;0.0;0.0;0.0;9.0;0.0;9.0;0.0;1.0;0.0;1.0;0.0;1.0;0.0;9.0;0.0;1.0;0.0;1.0;0.0;1.0;0.0;1.0;0.0;1.0;0.0;1.0;0.0;1.0;0.0;1.0;0.0;1.0;0.0;1.0;0.0;1.0;0.0;9.0;0.0;1.0;0.0;0.0;0.0;0.0
0.11595078;0.0;0.0;0.0;0.079876356;0.0;0.03190086;0.0;0.15367782;0.0;0.15367715;0.0;0.17475432;0.0;0.1097196;0.0;0.19586197;0.0;0.68404925;0.0;0.19586024;0.0;0.24025671;0.0;0.2871267;0.0;1.0;0.0;0.65866244;0.0;0.17165338;0.0;0.07569611;0.0;0.0;0.0;9.0;0.0;9.0;0.0;1.0;0.0;1.0;0.0;1.0;0.0;9.0;0.0;1.0;0.0;1.0;0.0;1.0;0.0;1.0;0.0;1.0;0.0;1.0;0.0;1.0;0.0;1.0;0.0;1.0;0.0;1.0;0.0;1.0;0.0;9.0;0.0;1.0;0.0;0.0;0.0;0.0
0.10595093;0.0;0.0;0.0;0.079876356;0.0;0.011901598;0.0;0.15367782;0.0;0.15367715;0.0;0.0;0.0;0.12277361;0.0;0.20650363;0.0;0.69404906;0.0;0.2065018;0.0;0.25331044;0.0;0.2871267;0.0;0.5415688;0.0;0.55711997;0.0;0.17165338;0.0;0.07569611;0.0;0.0;0.0;9.0;0.0;9.0;0.0;1.0;0.0;1.0;0.0;1.0;0.0;9.0;0.0;9.0;0.0;1.0;0.0;1.0;0.0;1.0;0.0;1.0;0.0;1.0;0.0;1.0;0.0;1.0;0.0;1.0;0.0;1.0;0.0;1.0;0.0;9.0;0.0;1.0;0.0;0.0;0.0;0.0
0.09595108;0.0;0.0;0.0;0.079876356;0.0;0.0;0.0;0.15367782;0.0;0.15367715;0.0;0.008098014;0.0;0.13582762;0.0;0.2171453;0.0;0.70404893;0.0;0.21714337;0.0;0.23127297;0.0;0.40259758;0.0;1.0;0.0;0.55711997;0.0;0.17165338;0.0;0.07569611;0.0;0.0;0.0;9.0;0.0;9.0;0.0;1.0;0.0;1.0;0.0;1.0;0.0;9.0;0.0;9.0;0.0;1.0;0.0;1.0;0.0;1.0;0.0;1.0;0.0;1.0;0.0;1.0;0.0;1.0;0.0;1.0;0.0;1.0;0.0;1.0;0.0;9.0;0.0;1.0;0.0;0.0;0.0;0.0
0.08595123;0.0;0.0;0.0;0.079876356;0.0;0.05928595;0.0;0.15367782;0.0;0.15367715;0.0;0.02809814;0.0;0.14888163;0.0;0.22778697;0.0;0.71404874;0.0;0.22778492;0.0;0.23127297;0.0;0.40259758;0.0;1.0;0.0;0.55711997;0.0;0.17165338;0.0;0.07569611;0.0;0.0;0.0;9.0;0.0;9.0;0.0;1.0;0.0;1.0;0.0;1.0;0.0;9.0;0.0;9.0;0.0;1.0;0.0;1.0;0.0;1.0;0.0;1.0;0.0;1.0;0.0;1.0;0.0;1.0;0.0;1.0;0.0;1.0;0.0;1.0;0.0;9.0;0.0;1.0;0.0;0.0;0.0;0.0
0.07595138;0.0;0.0;0.0;0.09914646;0.0;0.05928595;0.0;0.15367782;0.0;0.15367715;0.0;0.048098262;0.0;0.16193563;0.0;0.23842864;0.0;0.7240486;0.0;0.23842649;0.0;0.23127297;0.0;0.40259758;0.0;1.0;0.0;0.35403508;0.0;0.05618413;0.0;0.099148504;0.0;0.0;0.0;9.0;0.0;9.0;0.0;1.0;0.0;1.0;0.0;1.0;0.0;9.0;0.0;9.0;0.0;1.0;0.0;1.0;0.0;1.0;0.0;1.0;0.0;1.0;0.0;1.0;0.0;1.0;0.0;1.0;0.0;1.0;0.0;1.0;0.0;9.0;0.0;1.0;0.0;0.0;0.0;0.0
0.06595154;0.0;0.0;0.0;0.086092725;0.0;0.05928595;0.0;0.15367782;0.0;0.0;0.0;0.06809839;0.0;0.17498964;0.0;0.24907029;0.0;0.7340485;0.0;0.24906807;0.0;0.23127297;0.0;0.40259758;0.0;1.0;0.0;0.35403508;0.0;0.05618413;0.0;0.0860945;0.0;0.0;0.0;9.0;0.0;9.0;0.0;1.0;0.0;1.0;0.0;1.0;0.0;1.0;0.0;9.0;0.0;1.0;0.0;1.0;0.0;1.0;0.0;1.0;0.0;1.0;0.0;1.0;0.0;1.0;0.0;1.0;0.0;1.0;0.0;1.0;0.0;9.0;0.0;1.0;0.0;0.0;0.0;0.0
0.055951692;0.0;0.0;0.0;0.0;0.0;0.05928595;0.0;0.15367782;0.0;0.0;0.0;0.08809851;0.0;0.18804364;0.0;0.25971195;0.0;0.7440483;0.0;0.25970966;0.0;0.23127297;0.0;0.40259758;0.0;1.0;0.0;0.25249264;0.0;0.05618413;0.0;0.0;0.0;0.0;0.0;9.0;0.0;9.0;0.0;9.0;0.0;1.0;0.0;1.0;0.0;1.0;0.0;9.0;0.0;1.0;0.0;1.0;0.0;1.0;0.0;1.0;0.0;1.0;0.0;1.0;0.0;1.0;0.0;1.0;0.0;1.0;0.0;9.0;0.0;9.0;0.0;1.0;0.0;0.0;0.0;0.0
0.045951843;0.0;0.0;0.0;0.0;0.0;0.05928595;0.0;0.15367782;0.0;0.15367715;0.0;0.17475432;0.0;0.20109765;0.0;0.27035362;0.0;0.75404817;0.0;0.2703512;0.0;0.23127297;0.0;0.40259758;0.0;1.0;0.0;0.25249264;0.0;0.05618413;0.0;0.0;0.0;0.0;0.0;9.0;0.0;9.0;0.0;9.0;0.0;1.0;0.0;1.0;0.0;1.0;0.0;9.0;0.0;1.0;0.0;1.0;0.0;1.0;0.0;1.0;0.0;1.0;0.0;1.0;0.0;1.0;0.0;1.0;0.0;1.0;0.0;9.0;0.0;9.0;0.0;1.0;0.0;0.0;0.0;0.0
0.035951994;0.0;0.03825914;0.0;0.0;0.0;0.05928595;0.0;0.0;0.0;0.15367715;0.0;0.17475432;0.0;0.21415167;0.0;0.28099528;0.0;0.764048;0.0;0.28099278;0.0;0.23127297;0.0;0.52808464;0.0;1.0;0.0;0.1509502;0.0;0.05618413;0.0;0.0;0.0;0.0;0.0;9.0;0.0;9.0;0.0;9.0;0.0;1.0;0.0;1.0;0.0;1.0;0.0;9.0;0.0;1.0;0.0;1.0;0.0;1.0;0.0;1.0;0.0;1.0;0.0;1.0;0.0;1.0;0.0;1.0;0.0;1.0;0.0;9.0;0.0;9.0;0.0;1.0;0.0;0.0;0.0;0.0
0.02595215;0.0;0.027617574;0.0;0.0;0.0;0.0;0.0;0.05213493;0.0;0.15367715;0.0;0.17475432;0.0;0.22720566;0.0;0.29163694;0.0;0.77404785;0.0;0.29163435;0.0;0.23127297;0.0;0.5480839;0.0;1.0;0.0;0.04940774;0.0;0.0;0.0;0.0;0.0;0.027617821;0.0;9.0;0.0;9.0;0.0;9.0;0.0;9.0;0.0;1.0;0.0;1.0;0.0;9.0;0.0;1.0;0.0;1.0;0.0;1.0;0.0;1.0;0.0;1.0;0.0;1.0;0.0;1.0;0.0;1.0;0.0;9.0;0.0;9.0;0.0;9.0;0.0;1.0;0.0;0.0;0.0;0.0
0.0159523;0.0;0.016976006;0.0;0.0;0.0;0.0;0.0;0.05213493;0.0;0.15367715;0.0;0.17475432;0.0;0.10971761;0.0;0.3022786;0.0;0.7840477;0.0;0.3022759;0.0;0.23127297;0.0;0.6335393;0.0;1.0;0.0;0.04940774;0.0;0.0;0.0;0.0;0.0;0.016976159;0.0;9.0;0.0;9.0;0.0;9.0;0.0;9.0;0.0;1.0;0.0;1.0;0.0;9.0;0.0;9.0;0.0;1.0;0.0;1.0;0.0;1.0;0.0;1.0;0.0;1.0;0.0;1.0;0.0;1.0;0.0;9.0;0.0;9.0;0.0;9.0;0.0;1.0;0.0;0.0;0.0;0.0
0.0059524537;0.0;0.00633444;0.0;0.0;0.0;0.0;0.0;0.0;0.0;0.15367715;0.0;0.0;0.0;0.122771606;0.0;0.31292027;0.0;0.79404753;0.0;0.31291747;0.0;0.23127297;0.0;0.6335393;0.0;0.54156005;0.0;0.0;0.0;0.0;0.0;0.0;0.0;0.006334497;0.0;9.0;0.0;9.0;0.0;9.0;0.0;9.0;0.0;9.0;0.0;1.0;0.0;1.0;0.0;9.0;0.0;1.0;0.0;1.0;0.0;1.0;0.0;1.0;0.0;1.0;0.0;1.0;0.0;9.0;0.0;9.0;0.0;9.0;0.0;9.0;0.0;1.0;0.0;0.0;0.0;0.0
0.5059525;0.0;0.4320036;0.0;0.0077702953;0.0;0.05928595;0.0;0.05213493;0.0;0.15367715;0.0;0.0;0.0;0.122771606;0.0;0.31292027;0.0;0.79404753;0.0;0.31291747;0.0;0.23127297;0.0;0.6335393;0.0;0.54156005;0.0;0.04940774;0.0;0.05618413;0.0;0.0077704554;0.0;0.53842574;0.0;1.0;0.0;1.0;0.0;1.0;0.0;1.0;0.0;1.0;0.0;1.0;0.0;1.0;0.0;9.0;0.0;1.0;0.0;1.0;0.0;1.0;0.0;1.0;0.0;1.0;0.0;1.0;0.0;1.0;0.0;1.0;0.0;1.0;0.0;1.0;0.0;1.0;0.0;0.0;0.0;0.0
0.4959526;0.0;0.421362;0.0;0.0;0.0;0.05928595;0.0;0.05213493;0.0;0.15367715;0.0;0.008094962;0.0;0.13582562;0.0;0.32356194;0.0;0.8040474;0.0;0.32355905;0.0;0.39690158;0.0;0.6335393;0.0;1.0;0.0;0.04940774;0.0;0.05618413;0.0;0.0;0.0;0.5277841;0.0;1.0;0.0;1.0;0.0;1.0;0.0;1.0;0.0;1.0;0.0;1.0;0.0;1.0;0.0;9.0;0.0;1.0;0.0;1.0;0.0;1.0;0.0;1.0;0.0;1.0;0.0;1.0;0.0;1.0;0.0;1.0;0.0;1.0;0.0;1.0;0.0;1.0;0.0;0.0;0.0;0.0
0.48595276;0.0;0.4107205;0.0;0.0;0.0;0.0;0.0;0.05213493;0.0;0.0;0.0;0.028095087;0.0;0.14887963;0.0;0.3342036;0.0;0.8140472;0.0;0.14226899;0.0;0.40995532;0.0;0.6335393;0.0;0.0;0.0;0.04940774;0.0;0.05618413;0.0;0.0;0.0;0.5171424;0.0;1.0;0.0;1.0;0.0;1.0;0.0;1.0;0.0;1.0;0.0;1.0;0.0;1.0;0.0;9.0;0.0;1.0;0.0;1.0;0.0;1.0;0.0;1.0;0.0;1.0;0.0;1.0;0.0;1.0;0.0;1.0;0.0;1.0;0.0;1.0;0.0;1.0;0.0;0.0;0.0;0.0
0.47595292;0.0;0.40007892;0.0;0.0;0.0;0.0;0.0;0.05213493;0.0;0.0;0.0;0.04809521;0.0;0.16193363;0.0;0.15011115;0.0;0.8240471;0.0;0.14226899;0.0;0.38684762;0.0;0.6335393;0.0;0.0;0.0;0.04940774;0.0;0.0;0.0;0.0;0.0;0.5065008;0.0;1.0;0.0;1.0;0.0;1.0;0.0;1.0;0.0;1.0;0.0;1.0;0.0;1.0;0.0;9.0;0.0;1.0;0.0;1.0;0.0;1.0;0.0;1.0;0.0;1.0;0.0;1.0;0.0;1.0;0.0;1.0;0.0;1.0;0.0;1.0;0.0;1.0;0.0;0.0;0.0;0.0
0.46595305;0.0;0.38943735;0.0;0.0;0.0;0.0;0.0;0.05213493;0.0;0.052134704;0.0;0.0;0.0;0.17498764;0.0;0.15011115;0.0;0.83404696;0.0;0.14226899;0.0;0.38684762;0.0;0.0;0.0;0.04940795;0.0;0.04940774;0.0;0.0;0.0;0.0;0.0;0.4958591;0.0;1.0;0.0;1.0;0.0;1.0;0.0;1.0;0.0;1.0;0.0;1.0;0.0;1.0;0.0;9.0;0.0;1.0;0.0;1.0;0.0;1.0;0.0;1.0;0.0;1.0;0.0;1.0;0.0;1.0;0.0;1.0;0.0;1.0;0.0;1.0;0.0;1.0;0.0;0.0;0.0;0.0
0.4559532;0.0;0.37879577;0.0;0.20358035;0.0;0.0;0.0;0.05213493;0.0;0.052134704;0.0;0.0;0.0;0.18804166;0.0;0.15011115;0.0;0.8440468;0.0;0.14226899;0.0;0.38684762;0.0;0.0;0.0;0.04940795;0.0;0.04940774;0.0;0.0;0.0;0.3341266;0.0;0.48521742;0.0;1.0;0.0;1.0;0.0;1.0;0.0;1.0;0.0;1.0;0.0;1.0;0.0;1.0;0.0;9.0;0.0;1.0;0.0;1.0;0.0;1.0;0.0;1.0;0.0;1.0;0.0;1.0;0.0;1.0;0.0;1.0;0.0;1.0;0.0;1.0;0.0;1.0;0.0;0.0;0.0;0.0
0.44595337;0.0;0.36815423;0.0;0.1905266;0.0;0.0;0.0;0.05213493;0.0;0.052134704;0.0;0.0;0.0;0.20109566;0.0;0.15011115;0.0;0.85404664;0.0;0.14226899;0.0;0.38684762;0.0;0.0;0.0;0.04940795;0.0;0.04940774;0.0;0.0;0.0;0.3210726;0.0;0.47457576;0.0;1.0;0.0;1.0;0.0;1.0;0.0;1.0;0.0;1.0;0.0;1.0;0.0;1.0;0.0;9.0;0.0;1.0;0.0;1.0;0.0;1.0;0.0;1.0;0.0;1.0;0.0;1.0;0.0;1.0;0.0;1.0;0.0;1.0;0.0;1.0;0.0;1.0;0.0;0.0;0.0;0.0
0.43595353;0.0;0.35751265;0.0;0.17747286;0.0;0.0;0.0;0.05213493;0.0;0.052134704;0.0;0.0;0.0;0.0;0.0;0.15011115;0.0;0.86404645;0.0;0.14226899;0.0;0.0;0.0;0.0;0.0;0.04940795;0.0;0.04940774;0.0;0.0;0.0;0.3080186;0.0;0.4639341;0.0;1.0;0.0;1.0;0.0;1.0;0.0;1.0;0.0;1.0;0.0;1.0;0.0;1.0;0.0;1.0;0.0;1.0;0.0;1.0;0.0;1.0;0.0;1.0;0.0;1.0;0.0;1.0;0.0;1.0;0.0;1.0;0.0;1.0;0.0;1.0;0.0;1.0;0.0;0.0;0.0;0.0
0.4259537;0.0;0.34687108;0.0;0.16441913;0.0;0.051906228;0.0;0.0;0.0;0.052134704;0.0;0.0;0.0;0.0;0.0;0.15011115;0.0;0.8740463;0.0;0.14226899;0.0;0.0;0.0;0.0;0.0;0.04940795;0.0;0.0;0.0;0.28712264;0.0;0.29496458;0.0;0.45329246;0.0;1.0;0.0;1.0;0.0;1.0;0.0;1.0;0.0;1.0;0.0;1.0;0.0;1.0;0.0;1.0;0.0;1.0;0.0;1.0;0.0;1.0;0.0;1.0;0.0;1.0;0.0;1.0;0.0;1.0;0.0;1.0;0.0;1.0;0.0;1.0;0.0;1.0;0.0;0.0;0.0;0.0
0.41595381;0.0;0.3362295;0.0;0.1513654;0.0;0.031906966;0.0;0.0;0.0;0.052134704;0.0;0.0;0.0;0.0;0.0;0.15011115;0.0;0.8840462;0.0;0.14226899;0.0;0.0;0.0;0.0;0.0;0.04940795;0.0;0.0;0.0;0.28712264;0.0;0.2819106;0.0;0.4426508;0.0;1.0;0.0;1.0;0.0;1.0;0.0;1.0;0.0;1.0;0.0;1.0;0.0;1.0;0.0;1.0;0.0;1.0;0.0;1.0;0.0;1.0;0.0;1.0;0.0;1.0;0.0;1.0;0.0;1.0;0.0;1.0;0.0;1.0;0.0;1.0;0.0;1.0;0.0;0.0;0.0;0.0
0.40595397;0.0;0.1501214;0.0;0.13831165;0.0;0.011907702;0.0;0.15367782;0.0;0.052134704;0.0;0.059285097;0.0;0.0;0.0;0.15011115;0.0;0.894046;0.0;0.14226899;0.0;0.0;0.0;0.056184925;0.0;0.04940795;0.0;0.25249264;0.0;0.28712264;0.0;0.26885659;0.0;0.14225942;0.0;1.0;0.0;1.0;0.0;1.0;0.0;1.0;0.0;1.0;0.0;1.0;0.0;1.0;0.0;1.0;0.0;1.0;0.0;1.0;0.0;1.0;0.0;1.0;0.0;1.0;0.0;1.0;0.0;1.0;0.0;1.0;0.0;1.0;0.0;1.0;0.0;1.0;0.0;0.0;0.0;0.0
0.39595395;0.0;0.1501214;0.0;0.12525767;0.0;0.0;0.0;0.15367782;0.0;0.052134704;0.0;0.059285097;0.0;0.005281809;0.0;0.15011115;0.0;0.90404606;0.0;0.14226899;0.0;0.0052817;0.0;0.056184925;0.0;0.04940795;0.0;0.25249264;0.0;0.1919119;0.0;0.38634437;0.0;0.14225942;0.0;1.0;0.0;1.0;0.0;1.0;0.0;1.0;0.0;1.0;0.0;1.0;0.0;1.0;0.0;1.0;0.0;1.0;0.0;1.0;0.0;1.0;0.0;1.0;0.0;1.0;0.0;1.0;0.0;1.0;0.0;1.0;0.0;1.0;0.0;1.0;0.0;1.0;0.0;0.0;0.0;0.0
0.3859539;0.0;0.1501214;0.0;0.11220368;0.0;0.17475684;0.0;0.15367782;0.0;0.052134704;0.0;0.059285097;0.0;0.018336065;0.0;0.15011115;0.0;0.9140461;0.0;0.4406167;0.0;0.018335689;0.0;0.056184925;0.0;0.04940795;0.0;0.25249264;0.0;0.17191142;0.0;0.37329012;0.0;0.14225942;0.0;1.0;0.0;1.0;0.0;1.0;0.0;1.0;0.0;1.0;0.0;1.0;0.0;1.0;0.0;1.0;0.0;1.0;0.0;1.0;0.0;1.0;0.0;1.0;0.0;1.0;0.0;1.0;0.0;1.0;0.0;1.0;0.0;1.0;0.0;1.0;0.0;1.0;0.0;0.0;0.0;0.0
0.37595385;0.0;0.1501214;0.0;0.22968908;0.0;0.17475684;0.0;0.15367782;0.0;0.052134704;0.0;0.059285097;0.0;0.03139032;0.0;0.34484425;0.0;0.92404616;0.0;0.45125848;0.0;0.031389676;0.0;0.056184925;0.0;0.04940795;0.0;0.25249264;0.0;0.15191092;0.0;0.36023587;0.0;0.14225942;0.0;1.0;0.0;1.0;0.0;1.0;0.0;1.0;0.0;1.0;0.0;1.0;0.0;1.0;0.0;1.0;0.0;1.0;0.0;1.0;0.0;1.0;0.0;1.0;0.0;1.0;0.0;1.0;0.0;1.0;0.0;1.0;0.0;1.0;0.0;1.0;0.0;1.0;0.0;0.0;0.0;0.0
0.36595383;0.0;0.1501214;0.0;0.21663508;0.0;0.17475684;0.0;0.15367782;0.0;0.0;0.0;0.059285097;0.0;0.04444458;0.0;0.3554861;0.0;0.93404615;0.0;0.03623102;0.0;0.044443663;0.0;0.056184925;0.0;0.15095083;0.0;0.25249264;0.0;0.13191041;0.0;0.34718162;0.0;0.14225942;0.0;1.0;0.0;1.0;0.0;1.0;0.0;1.0;0.0;1.0;0.0;1.0;0.0;1.0;0.0;1.0;0.0;1.0;0.0;1.0;0.0;1.0;0.0;1.0;0.0;1.0;0.0;1.0;0.0;1.0;0.0;1.0;0.0;1.0;0.0;1.0;0.0;1.0;0.0;0.0;0.0;0.0
0.35595378;0.0;0.1501214;0.0;0.2035811;0.0;0.17475684;0.0;0.15367782;0.0;0.0;0.0;0.059285097;0.0;0.057498835;0.0;0.046873208;0.0;0.9440462;0.0;0.04687279;0.0;0.05749765;0.0;0.056184925;0.0;0.0;0.0;0.0;0.0;0.111909926;0.0;0.33412737;0.0;0.14225942;0.0;1.0;0.0;1.0;0.0;1.0;0.0;1.0;0.0;1.0;0.0;1.0;0.0;1.0;0.0;1.0;0.0;1.0;0.0;1.0;0.0;1.0;0.0;1.0;0.0;1.0;0.0;1.0;0.0;1.0;0.0;1.0;0.0;1.0;0.0;1.0;0.0;1.0;0.0;0.0;0.0;0.0
0.34595376;0.0;0.1501214;0.0;0.19052711;0.0;0.17475684;0.0;0.15367782;0.0;0.15367715;0.0;0.059285097;0.0;0.070553094;0.0;0.057515077;0.0;0.95404625;0.0;0.05751456;0.0;0.07055164;0.0;0.056184925;0.0;0.0;0.0;0.0;0.0;0.09190943;0.0;0.3210731;0.0;0.14225942;0.0;1.0;0.0;1.0;0.0;1.0;0.0;1.0;0.0;1.0;0.0;1.0;0.0;1.0;0.0;1.0;0.0;1.0;0.0;1.0;0.0;1.0;0.0;1.0;0.0;1.0;0.0;1.0;0.0;1.0;0.0;1.0;0.0;1.0;0.0;1.0;0.0;1.0;0.0;0.0;0.0;0.0
0.3359537;0.0;0.1501214;0.0;0.17747311;0.0;0.07190587;0.0;0.0;0.0;0.15367715;0.0;0.059285097;0.0;0.08360735;0.0;0.06815694;0.0;0.9640463;0.0;0.06815633;0.0;0.083605625;0.0;0.056184925;0.0;0.2524937;0.0;0.25249264;0.0;0.28712264;0.0;0.30801883;0.0;0.14225942;0.0;1.0;0.0;1.0;0.0;1.0;0.0;1.0;0.0;1.0;0.0;1.0;0.0;1.0;0.0;1.0;0.0;1.0;0.0;1.0;0.0;1.0;0.0;1.0;0.0;1.0;0.0;1.0;0.0;1.0;0.0;1.0;0.0;1.0;0.0;1.0;0.0;1.0;0.0;0.0;0.0;0.0
0.32595366;0.0;0.1501214;0.0;0.16441913;0.0;0.051906228;0.0;0.15367782;0.0;0.15367715;0.0;0.059285097;0.0;0.09666161;0.0;0.07879881;0.0;0.97404635;0.0;0.0787981;0.0;0.096659616;0.0;0.056184925;0.0;0.2524937;0.0;0.25249264;0.0;0.28712264;0.0;0.29496458;0.0;0.14225942;0.0;1.0;0.0;1.0;0.0;1.0;0.0;1.0;0.0;1.0;0.0;1.0;0.0;1.0;0.0;1.0;0.0;1.0;0.0;1.0;0.0;1.0;0.0;1.0;0.0;1.0;0.0;1.0;0.0;1.0;0.0;1.0;0.0;1.0;0.0;1.0;0.0;1.0;0.0;0.0;0.0;0.0
0.31595364;0.0;0.1501214;0.0;0.15136515;0.0;0.031906582;0.0;0.15367782;0.0;0.15367715;0.0;0.059285097;0.0;0.07987401;0.0;0.08944067;0.0;0.98404634;0.0;0.08943988;0.0;0.07569831;0.0;0.056184925;0.0;0.2524937;0.0;0.25249264;0.0;0.28712264;0.0;0.28191033;0.0;0.14225942;0.0;1.0;0.0;1.0;0.0;1.0;0.0;1.0;0.0;1.0;0.0;1.0;0.0;1.0;0.0;1.0;0.0;1.0;0.0;1.0;0.0;1.0;0.0;1.0;0.0;1.0;0.0;1.0;0.0;1.0;0.0;1.0;0.0;1.0;0.0;1.0;0.0;1.0;0.0;0.0;0.0;0.0
0.3059536;0.0;0.32558754;0.0;0.13831116;0.0;0.011906939;0.0;0.15367782;0.0;0.15367715;0.0;0.0;0.0;0.07987401;0.0;0.10008254;0.0;0.9940464;0.0;0.100081645;0.0;0.07569831;0.0;0.1716558;0.0;0.2524937;0.0;0.25249264;0.0;0.28712264;0.0;0.26885608;0.0;0.32559046;0.0;1.0;0.0;1.0;0.0;1.0;0.0;1.0;0.0;1.0;0.0;1.0;0.0;1.0;0.0;1.0;0.0;1.0;0.0;1.0;0.0;1.0;0.0;1.0;0.0;1.0;0.0;1.0;0.0;1.0;0.0;1.0;0.0;1.0;0.0;1.0;0.0;1.0;0.0;0.0;0.0;0.0
0.29595357;0.0;0.31494576;0.0;0.12525716;0.0;0.0;0.0;0.15367782;0.0;0.15367715;0.0;0.008093054;0.0;0.07987401;0.0;0.11072441;0.0;1.0;0.0;0.11072341;0.0;0.07569831;0.0;0.1716558;0.0;0.2524937;0.0;0.25249264;0.0;0.19191115;0.0;0.23126623;0.0;0.31494862;0.0;1.0;0.0;1.0;0.0;1.0;0.0;1.0;0.0;1.0;0.0;1.0;0.0;1.0;0.0;1.0;0.0;1.0;0.0;1.0;0.0;1.0;0.0;1.0;0.0;1.0;0.0;1.0;0.0;1.0;0.0;1.0;0.0;1.0;0.0;1.0;0.0;1.0;0.0;0.0;0.0;0.0
0.28595352;0.0;0.304304;0.0;0.11220318;0.0;0.17475684;0.0;0.15367782;0.0;0.15367715;0.0;0.028093562;0.0;0.07987401;0.0;0.12136628;0.0;1.0;0.0;0.12136519;0.0;0.07569831;0.0;0.1716558;0.0;0.2524937;0.0;0.25249264;0.0;0.17191066;0.0;0.23126623;0.0;0.30430675;0.0;1.0;0.0;1.0;0.0;1.0;0.0;1.0;0.0;1.0;0.0;1.0;0.0;1.0;0.0;1.0;0.0;1.0;0.0;1.0;0.0;1.0;0.0;1.0;0.0;1.0;0.0;1.0;0.0;1.0;0.0;1.0;0.0;1.0;0.0;1.0;0.0;1.0;0.0;0.0;0.0;0.0
0.27595347;0.0;0.29366222;0.0;0.22968857;0.0;0.17475684;0.0;0.15367782;0.0;0.15367715;0.0;0.048094068;0.0;0.07987401;0.0;0.13200814;0.0;1.0;0.0;0.13200696;0.0;0.07569831;0.0;0.1716558;0.0;0.2524937;0.0;0.25249264;0.0;0.15191016;0.0;0.23126623;0.0;0.29366487;0.0;1.0;0.0;1.0;0.0;1.0;0.0;1.0;0.0;1.0;0.0;1.0;0.0;1.0;0.0;1.0;0.0;1.0;0.0;1.0;0.0;1.0;0.0;1.0;0.0;1.0;0.0;1.0;0.0;1.0;0.0;1.0;0.0;1.0;0.0;1.0;0.0;1.0;0.0;0.0;0.0;0.0
0.26595345;0.0;0.28302044;0.0;0.21663459;0.0;0.17475684;0.0;0.15367782;0.0;0.0;0.0;0.068094574;0.0;0.07987401;0.0;0.14265001;0.0;1.0;0.0;0.14264873;0.0;0.07569831;0.0;0.1716558;0.0;0.2524937;0.0;0.25249264;0.0;0.13190965;0.0;0.23126623;0.0;0.283023;0.0;1.0;0.0;1.0;0.0;1.0;0.0;1.0;0.0;1.0;0.0;1.0;0.0;1.0;0.0;1.0;0.0;1.0;0.0;1.0;0.0;1.0;0.0;1.0;0.0;1.0;0.0;1.0;0.0;1.0;0.0;1.0;0.0;1.0;0.0;1.0;0.0;1.0;0.0;0.0;0.0;0.0
0.2559534;0.0;0.27237868;0.0;0.20358059;0.0;0.17475684;0.0;0.15367782;0.0;0.0;0.0;0.088095084;0.0;0.07987401;0.0;0.15329187;0.0;1.0;0.0;0.1532905;0.0;0.07569831;0.0;0.0880913;0.0;0.0;0.0;0.0;0.0;0.111909166;0.0;0.23126623;0.0;0.27238113;0.0;1.0;0.0;1.0;0.0;1.0;0.0;1.0;0.0;1.0;0.0;1.0;0.0;1.0;0.0;1.0;0.0;1.0;0.0;1.0;0.0;1.0;0.0;1.0;0.0;1.0;0.0;1.0;0.0;1.0;0.0;1.0;0.0;1.0;0.0;1.0;0.0;1.0;0.0;0.0;0.0;0.0
0.24595337;0.0;0.26173693;0.0;0.1905266;0.0;0.17475684;0.0;0.15367782;0.0;0.15367715;0.0;0.17475432;0.0;0.07987401;0.0;0.16393374;0.0;1.0;0.0;0.16393228;0.0;0.07569831;0.0;0.10809094;0.0;0.0;0.0;0.0;0.0;0.09190867;0.0;0.23126623;0.0;0.26173928;0.0;1.0;0.0;1.0;0.0;1.0;0.0;1.0;0.0;1.0;0.0;1.0;0.0;1.0;0.0;1.0;0.0;1.0;0.0;1.0;0.0;1.0;0.0;1.0;0.0;1.0;0.0;1.0;0.0;1.0;0.0;1.0;0.0;1.0;0.0;1.0;0.0;1.0;0.0;0.0;0.0;0.0
0.23595333;0.0;0.25109515;0.0;0.17747262;0.0;0.071905114;0.0;0.0;0.0;0.15367715;0.0;0.17475432;0.0;0.07987401;0.0;0.1745756;0.0;1.0;0.0;0.17457405;0.0;0.07569831;0.0;0.12809059;0.0;0.2524937;0.0;0.25249264;0.0;0.28712264;0.0;0.23126623;0.0;0.2510974;0.0;1.0;0.0;1.0;0.0;1.0;0.0;1.0;0.0;1.0;0.0;1.0;0.0;1.0;0.0;1.0;0.0;1.0;0.0;1.0;0.0;1.0;0.0;1.0;0.0;1.0;0.0;1.0;0.0;1.0;0.0;1.0;0.0;1.0;0.0;1.0;0.0;1.0;0.0;0.0;0.0;0.0
0.2259533;0.0;0.24045339;0.0;0.16441864;0.0;0.051905464;0.0;0.15367782;0.0;0.15367715;0.0;0.17475432;0.0;0.07987401;0.0;0.18521747;0.0;1.0;0.0;0.18521582;0.0;0.07569831;0.0;0.14809023;0.0;0.2524937;0.0;0.25249264;0.0;0.28712264;0.0;0.23126623;0.0;0.24045554;0.0;1.0;0.0;1.0;0.0;1.0;0.0;1.0;0.0;1.0;0.0;1.0;0.0;1.0;0.0;1.0;0.0;1.0;0.0;1.0;0.0;1.0;0.0;1.0;0.0;1.0;0.0;1.0;0.0;1.0;0.0;1.0;0.0;1.0;0.0;1.0;0.0;1.0;0.0;0.0;0.0;0.0
0.21595326;0.0;0.2298116;0.0;0.15136465;0.0;0.031905822;0.0;0.15367782;0.0;0.15367715;0.0;0.17475432;0.0;0.109716356;0.0;0.19585934;0.0;1.0;0.0;0.19585758;0.0;0.24025348;0.0;0.16808988;0.0;0.2524937;0.0;0.25249264;0.0;0.28712264;0.0;0.23126623;0.0;0.22981367;0.0;1.0;0.0;1.0;0.0;1.0;0.0;1.0;0.0;1.0;0.0;1.0;0.0;1.0;0.0;1.0;0.0;1.0;0.0;1.0;0.0;1.0;0.0;1.0;0.0;1.0;0.0;1.0;0.0;1.0;0.0;1.0;0.0;1.0;0.0;1.0;0.0;1.0;0.0;0.0;0.0;0.0
0.20595321;0.0;0.21916983;0.0;0.13831066;0.0;0.011906176;0.0;0.15367782;0.0;0.15367715;0.0;0.0;0.0;0.12277062;0.0;0.2065012;0.0;1.0;0.0;0.20649937;0.0;0.25330746;0.0;0.18808952;0.0;0.2524937;0.0;0.25249264;0.0;0.28712264;0.0;0.23126623;0.0;0.2191718;0.0;1.0;0.0;1.0;0.0;1.0;0.0;1.0;0.0;1.0;0.0;1.0;0.0;1.0;0.0;1.0;0.0;1.0;0.0;1.0;0.0;1.0;0.0;1.0;0.0;1.0;0.0;1.0;0.0;1.0;0.0;1.0;0.0;1.0;0.0;1.0;0.0;1.0;0.0;0.0;0.0;0.0
0.19595318;0.0;0.20852807;0.0;0.12525667;0.0;0.0;0.0;0.15367782;0.0;0.15367715;0.0;0.008093817;0.0;0.13582487;0.0;0.21714309;0.0;1.0;0.0;0.21714112;0.0;0.23127297;0.0;0.2871267;0.0;0.2524937;0.0;0.25249264;0.0;0.19191039;0.0;0.25580132;0.0;0.20852995;0.0;1.0;0.0;1.0;0.0;1.0;0.0;1.0;0.0;1.0;0.0;1.0;0.0;1.0;0.0;1.0;0.0;1.0;0.0;1.0;0.0;1.0;0.0;1.0;0.0;1.0;0.0;1.0;0.0;1.0;0.0;1.0;0.0;1.0;0.0;1.0;0.0;1.0;0.0;0.0;0.0;0.0
0.18595314;0.0;0.1978863;0.0;0.11220269;0.0;0.17475684;0.0;0.15367782;0.0;0.15367715;0.0;0.028094325;0.0;0.14887914;0.0;0.22778495;0.0;1.0;0.0;0.22778289;0.0;0.23127297;0.0;0.2871267;0.0;0.2524937;0.0;0.25249264;0.0;0.1719099;0.0;0.24274707;0.0;0.19788808;0.0;1.0;0.0;1.0;0.0;1.0;0.0;1.0;0.0;1.0;0.0;1.0;0.0;1.0;0.0;1.0;0.0;1.0;0.0;1.0;0.0;1.0;0.0;1.0;0.0;1.0;0.0;1.0;0.0;1.0;0.0;1.0;0.0;1.0;0.0;1.0;0.0;1.0;0.0;0.0;0.0;0.0
0.1759531;0.0;0.18724452;0.0;0.079876356;0.0;0.17475684;0.0;0.15367782;0.0;0.15367715;0.0;0.04809483;0.0;0.16193339;0.0;0.2384268;0.0;1.0;0.0;0.23842469;0.0;0.23127297;0.0;0.2871267;0.0;0.2524937;0.0;0.25249264;0.0;0.15190938;0.0;0.07569611;0.0;0.18724622;0.0;1.0;0.0;1.0;0.0;1.0;0.0;1.0;0.0;1.0;0.0;1.0;0.0;1.0;0.0;1.0;0.0;1.0;0.0;1.0;0.0;1.0;0.0;1.0;0.0;1.0;0.0;1.0;0.0;1.0;0.0;1.0;0.0;1.0;0.0;1.0;0.0;1.0;0.0;0.0;0.0;0.0
0.16595307;0.0;0.17660275;0.0;0.079876356;0.0;0.17475684;0.0;0.15367782;0.0;0.0;0.0;0.06809534;0.0;0.17498764;0.0;0.24906866;0.0;1.0;0.0;0.24906644;0.0;0.23127297;0.0;0.2871267;0.0;0.2524937;0.0;0.25249264;0.0;0.1319089;0.0;0.07569611;0.0;0.17660435;0.0;1.0;0.0;1.0;0.0;1.0;0.0;1.0;0.0;1.0;0.0;1.0;0.0;1.0;0.0;1.0;0.0;1.0;0.0;1.0;0.0;1.0;0.0;1.0;0.0;1.0;0.0;1.0;0.0;1.0;0.0;1.0;0.0;1.0;0.0;1.0;0.0;1.0;0.0;0.0;0.0;0.0
0.15595302;0.0;0.165961;0.0;0.079876356;0.0;0.17475684;0.0;0.15367782;0.0;0.0;0.0;0.088095844;0.0;0.1880419;0.0;0.25971052;0.0;1.0;0.0;0.25970823;0.0;0.23127297;0.0;0.08809206;0.0;0.0;0.0;0.0;0.0;0.1119084;0.0;0.07569611;0.0;0.16596249;0.0;1.0;0.0;1.0;0.0;1.0;0.0;1.0;0.0;1.0;0.0;1.0;0.0;1.0;0.0;1.0;0.0;1.0;0.0;1.0;0.0;1.0;0.0;1.0;0.0;1.0;0.0;1.0;0.0;1.0;0.0;1.0;0.0;1.0;0.0;1.0;0.0;1.0;0.0;0.0;0.0;0.0
0.14595298;0.0;0.15531921;0.0;0.079876356;0.0;0.17475684;0.0;0.15367782;0.0;0.15367715;0.0;0.17475432;0.0;0.20109615;0.0;0.27035242;0.0;1.0;0.0;0.27034998;0.0;0.23127297;0.0;0.1080917;0.0;0.0;0.0;0.0;0.0;0.0919079;0.0;0.07569611;0.0;0.15532061;0.0;1.0;0.0;1.0;0.0;1.0;0.0;1.0;0.0;1.0;0.0;1.0;0.0;1.0;0.0;1.0;0.0;1.0;0.0;1.0;0.0;1.0;0.0;1.0;0.0;1.0;0.0;1.0;0.0;1.0;0.0;1.0;0.0;1.0;0.0;1.0;0.0;1.0;0.0;0.0;0.0;0.0
0.13595295;0.0;0.0;0.0;0.079876356;0.0;0.07190435;0.0;0.0;0.0;0.15367715;0.0;0.17475432;0.0;0.2141504;0.0;0.28099427;0.0;1.0;0.0;0.28099173;0.0;0.23127297;0.0;0.12809135;0.0;0.2524937;0.0;0.25249264;0.0;0.17165338;0.0;0.07569611;0.0;0.14467874;0.0;1.0;0.0;1.0;0.0;1.0;0.0;1.0;0.0;1.0;0.0;1.0;0.0;1.0;0.0;1.0;0.0;1.0;0.0;1.0;0.0;1.0;0.0;1.0;0.0;1.0;0.0;1.0;0.0;1.0;0.0;1.0;0.0;1.0;0.0;1.0;0.0;1.0;0.0;0.0;0.0;0.0
0.12595291;0.0;0.0;0.0;0.079876356;0.0;0.0519047;0.0;0.15367782;0.0;0.15367715;0.0;0.17475432;0.0;0.22720468;0.0;0.29163614;0.0;1.0;0.0;0.29163355;0.0;0.23127297;0.0;0.14809099;0.0;0.2524937;0.0;0.25249264;0.0;0.17165338;0.0;0.07569611;0.0;0.0;0.0;1.0;0.0;1.0;0.0;1.0;0.0;1.0;0.0;1.0;0.0;1.0;0.0;1.0;0.0;1.0;0.0;1.0;0.0;1.0;0.0;1.0;0.0;1.0;0.0;1.0;0.0;1.0;0.0;1.0;0.0;1.0;0.0;1.0;0.0;1.0;0.0;1.0;0.0;0.0;0.0;0.0
0.11595287;0.0;0.0;0.0;0.079876356;0.0;0.03190506;0.0;0.15367782;0.0;0.15367715;0.0;0.17475432;0.0;0.109716855;0.0;0.30227798;0.0;1.0;0.0;0.3022753;0.0;0.23127297;0.0;0.16809064;0.0;0.2524937;0.0;0.25249264;0.0;0.17165338;0.0;0.07569611;0.0;0.0;0.0;1.0;0.0;1.0;0.0;1.0;0.0;1.0;0.0;1.0;0.0;1.0;0.0;1.0;0.0;1.0;0.0;1.0;0.0;1.0;0.0;1.0;0.0;1.0;0.0;1.0;0.0;1.0;0.0;1.0;0.0;1.0;0.0;1.0;0.0;1.0;0.0;0.0;0.0;1.0;0.0;0.0
0.1160236;0.0;0.0;0.0;0.08339582;0.0;0.030103743;0.0;0.15472427;0.0;0.15282984;0.0;0.0;0.0;0.113097824;0.0;0.13705365;0.0;1.0;0.0;0.29866365;0.0;0.24146318;0.0;0.15860048;0.0;0.25421304;0.0;0.2511005;0.0;0.16836365;0.0;0.0727161;0.0;0.0;0.0;1.0;0.0;1.0;0.0;1.0;0.0;1.0;0.0;1.0;0.0;1.0;0.0;1.0;0.0;1.0;0.0;1.0;0.0;1.0;0.0;1.0;0.0;1.0;0.0;1.0;0.0;1.0;0.0;1.0;0.0;1.0;0.0;1.0;0.0;1.0;0.0;0.0;0.0;1.0;0.0;0.0
0.11623611;0.0;0.0;0.0;0.08735104;0.0;0.02852786;0.0;0.15597641;0.0;0.15217622;0.0;0.0;0.0;0.116840646;0.0;0.12622748;0.0;0.6857181;0.0;0.29549304;0.0;0.25291508;0.0;0.15029801;0.0;0.0;0.0;0.25002658;0.0;0.16539535;0.0;0.070043944;0.0;0.12692693;0.0;1.0;0.0;1.0;0.0;1.0;0.0;1.0;0.0;1.0;0.0;1.0;0.0;1.0;0.0;1.0;0.0;1.0;0.0;1.0;0.0;1.0;0.0;1.0;0.0;1.0;0.0;1.0;0.0;1.0;0.0;1.0;0.0;1.0;0.0;1.0;0.0;0.0;0.0;1.0;0.0;0.0
0.11659173;0.0;0.0;0.0;0.13986325;0.0;0.02714018;0.0;0.15744236;0.0;0.15171221;0.0;0.0;0.0;0.12099215;0.0;0.117118716;0.0;0.68781596;0.0;0.29274195;0.0;0.26584738;0.0;0.14298704;0.0;0.0;0.0;0.24926421;0.0;0.039222706;0.0;0.06764071;0.0;0.12901017;0.0;1.0;0.0;1.0;0.0;1.0;0.0;1.0;0.0;1.0;0.0;1.0;0.0;1.0;0.0;1.0;0.0;1.0;0.0;1.0;0.0;1.0;0.0;1.0;0.0;1.0;0.0;1.0;0.0;1.0;0.0;1.0;0.0;1.0;0.0;1.0;0.0;0.0;0.0;1.0;0.0;0.0
0.11709261;0.0;0.11854301;0.0;0.13672805;0.0;0.06515556;0.0;0.15913185;0.0;0.15143496;0.0;0.0;0.0;0.12560819;0.0;0.10936034;0.0;0.28683913;0.0;0.29039213;0.0;0.33493963;0.0;0.31555364;0.0;0.0;0.0;0.2488087;0.0;0.042586964;0.0;0.065474026;0.0;0.13132562;0.0;1.0;0.0;1.0;0.0;1.0;0.0;1.0;0.0;1.0;0.0;1.0;0.0;1.0;0.0;1.0;0.0;1.0;0.0;1.0;0.0;1.0;0.0;1.0;0.0;1.0;0.0;1.0;0.0;1.0;0.0;1.0;0.0;1.0;0.0;1.0;0.0;0.0;0.0;1.0;0.0;0.0
0.1177419;0.0;0.11774137;0.0;0.13388987;0.0;0.06702394;0.0;0.16105635;0.0;0.15134278;0.0;0.0;0.0;0.13075607;0.0;0.21252087;0.0;0.28842965;0.0;0.28842837;0.0;0.32798702;0.0;0.2863222;0.0;0.2646167;0.0;0.24865723;0.0;0.046644658;0.0;0.06351684;0.0;0.1338918;0.0;1.0;0.0;1.0;0.0;1.0;0.0;1.0;0.0;1.0;0.0;1.0;0.0;1.0;0.0;1.0;0.0;1.0;0.0;1.0;0.0;1.0;0.0;1.0;0.0;1.0;0.0;1.0;0.0;1.0;0.0;1.0;0.0;1.0;0.0;1.0;0.0;0.0;0.0;1.0;0.0;0.0
0.11854365;0.0;0.11709221;0.0;0.13132387;0.0;0.06908931;0.0;0.16322927;0.0;0.15143509;0.0;0.15913056;0.0;0.13651735;0.0;0.21702611;0.0;0.29039368;0.0;0.2868381;0.0;0.3217011;0.0;0.27505025;0.0;0.26818684;0.0;0.24880889;0.0;0.26145262;0.0;0.061746307;0.0;0.1367302;0.0;1.0;0.0;1.0;0.0;1.0;0.0;1.0;0.0;1.0;0.0;1.0;0.0;1.0;0.0;1.0;0.0;1.0;0.0;1.0;0.0;1.0;0.0;1.0;0.0;1.0;0.0;1.0;0.0;1.0;0.0;1.0;0.0;1.0;0.0;1.0;0.0;0.0;0.0;1.0;0.0;0.0
0.0;0.0;0.11659142;0.0;0.12900859;0.0;0.071375735;0.0;0.16566622;0.0;0.0;0.0;0.15744123;0.0;0.18706825;0.0;0.22200283;0.0;0.29274374;0.0;0.6878141;0.0;0.11099837;0.0;0.2649428;0.0;0.27219075;0.0;0.24926464;0.0;0.25867707;0.0;0.18374877;0.0;0.1398656;0.0;1.0;0.0;1.0;0.0;1.0;0.0;1.0;0.0;1.0;0.0;1.0;0.0;1.0;0.0;1.0;0.0;1.0;0.0;1.0;0.0;1.0;0.0;1.0;0.0;1.0;0.0;1.0;0.0;1.0;0.0;1.0;0.0;1.0;0.0;1.0;0.0;0.0;0.0;1.0;0.0;0.0
0.0;0.0;0.11623591;0.0;0.1269255;0.0;0.0739118;0.0;0.03639029;0.0;0.0;0.0;0.15597543;0.0;0.18255082;0.0;0.22749686;0.0;0.29549515;0.0;0.6857169;0.0;0.11963172;0.0;0.2558525;0.0;0.27665824;0.0;0.25002724;0.0;0.25626874;0.0;0.1793115;0.0;0.082779184;0.0;1.0;0.0;1.0;0.0;1.0;0.0;1.0;0.0;1.0;0.0;1.0;0.0;1.0;0.0;1.0;0.0;1.0;0.0;1.0;0.0;1.0;0.0;1.0;0.0;1.0;0.0;1.0;0.0;1.0;0.0;1.0;0.0;1.0;0.0;1.0;0.0;0.0;0.0;1.0;0.0;0.0
0.0;0.0;0.1160235;0.0;0.0;0.0;0.07673167;0.0;0.033979677;0.0;0.15283038;0.0;0.15472344;0.0;0.17845872;0.0;0.23356147;0.0;0.29866606;0.0;1.0;0.0;0.12989295;0.0;0.24765702;0.0;0.17902064;0.0;0.25110137;0.0;0.25421172;0.0;0.17529202;0.0;0.07903116;0.0;1.0;0.0;1.0;0.0;1.0;0.0;1.0;0.0;1.0;0.0;1.0;0.0;1.0;0.0;1.0;0.0;1.0;0.0;1.0;0.0;1.0;0.0;1.0;0.0;1.0;0.0;1.0;0.0;1.0;0.0;1.0;0.0;1.0;0.0;1.0;0.0;0.0;0.0;1.0;0.0;0.0
0.0;0.0;0.11595287;0.0;0.0;0.0;0.07987641;0.0;0.031905033;0.0;0.15367784;0.0;0.15367714;0.0;0.17475429;0.0;0.10971691;0.0;0.30227804;0.0;1.0;0.0;0.30227524;0.0;0.23127313;0.0;0.1680905;0.0;0.2524937;0.0;0.2524926;0.0;0.17165333;0.0;0.075696066;0.0;1.0;0.0;1.0;0.0;1.0;0.0;1.0;0.0;1.0;0.0;1.0;0.0;1.0;0.0;1.0;0.0;1.0;0.0;1.0;0.0;1.0;0.0;1.0;0.0;1.0;0.0;1.0;0.0;1.0;0.0;1.0;0.0;1.0;0.0;1.0;0.0;0.0;0.0;1.0;0.0;0.0
0.0;0.0;0.1160236;0.0;0.0;0.0;0.08339586;0.0;0.030103734;0.0;0.15472427;0.0;0.15282984;0.0;0.0;0.0;0.11309786;0.0;0.13705349;0.0;1.0;0.0;0.2986636;0.0;0.24146333;0.0;0.15860038;0.0;0.25421304;0.0;0.25110048;0.0;0.1683636;0.0;0.07271606;0.0;1.0;0.0;1.0;0.0;1.0;0.0;1.0;0.0;1.0;0.0;1.0;0.0;1.0;0.0;1.0;0.0;1.0;0.0;1.0;0.0;1.0;0.0;1.0;0.0;1.0;0.0;1.0;0.0;1.0;0.0;1.0;0.0;1.0;0.0;1.0;0.0;0.0;0.0;1.0;0.0;0.0
0.12692696;0.0;0.11623613;0.0;0.0;0.0;0.0873511;0.0;0.028527841;0.0;0.15597643;0.0;0.15217622;0.0;0.0;0.0;0.1168407;0.0;0.12622735;0.0;0.6857181;0.0;0.29549298;0.0;0.25291523;0.0;0.1502979;0.0;0.0;0.0;0.25002655;0.0;0.16539529;0.0;0.07004391;0.0;1.0;0.0;1.0;0.0;1.0;0.0;1.0;0.0;1.0;0.0;1.0;0.0;1.0;0.0;1.0;0.0;1.0;0.0;1.0;0.0;1.0;0.0;1.0;0.0;1.0;0.0;1.0;0.0;1.0;0.0;1.0;0.0;1.0;0.0;1.0;0.0;0.0;0.0;1.0;0.0;0.0
0.12901022;0.0;0.11659173;0.0;0.0;0.0;0.13986322;0.0;0.02714017;0.0;0.15744238;0.0;0.1517122;0.0;0.0;0.0;0.120992206;0.0;0.1171186;0.0;0.687816;0.0;0.2927419;0.0;0.26584756;0.0;0.14298697;0.0;0.0;0.0;0.24926421;0.0;0.039222747;0.0;0.06764067;0.0;1.0;0.0;1.0;0.0;1.0;0.0;1.0;0.0;1.0;0.0;1.0;0.0;1.0;0.0;1.0;0.0;1.0;0.0;1.0;0.0;1.0;0.0;1.0;0.0;1.0;0.0;1.0;0.0;1.0;0.0;1.0;0.0;1.0;0.0;1.0;0.0;0.0;0.0;1.0;0.0;0.0
0.13132566;0.0;0.117092624;0.0;0.11854301;0.0;0.13672802;0.0;0.06515558;0.0;0.15913187;0.0;0.15143496;0.0;0.0;0.0;0.12560825;0.0;0.10936023;0.0;0.28683916;0.0;0.2903921;0.0;0.33493954;0.0;0.31555375;0.0;0.0;0.0;0.2488087;0.0;0.042587016;0.0;0.065474;0.0;1.0;0.0;1.0;0.0;1.0;0.0;1.0;0.0;1.0;0.0;1.0;0.0;1.0;0.0;1.0;0.0;1.0;0.0;1.0;0.0;1.0;0.0;1.0;0.0;1.0;0.0;1.0;0.0;1.0;0.0;1.0;0.0;1.0;0.0;1.0;0.0;0.0;0.0;1.0;0.0;0.0
0.13389185;0.0;0.117741905;0.0;0.11774137;0.0;0.13388982;0.0;0.067023955;0.0;0.16105637;0.0;0.15134278;0.0;0.0;0.0;0.13075614;0.0;0.21252091;0.0;0.28842968;0.0;0.28842837;0.0;0.3279869;0.0;0.28632206;0.0;0.2646167;0.0;0.24865723;0.0;0.046644717;0.0;0.06351681;0.0;1.0;0.0;1.0;0.0;1.0;0.0;1.0;0.0;1.0;0.0;1.0;0.0;1.0;0.0;1.0;0.0;1.0;0.0;1.0;0.0;1.0;0.0;1.0;0.0;1.0;0.0;1.0;0.0;1.0;0.0;1.0;0.0;1.0;0.0;1.0;0.0;0.0;0.0;1.0;0.0;0.0
0.13673025;0.0;0.11854366;0.0;0.11709219;0.0;0.13132384;0.0;0.06908934;0.0;0.1632293;0.0;0.15143509;0.0;0.15913054;0.0;0.13651744;0.0;0.21702616;0.0;0.29039368;0.0;0.28683808;0.0;0.32170105;0.0;0.2750501;0.0;0.26818684;0.0;0.2488089;0.0;0.26145262;0.0;0.06174628;0.0;1.0;0.0;1.0;0.0;1.0;0.0;1.0;0.0;1.0;0.0;1.0;0.0;1.0;0.0;1.0;0.0;1.0;0.0;1.0;0.0;1.0;0.0;1.0;0.0;1.0;0.0;1.0;0.0;1.0;0.0;1.0;0.0;1.0;0.0;1.0;0.0;0.0;0.0;1.0;0.0;0.0
0.13986567;0.0;0.0;0.0;0.11659141;0.0;0.12900856;0.0;0.07137575;0.0;0.16566625;0.0;0.0;0.0;0.15744123;0.0;0.1870682;0.0;0.22200291;0.0;0.29274377;0.0;0.6878141;0.0;0.110998474;0.0;0.26494265;0.0;0.27219075;0.0;0.24926464;0.0;0.258677;0.0;0.18374872;0.0;1.0;0.0;1.0;0.0;1.0;0.0;1.0;0.0;1.0;0.0;1.0;0.0;1.0;0.0;1.0;0.0;1.0;0.0;1.0;0.0;1.0;0.0;1.0;0.0;1.0;0.0;1.0;0.0;1.0;0.0;1.0;0.0;1.0;0.0;1.0;0.0;0.0;0.0;1.0;0.0;0.0
0.08277911;0.0;0.0;0.0;0.11623591;0.0;0.12692548;0.0;0.07391184;0.0;0.03639027;0.0;0.0;0.0;0.15597542;0.0;0.18255076;0.0;0.22749694;0.0;0.29549518;0.0;0.68571687;0.0;0.119631864;0.0;0.25585237;0.0;0.27665824;0.0;0.25002724;0.0;0.2562687;0.0;0.17931144;0.0;1.0;0.0;1.0;0.0;1.0;0.0;1.0;0.0;1.0;0.0;1.0;0.0;1.0;0.0;1.0;0.0;1.0;0.0;1.0;0.0;1.0;0.0;1.0;0.0;1.0;0.0;1.0;0.0;1.0;0.0;1.0;0.0;1.0;0.0;1.0;0.0;0.0;0.0;1.0;0.0;0.0
0.079031095;0.0;0.0;0.0;0.1160235;0.0;0.0;0.0;0.07673168;0.0;0.033979647;0.0;0.15283039;0.0;0.15472344;0.0;0.17845866;0.0;0.23356156;0.0;0.2986661;0.0;1.0;0.0;0.1298931;0.0;0.2476569;0.0;0.17902064;0.0;0.25110137;0.0;0.25421166;0.0;0.17529197;0.0;1.0;0.0;1.0;0.0;1.0;0.0;1.0;0.0;1.0;0.0;1.0;0.0;1.0;0.0;1.0;0.0;1.0;0.0;1.0;0.0;1.0;0.0;1.0;0.0;1.0;0.0;1.0;0.0;1.0;0.0;1.0;0.0;1.0;0.0;1.0;0.0;0.0;0.0;1.0;0.0;0.0
0.07569601;0.0;0.0;0.0;0.11595287;0.0;0.0;0.0;0.079876445;0.0;0.031905018;0.0;0.15367784;0.0;0.15367714;0.0;0.17475425;0.0;0.10971694;0.0;0.3022781;0.0;1.0;0.0;0.30227518;0.0;0.23127325;0.0;0.1680905;0.0;0.25249374;0.0;0.2524926;0.0;0.17165329;0.0;1.0;0.0;1.0;0.0;1.0;0.0;1.0;0.0;1.0;0.0;1.0;0.0;1.0;0.0;1.0;0.0;1.0;0.0;1.0;0.0;1.0;0.0;1.0;0.0;1.0;0.0;1.0;0.0;1.0;0.0;1.0;0.0;1.0;0.0;1.0;0.0;0.0;0.0;1.0;0.0;0.0
0.07271601;0.0;0.0;0.0;0.1160236;0.0;0.0;0.0;0.08339588;0.0;0.03010371;0.0;0.1547243;0.0;0.15282983;0.0;0.0;0.0;0.11309792;0.0;0.1370534;0.0;1.0;0.0;0.29866356;0.0;0.24146347;0.0;0.15860038;0.0;0.2542131;0.0;0.25110048;0.0;0.16836354;0.0;1.0;0.0;1.0;0.0;1.0;0.0;1.0;0.0;1.0;0.0;1.0;0.0;1.0;0.0;1.0;0.0;1.0;0.0;1.0;0.0;1.0;0.0;1.0;0.0;1.0;0.0;1.0;0.0;1.0;0.0;1.0;0.0;1.0;0.0;1.0;0.0;0.0;0.0;1.0;0.0;0.0
0.070043854;0.0;0.12692699;0.0;0.11623613;0.0;0.0;0.0;0.08735116;0.0;0.028527832;0.0;0.15597644;0.0;0.1521762;0.0;0.0;0.0;0.11684076;0.0;0.12622729;0.0;0.6857182;0.0;0.29549295;0.0;0.25291544;0.0;0.1502979;0.0;0.0;0.0;0.25002655;0.0;0.16539526;0.0;1.0;0.0;1.0;0.0;1.0;0.0;1.0;0.0;1.0;0.0;1.0;0.0;1.0;0.0;1.0;0.0;1.0;0.0;1.0;0.0;1.0;0.0;1.0;0.0;1.0;0.0;1.0;0.0;1.0;0.0;1.0;0.0;1.0;0.0;1.0;0.0;0.0;0.0;1.0;0.0;0.0
0.067640625;0.0;0.12901023;0.0;0.11659174;0.0;0.0;0.0;0.1398632;0.0;0.027140152;0.0;0.1574424;0.0;0.1517122;0.0;0.0;0.0;0.12099226;0.0;0.11711854;0.0;0.687816;0.0;0.29274186;0.0;0.26584774;0.0;0.14298697;0.0;0.0;0.0;0.2492642;0.0;0.039222788;0.0;1.0;0.0;1.0;0.0;1.0;0.0;1.0;0.0;1.0;0.0;1.0;0.0;1.0;0.0;1.0;0.0;1.0;0.0;1.0;0.0;1.0;0.0;1.0;0.0;1.0;0.0;1.0;0.0;1.0;0.0;1.0;0.0;1.0;0.0;1.0;0.0;0.0;0.0;1.0;0.0;0.0
0.06547397;0.0;0.13132569;0.0;0.11709263;0.0;0.11854299;0.0;0.13672797;0.0;0.065155596;0.0;0.15913191;0.0;0.15143494;0.0;0.0;0.0;0.12560833;0.0;0.10936018;0.0;0.28683916;0.0;0.2903921;0.0;0.33493942;0.0;0.31555375;0.0;0.0;0.0;0.2488087;0.0;0.042587064;0.0;1.0;0.0;1.0;0.0;1.0;0.0;1.0;0.0;1.0;0.0;1.0;0.0;1.0;0.0;1.0;0.0;1.0;0.0;1.0;0.0;1.0;0.0;1.0;0.0;1.0;0.0;1.0;0.0;1.0;0.0;1.0;0.0;1.0;0.0;1.0;0.0;0.0;0.0;1.0;0.0;0.0
0.06351678;0.0;0.1338919;0.0;0.11774192;0.0;0.11774135;0.0;0.13388982;0.0;0.06702398;0.0;0.1610564;0.0;0.15134278;0.0;0.0;0.0;0.13075621;0.0;0.21252093;0.0;0.28842968;0.0;0.28842834;0.0;0.32798684;0.0;0.28632206;0.0;0.26461676;0.0;0.24865723;0.0;0.046644777;0.0;1.0;0.0;1.0;0.0;1.0;0.0;1.0;0.0;1.0;0.0;1.0;0.0;1.0;0.0;1.0;0.0;1.0;0.0;1.0;0.0;1.0;0.0;1.0;0.0;1.0;0.0;1.0;0.0;1.0;0.0;1.0;0.0;1.0;0.0;1.0;0.0;0.0;0.0;1.0;0.0;0.0
0.061746262;0.0;0.13673027;0.0;0.11854366;0.0;0.11709219;0.0;0.13132384;0.0;0.06908934;0.0;0.16322932;0.0;0.15143509;0.0;0.15913053;0.0;0.13651747;0.0;0.21702616;0.0;0.2903937;0.0;0.28683808;0.0;0.321701;0.0;0.2750502;0.0;0.26818687;0.0;0.2488089;0.0;0.2614526;0.0;1.0;0.0;1.0;0.0;1.0;0.0;1.0;0.0;1.0;0.0;1.0;0.0;1.0;0.0;1.0;0.0;1.0;0.0;1.0;0.0;1.0;0.0;1.0;0.0;1.0;0.0;1.0;0.0;1.0;0.0;1.0;0.0;1.0;0.0;1.0;0.0;0.0;0.0;1.0;0.0;0.0
0.18374869;0.0;0.13986567;0.0;0.0;0.0;0.11659141;0.0;0.12900858;0.0;0.07137575;0.0;0.16566625;0.0;0.0;0.0;0.15744123;0.0;0.1870682;0.0;0.22200286;0.0;0.29274377;0.0;0.6878141;0.0;0.110998474;0.0;0.2649428;0.0;0.27219075;0.0;0.24926464;0.0;0.258677;0.0;1.0;0.0;1.0;0.0;1.0;0.0;1.0;0.0;1.0;0.0;1.0;0.0;1.0;0.0;1.0;0.0;1.0;0.0;1.0;0.0;1.0;0.0;1.0;0.0;1.0;0.0;1.0;0.0;1.0;0.0;1.0;0.0;1.0;0.0;1.0;0.0;0.0;0.0;1.0;0.0;0.0
0.17931144;0.0;0.08277914;0.0;0.0;0.0;0.11623591;0.0;0.1269255;0.0;0.0739118;0.0;0.03639029;0.0;0.0;0.0;0.15597543;0.0;0.18255079;0.0;0.22749686;0.0;0.29549515;0.0;0.68571687;0.0;0.11963179;0.0;0.25585255;0.0;0.2766582;0.0;0.25002724;0.0;0.2562687;0.0;1.0;0.0;1.0;0.0;1.0;0.0;1.0;0.0;1.0;0.0;1.0;0.0;1.0;0.0;1.0;0.0;1.0;0.0;1.0;0.0;1.0;0.0;1.0;0.0;1.0;0.0;1.0;0.0;1.0;0.0;1.0;0.0;1.0;0.0;1.0;0.0;0.0;0.0;1.0;0.0;0.0
0.175292;0.0;0.07903114;0.0;0.0;0.0;0.1160235;0.0;0.0;0.0;0.07673164;0.0;0.033979677;0.0;0.15283038;0.0;0.15472345;0.0;0.17845872;0.0;0.23356143;0.0;0.29866603;0.0;1.0;0.0;0.12989295;0.0;0.2476571;0.0;0.1790208;0.0;0.25110137;0.0;0.25421172;0.0;1.0;0.0;1.0;0.0;1.0;0.0;1.0;0.0;1.0;0.0;1.0;0.0;1.0;0.0;1.0;0.0;1.0;0.0;1.0;0.0;1.0;0.0;1.0;0.0;1.0;0.0;1.0;0.0;1.0;0.0;1.0;0.0;1.0;0.0;1.0;0.0;0.0;0.0;1.0;0.0;0.0
0.17165335;0.0;0.07569607;0.0;0.0;0.0;0.11595287;0.0;0.0;0.0;0.079876356;0.0;0.03190506;0.0;0.1536778;0.0;0.15367715;0.0;0.17475432;0.0;0.109716855;0.0;0.30227798;0.0;1.0;0.0;0.30227524;0.0;0.2312729;0.0;0.16809073;0.0;0.2524937;0.0;0.2524926;0.0;1.0;0.0;1.0;0.0;1.0;0.0;1.0;0.0;1.0;0.0;1.0;0.0;1.0;0.0;1.0;0.0;1.0;0.0;1.0;0.0;1.0;0.0;1.0;0.0;1.0;0.0;1.0;0.0;1.0;0.0;1.0;0.0;1.0;0.0;1.0;0.0;0.0;0.0;1.0;0.0;0.0
0.16836363;0.0;0.07271609;0.0;0.0;0.0;0.1160236;0.0;0.0;0.0;0.083395794;0.0;0.030103758;0.0;0.15472427;0.0;0.15282984;0.0;0.0;0.0;0.11309779;0.0;0.13705373;0.0;1.0;0.0;0.29866365;0.0;0.24146302;0.0;0.15860061;0.0;0.25421304;0.0;0.2511005;0.0;1.0;0.0;1.0;0.0;1.0;0.0;1.0;0.0;1.0;0.0;1.0;0.0;1.0;0.0;1.0;0.0;1.0;0.0;1.0;0.0;1.0;0.0;1.0;0.0;1.0;0.0;1.0;0.0;1.0;0.0;1.0;0.0;1.0;0.0;1.0;0.0;0.0;0.0;1.0;0.0;0.0
0.16539535;0.0;0.070043944;0.0;0.1269269;0.0;0.11623611;0.0;0.0;0.0;0.08735099;0.0;0.02852788;0.0;0.15597638;0.0;0.15217622;0.0;0.0;0.0;0.116840586;0.0;0.12622762;0.0;0.6857181;0.0;0.29549304;0.0;0.25291485;0.0;0.15029816;0.0;0.0;0.0;0.25002658;0.0;1.0;0.0;1.0;0.0;1.0;0.0;1.0;0.0;1.0;0.0;1.0;0.0;1.0;0.0;1.0;0.0;1.0;0.0;1.0;0.0;1.0;0.0;1.0;0.0;1.0;0.0;1.0;0.0;1.0;0.0;1.0;0.0;1.0;0.0;1.0;0.0;0.0;0.0;1.0;0.0;0.0
0.039222676;0.0;0.06764072;0.0;0.12901013;0.0;0.116591714;0.0;0.0;0.0;0.13986333;0.0;0.027140206;0.0;0.15744233;0.0;0.15171221;0.0;0.0;0.0;0.12099205;0.0;0.11711888;0.0;0.6878159;0.0;0.29274195;0.0;0.265847;0.0;0.14298724;0.0;0.0;0.0;0.24926421;0.0;1.0;0.0;1.0;0.0;1.0;0.0;1.0;0.0;1.0;0.0;1.0;0.0;1.0;0.0;1.0;0.0;1.0;0.0;1.0;0.0;1.0;0.0;1.0;0.0;1.0;0.0;1.0;0.0;1.0;0.0;1.0;0.0;1.0;0.0;1.0;0.0;0.0;0.0;1.0;0.0;0.0
0.042586904;0.0;0.065474056;0.0;0.13132557;0.0;0.117092595;0.0;0.118543044;0.0;0.13672814;0.0;0.06515551;0.0;0.1591318;0.0;0.15143496;0.0;0.0;0.0;0.12560806;0.0;0.10936054;0.0;0.28683907;0.0;0.2903922;0.0;0.3349399;0.0;0.31555337;0.0;0.0;0.0;0.2488087;0.0;1.0;0.0;1.0;0.0;1.0;0.0;1.0;0.0;1.0;0.0;1.0;0.0;1.0;0.0;1.0;0.0;1.0;0.0;1.0;0.0;1.0;0.0;1.0;0.0;1.0;0.0;1.0;0.0;1.0;0.0;1.0;0.0;1.0;0.0;1.0;0.0;0.0;0.0;1.0;0.0;0.0
0.04664456;0.0;0.06351688;0.0;0.13389173;0.0;0.11774187;0.0;0.117741406;0.0;0.13388996;0.0;0.06702388;0.0;0.16105628;0.0;0.15134278;0.0;0.0;0.0;0.13075587;0.0;0.21252072;0.0;0.2884296;0.0;0.28842843;0.0;0.32798725;0.0;0.28632268;0.0;0.26461655;0.0;0.24865723;0.0;1.0;0.0;1.0;0.0;1.0;0.0;1.0;0.0;1.0;0.0;1.0;0.0;1.0;0.0;1.0;0.0;1.0;0.0;1.0;0.0;1.0;0.0;1.0;0.0;1.0;0.0;1.0;0.0;1.0;0.0;1.0;0.0;1.0;0.0;1.0;0.0;0.0;0.0;1.0;0.0;0.0
0.26145273;0.0;0.06174636;0.0;0.13673009;0.0;0.11854361;0.0;0.11709223;0.0;0.13132396;0.0;0.06908922;0.0;0.16322917;0.0;0.15143509;0.0;0.15913062;0.0;0.1365171;0.0;0.2170259;0.0;0.29039362;0.0;0.28683814;0.0;0.3217014;0.0;0.2750508;0.0;0.26818663;0.0;0.24880889;0.0;1.0;0.0;1.0;0.0;1.0;0.0;1.0;0.0;1.0;0.0;1.0;0.0;1.0;0.0;1.0;0.0;1.0;0.0;1.0;0.0;1.0;0.0;1.0;0.0;1.0;0.0;1.0;0.0;1.0;0.0;1.0;0.0;1.0;0.0;1.0;0.0;0.0;0.0;1.0;0.0;0.0
0.25867715;0.0;0.18374895;0.0;0.13986549;0.0;0.0;0.0;0.11659144;0.0;0.1290087;0.0;0.07137562;0.0;0.16566609;0.0;0.0;0.0;0.1574413;0.0;0.18706848;0.0;0.22200258;0.0;0.29274365;0.0;0.68781424;0.0;0.11099793;0.0;0.2649433;0.0;0.2721905;0.0;0.2492646;0.0;1.0;0.0;1.0;0.0;1.0;0.0;1.0;0.0;1.0;0.0;1.0;0.0;1.0;0.0;1.0;0.0;1.0;0.0;1.0;0.0;1.0;0.0;1.0;0.0;1.0;0.0;1.0;0.0;1.0;0.0;1.0;0.0;1.0;0.0;1.0;0.0;0.0;0.0;1.0;0.0;0.0
0.25626883;0.0;0.17931168;0.0;0.082779385;0.0;0.0;0.0;0.116235934;0.0;0.12692562;0.0;0.07391166;0.0;0.036390446;0.0;0.0;0.0;0.1559755;0.0;0.18255106;0.0;0.22749653;0.0;0.29549497;0.0;0.685717;0.0;0.11963115;0.0;0.255853;0.0;0.27665794;0.0;0.25002718;0.0;1.0;0.0;1.0;0.0;1.0;0.0;1.0;0.0;1.0;0.0;1.0;0.0;1.0;0.0;1.0;0.0;1.0;0.0;1.0;0.0;1.0;0.0;1.0;0.0;1.0;0.0;1.0;0.0;1.0;0.0;1.0;0.0;1.0;0.0;1.0;0.0;0.0;0.0;1.0;0.0;0.0
0.2542118;0.0;0.17529221;0.0;0.07903136;0.0;0.0;0.0;0.1160235;0.0;0.0;0.0;0.07673148;0.0;0.03397982;0.0;0.15283033;0.0;0.15472351;0.0;0.17845896;0.0;0.23356108;0.0;0.29866585;0.0;1.0;0.0;0.12989217;0.0;0.24765754;0.0;0.17902145;0.0;0.2511013;0.0;1.0;0.0;1.0;0.0;1.0;0.0;1.0;0.0;1.0;0.0;1.0;0.0;1.0;0.0;1.0;0.0;1.0;0.0;1.0;0.0;1.0;0.0;1.0;0.0;1.0;0.0;1.0;0.0;1.0;0.0;1.0;0.0;1.0;0.0;1.0;0.0;0.0;0.0;1.0;0.0;0.0
0.2524927;0.0;0.17165354;0.0;0.07569627;0.0;0.0;0.0;0.11595287;0.0;0.0;0.0;0.07987617;0.0;0.031905178;0.0;0.15367776;0.0;0.1536772;0.0;0.17475453;0.0;0.10971669;0.0;0.30227777;0.0;1.0;0.0;0.30227554;0.0;0.23127238;0.0;0.16809127;0.0;0.25249362;0.0;1.0;0.0;1.0;0.0;1.0;0.0;1.0;0.0;1.0;0.0;1.0;0.0;1.0;0.0;1.0;0.0;1.0;0.0;1.0;0.0;1.0;0.0;1.0;0.0;1.0;0.0;1.0;0.0;1.0;0.0;1.0;0.0;1.0;0.0;1.0;0.0;0.0;0.0;1.0;0.0;0.0
0.25110057;0.0;0.1683638;0.0;0.07271626;0.0;0.0;0.0;0.116023585;0.0;0.0;0.0;0.083395585;0.0;0.030103859;0.0;0.1547242;0.0;0.15282989;0.0;0.0;0.0;0.11309759;0.0;0.13705437;0.0;1.0;0.0;0.29866385;0.0;0.24146244;0.0;0.15860109;0.0;0.25421292;0.0;1.0;0.0;1.0;0.0;1.0;0.0;1.0;0.0;1.0;0.0;1.0;0.0;1.0;0.0;1.0;0.0;1.0;0.0;1.0;0.0;1.0;0.0;1.0;0.0;1.0;0.0;1.0;0.0;1.0;0.0;1.0;0.0;1.0;0.0;1.0;0.0;0.0;0.0;1.0;0.0;0.0
0.25002664;0.0;0.1653955;0.0;0.0700441;0.0;0.1269268;0.0;0.116236106;0.0;0.0;0.0;0.087350756;0.0;0.028527971;0.0;0.15597633;0.0;0.15217625;0.0;0.0;0.0;0.116840385;0.0;0.12622817;0.0;0.68571794;0.0;0.29549325;0.0;0.25291416;0.0;0.15029858;0.0;0.0;0.0;1.0;0.0;1.0;0.0;1.0;0.0;1.0;0.0;1.0;0.0;1.0;0.0;1.0;0.0;1.0;0.0;1.0;0.0;1.0;0.0;1.0;0.0;1.0;0.0;1.0;0.0;1.0;0.0;1.0;0.0;1.0;0.0;1.0;0.0;1.0;0.0;0.0;0.0;1.0;0.0;0.0
0.24926424;0.0;0.039222512;0.0;0.067640856;0.0;0.12901;0.0;0.11659169;0.0;0.0;0.0;0.1398635;0.0;0.027140286;0.0;0.15744224;0.0;0.15171224;0.0;0.0;0.0;0.12099181;0.0;0.117119335;0.0;0.6878158;0.0;0.29274213;0.0;0.26584625;0.0;0.14298762;0.0;0.0;0.0;1.0;0.0;1.0;0.0;1.0;0.0;1.0;0.0;1.0;0.0;1.0;0.0;1.0;0.0;1.0;0.0;1.0;0.0;1.0;0.0;1.0;0.0;1.0;0.0;1.0;0.0;1.0;0.0;1.0;0.0;1.0;0.0;1.0;0.0;1.0;0.0;0.0;0.0;1.0;0.0;0.0
0.24880871;0.0;0.042586707;0.0;0.06547419;0.0;0.13132542;0.0;0.117092565;0.0;0.11854309;0.0;0.1367283;0.0;0.0651554;0.0;0.1591317;0.0;0.15143499;0.0;0.0;0.0;0.12560779;0.0;0.10936092;0.0;0.286839;0.0;0.29039234;0.0;0.33494028;0.0;0.3155529;0.0;0.0;0.0;1.0;0.0;1.0;0.0;1.0;0.0;1.0;0.0;1.0;0.0;1.0;0.0;1.0;0.0;1.0;0.0;1.0;0.0;1.0;0.0;1.0;0.0;1.0;0.0;1.0;0.0;1.0;0.0;1.0;0.0;1.0;0.0;1.0;0.0;1.0;0.0;0.0;0.0;1.0;0.0;0.0
0.24865723;0.0;0.046644315;0.0;0.06351698;0.0;0.13389158;0.0;0.11774182;0.0;0.11774144;0.0;0.13389012;0.0;0.067023754;0.0;0.16105618;0.0;0.15134278;0.0;0.0;0.0;0.13075557;0.0;0.21252048;0.0;0.2884295;0.0;0.28842854;0.0;0.32798764;0.0;0.28632337;0.0;0.2646164;0.0;1.0;0.0;1.0;0.0;1.0;0.0;1.0;0.0;1.0;0.0;1.0;0.0;1.0;0.0;1.0;0.0;1.0;0.0;1.0;0.0;1.0;0.0;1.0;0.0;1.0;0.0;1.0;0.0;1.0;0.0;1.0;0.0;1.0;0.0;1.0;0.0;0.0;0.0;1.0;0.0;0.0
0.24880889;0.0;0.26145288;0.0;0.06174645;0.0;0.13672993;0.0;0.11854355;0.0;0.11709225;0.0;0.1313241;0.0;0.069089085;0.0;0.16322905;0.0;0.15143508;0.0;0.15913074;0.0;0.13651678;0.0;0.21702564;0.0;0.2903935;0.0;0.28683826;0.0;0.32170174;0.0;0.27505136;0.0;0.26818642;0.0;1.0;0.0;1.0;0.0;1.0;0.0;1.0;0.0;1.0;0.0;1.0;0.0;1.0;0.0;1.0;0.0;1.0;0.0;1.0;0.0;1.0;0.0;1.0;0.0;1.0;0.0;1.0;0.0;1.0;0.0;1.0;0.0;1.0;0.0;1.0;0.0;0.0;0.0;1.0;0.0;0.0
0.24926457;0.0;0.2586773;0.0;0.18374918;0.0;0.1398653;0.0;0.0;0.0;0.11659147;0.0;0.12900881;0.0;0.071375474;0.0;0.16566595;0.0;0.0;0.0;0.1574414;0.0;0.18706873;0.0;0.2220023;0.0;0.2927435;0.0;0.6878144;0.0;0.1109975;0.0;0.2649438;0.0;0.27219027;0.0;1.0;0.0;1.0;0.0;1.0;0.0;1.0;0.0;1.0;0.0;1.0;0.0;1.0;0.0;1.0;0.0;1.0;0.0;1.0;0.0;1.0;0.0;1.0;0.0;1.0;0.0;1.0;0.0;1.0;0.0;1.0;0.0;1.0;0.0;1.0;0.0;0.0;0.0;1.0;0.0;0.0
0.25002712;0.0;0.25626895;0.0;0.1793119;0.0;0.0827796;0.0;0.0;0.0;0.11623595;0.0;0.12692572;0.0;0.073911496;0.0;0.036390595;0.0;0.0;0.0;0.1559756;0.0;0.1825513;0.0;0.22749622;0.0;0.29549482;0.0;0.6857171;0.0;0.119630635;0.0;0.25585347;0.0;0.27665767;0.0;1.0;0.0;1.0;0.0;1.0;0.0;1.0;0.0;1.0;0.0;1.0;0.0;1.0;0.0;1.0;0.0;1.0;0.0;1.0;0.0;1.0;0.0;1.0;0.0;1.0;0.0;1.0;0.0;1.0;0.0;1.0;0.0;1.0;0.0;1.0;0.0;0.0;0.0;1.0;0.0;0.0
0.25110123;0.0;0.2542119;0.0;0.17529242;0.0;0.07903155;0.0;0.0;0.0;0.11602352;0.0;0.0;0.0;0.0767313;0.0;0.03397994;0.0;0.15283029;0.0;0.15472358;0.0;0.17845918;0.0;0.23356073;0.0;0.29866567;0.0;1.0;0.0;0.12989156;0.0;0.24765797;0.0;0.17902209;0.0;1.0;0.0;1.0;0.0;1.0;0.0;1.0;0.0;1.0;0.0;1.0;0.0;1.0;0.0;1.0;0.0;1.0;0.0;1.0;0.0;1.0;0.0;1.0;0.0;1.0;0.0;1.0;0.0;1.0;0.0;1.0;0.0;1.0;0.0;1.0;0.0;0.0;0.0;1.0;0.0;0.0
0.25249356;0.0;0.2524928;0.0;0.17165372;0.0;0.07569644;0.0;0.0;0.0;0.11595287;0.0;0.0;0.0;0.07987597;0.0;0.031905282;0.0;0.1536777;0.0;0.15367725;0.0;0.17475472;0.0;0.10971651;0.0;0.3022776;0.0;1.0;0.0;0.30227572;0.0;0.23127186;0.0;0.16809183;0.0;1.0;0.0;1.0;0.0;1.0;0.0;1.0;0.0;1.0;0.0;1.0;0.0;1.0;0.0;1.0;0.0;1.0;0.0;1.0;0.0;1.0;0.0;1.0;0.0;1.0;0.0;1.0;0.0;1.0;0.0;1.0;0.0;1.0;0.0;1.0;0.0;0.0;0.0;1.0;0.0;0.0
0.25421283;0.0;0.25110063;0.0;0.16836396;0.0;0.07271641;0.0;0.0;0.0;0.116023585;0.0;0.0;0.0;0.083395354;0.0;0.030103952;0.0;0.15472414;0.0;0.15282993;0.0;0.0;0.0;0.11309741;0.0;0.13705502;0.0;1.0;0.0;0.29866403;0.0;0.24146184;0.0;0.1586016;0.0;1.0;0.0;1.0;0.0;1.0;0.0;1.0;0.0;1.0;0.0;1.0;0.0;1.0;0.0;1.0;0.0;1.0;0.0;1.0;0.0;1.0;0.0;1.0;0.0;1.0;0.0;1.0;0.0;1.0;0.0;1.0;0.0;1.0;0.0;1.0;0.0;0.0;0.0;1.0;0.0;0.0
0.0;0.0;0.25002667;0.0;0.16539565;0.0;0.070044234;0.0;0.12692668;0.0;0.116236076;0.0;0.0;0.0;0.0873505;0.0;0.02852805;0.0;0.15597624;0.0;0.15217629;0.0;0.0;0.0;0.11684017;0.0;0.1262287;0.0;0.6857179;0.0;0.29549342;0.0;0.2529135;0.0;0.15029901;0.0;1.0;0.0;1.0;0.0;1.0;0.0;1.0;0.0;1.0;0.0;1.0;0.0;1.0;0.0;1.0;0.0;1.0;0.0;1.0;0.0;1.0;0.0;1.0;0.0;1.0;0.0;1.0;0.0;1.0;0.0;1.0;0.0;1.0;0.0;1.0;0.0;0.0;0.0;1.0;0.0;0.0
0.0;0.0;0.24926428;0.0;0.03922234;0.0;0.06764098;0.0;0.12900987;0.0;0.11659167;0.0;0.0;0.0;0.1398637;0.0;0.027140358;0.0;0.15744215;0.0;0.15171225;0.0;0.0;0.0;0.12099157;0.0;0.11711979;0.0;0.6878156;0.0;0.29274228;0.0;0.26584548;0.0;0.142988;0.0;1.0;0.0;1.0;0.0;1.0;0.0;1.0;0.0;1.0;0.0;1.0;0.0;1.0;0.0;1.0;0.0;1.0;0.0;1.0;0.0;1.0;0.0;1.0;0.0;1.0;0.0;1.0;0.0;1.0;0.0;1.0;0.0;1.0;0.0;1.0;0.0;0.0;0.0;1.0;0.0;0.0
0.0;0.0;0.24880874;0.0;0.042586505;0.0;0.0654743;0.0;0.13132527;0.0;0.117092535;0.0;0.11854313;0.0;0.13672848;0.0;0.065155305;0.0;0.1591316;0.0;0.15143499;0.0;0.0;0.0;0.12560752;0.0;0.10936131;0.0;0.28683892;0.0;0.29039246;0.0;0.3349407;0.0;0.3155524;0.0;1.0;0.0;1.0;0.0;1.0;0.0;1.0;0.0;1.0;0.0;1.0;0.0;1.0;0.0;1.0;0.0;1.0;0.0;1.0;0.0;1.0;0.0;1.0;0.0;1.0;0.0;1.0;0.0;1.0;0.0;1.0;0.0;1.0;0.0;1.0;0.0;0.0;0.0;1.0;0.0;0.0
0.26461622;0.0;0.24865723;0.0;0.04664407;0.0;0.06351708;0.0;0.13389142;0.0;0.117741786;0.0;0.11774148;0.0;0.13389027;0.0;0.06702365;0.0;0.16105606;0.0;0.15134278;0.0;0.0;0.0;0.13075528;0.0;0.21252024;0.0;0.28842935;0.0;0.28842863;0.0;0.327988;0.0;0.286324;0.0;1.0;0.0;1.0;0.0;1.0;0.0;1.0;0.0;1.0;0.0;1.0;0.0;1.0;0.0;1.0;0.0;1.0;0.0;1.0;0.0;1.0;0.0;1.0;0.0;1.0;0.0;1.0;0.0;1.0;0.0;1.0;0.0;1.0;0.0;1.0;0.0;0.0;0.0;1.0;0.0;0.0
0.26818627;0.0;0.24880886;0.0;0.26145303;0.0;0.061746545;0.0;0.13672975;0.0;0.11854352;0.0;0.11709229;0.0;0.13132426;0.0;0.069088966;0.0;0.16322891;0.0;0.15143505;0.0;0.15913084;0.0;0.13651642;0.0;0.2170254;0.0;0.29039335;0.0;0.28683835;0.0;0.32170206;0.0;0.27505192;0.0;1.0;0.0;1.0;0.0;1.0;0.0;1.0;0.0;1.0;0.0;1.0;0.0;1.0;0.0;1.0;0.0;1.0;0.0;1.0;0.0;1.0;0.0;1.0;0.0;1.0;0.0;1.0;0.0;1.0;0.0;1.0;0.0;1.0;0.0;1.0;0.0;0.0;0.0;1.0;0.0;0.0
0.2721901;0.0;0.24926455;0.0;0.25867742;0.0;0.18374945;0.0;0.1398651;0.0;0.0;0.0;0.11659149;0.0;0.12900895;0.0;0.07137534;0.0;0.16566582;0.0;0.0;0.0;0.15744148;0.0;0.187069;0.0;0.222002;0.0;0.29274333;0.0;0.68781453;0.0;0.110997066;0.0;0.26494434;0.0;1.0;0.0;1.0;0.0;1.0;0.0;1.0;0.0;1.0;0.0;1.0;0.0;1.0;0.0;1.0;0.0;1.0;0.0;1.0;0.0;1.0;0.0;1.0;0.0;1.0;0.0;1.0;0.0;1.0;0.0;1.0;0.0;1.0;0.0;1.0;0.0;0.0;0.0;1.0;0.0;0.0
0.27665743;0.0;0.2500271;0.0;0.25626907;0.0;0.17931214;0.0;0.08277985;0.0;0.0;0.0;0.11623596;0.0;0.12692584;0.0;0.073911354;0.0;0.036390733;0.0;0.0;0.0;0.15597565;0.0;0.18255153;0.0;0.22749591;0.0;0.29549462;0.0;0.6857172;0.0;0.11963012;0.0;0.25585395;0.0;1.0;0.0;1.0;0.0;1.0;0.0;1.0;0.0;1.0;0.0;1.0;0.0;1.0;0.0;1.0;0.0;1.0;0.0;1.0;0.0;1.0;0.0;1.0;0.0;1.0;0.0;1.0;0.0;1.0;0.0;1.0;0.0;1.0;0.0;1.0;0.0;0.0;0.0;1.0;0.0;0.0
0.17902267;0.0;0.25110117;0.0;0.254212;0.0;0.17529263;0.0;0.079031765;0.0;0.0;0.0;0.11602352;0.0;0.0;0.0;0.07673113;0.0;0.03398006;0.0;0.15283024;0.0;0.15472364;0.0;0.17845939;0.0;0.2335604;0.0;0.29866543;0.0;1.0;0.0;0.12989095;0.0;0.24765837;0.0;1.0;0.0;1.0;0.0;1.0;0.0;1.0;0.0;1.0;0.0;1.0;0.0;1.0;0.0;1.0;0.0;1.0;0.0;1.0;0.0;1.0;0.0;1.0;0.0;1.0;0.0;1.0;0.0;1.0;0.0;1.0;0.0;1.0;0.0;1.0;0.0;0.0;0.0;1.0;0.0;0.0
0.16809234;0.0;0.25249344;0.0;0.25249285;0.0;0.17165391;0.0;0.07569663;0.0;0.0;0.0;0.11595287;0.0;0.0;0.0;0.07987578;0.0;0.03190539;0.0;0.15367766;0.0;0.15367731;0.0;0.17475493;0.0;0.10971633;0.0;0.3022773;0.0;1.0;0.0;0.30227596;0.0;0.23127134;0.0;1.0;0.0;1.0;0.0;1.0;0.0;1.0;0.0;1.0;0.0;1.0;0.0;1.0;0.0;1.0;0.0;1.0;0.0;1.0;0.0;1.0;0.0;1.0;0.0;1.0;0.0;1.0;0.0;1.0;0.0;1.0;0.0;1.0;0.0;1.0;0.0;0.0;0.0;1.0;0.0;0.0
0.15860203;0.0;0.25421274;0.0;0.2511007;0.0;0.16836414;0.0;0.07271658;0.0;0.0;0.0;0.11602358;0.0;0.0;0.0;0.08339515;0.0;0.030104041;0.0;0.15472406;0.0;0.15282997;0.0;0.0;0.0;0.11309721;0.0;0.13705584;0.0;1.0;0.0;0.29866424;0.0;0.24146128;0.0;1.0;0.0;1.0;0.0;1.0;0.0;1.0;0.0;1.0;0.0;1.0;0.0;1.0;0.0;1.0;0.0;1.0;0.0;1.0;0.0;1.0;0.0;1.0;0.0;1.0;0.0;1.0;0.0;1.0;0.0;1.0;0.0;1.0;0.0;1.0;0.0;0.0;0.0;1.0;0.0;0.0
0.1502994;0.0;0.0;0.0;0.25002673;0.0;0.1653958;0.0;0.07004439;0.0;0.12692657;0.0;0.11623607;0.0;0.0;0.0;0.08735027;0.0;0.028528133;0.0;0.15597615;0.0;0.15217632;0.0;0.0;0.0;0.116839945;0.0;0.12622938;0.0;0.68571776;0.0;0.29549357;0.0;0.25291285;0.0;1.0;0.0;1.0;0.0;1.0;0.0;1.0;0.0;1.0;0.0;1.0;0.0;1.0;0.0;1.0;0.0;1.0;0.0;1.0;0.0;1.0;0.0;1.0;0.0;1.0;0.0;1.0;0.0;1.0;0.0;1.0;0.0;1.0;0.0;1.0;0.0;0.0;0.0;1.0;0.0;0.0
0.14298834;0.0;0.0;0.0;0.24926431;0.0;0.039222173;0.0;0.067641124;0.0;0.12900975;0.0;0.11659165;0.0;0.0;0.0;0.13986388;0.0;0.02714043;0.0;0.15744206;0.0;0.15171227;0.0;0.0;0.0;0.120991334;0.0;0.11712037;0.0;0.6878154;0.0;0.29274243;0.0;0.26584476;0.0;1.0;0.0;1.0;0.0;1.0;0.0;1.0;0.0;1.0;0.0;1.0;0.0;1.0;0.0;1.0;0.0;1.0;0.0;1.0;0.0;1.0;0.0;1.0;0.0;1.0;0.0;1.0;0.0;1.0;0.0;1.0;0.0;1.0;0.0;1.0;0.0;0.0;0.0;1.0;0.0;0.0
0.31555197;0.0;0.0;0.0;0.24880874;0.0;0.042586304;0.0;0.06547443;0.0;0.13132516;0.0;0.117092505;0.0;0.118543185;0.0;0.13672864;0.0;0.0651552;0.0;0.1591315;0.0;0.15143499;0.0;0.0;0.0;0.12560727;0.0;0.109361805;0.0;0.28683883;0.0;0.29039258;0.0;0.3349411;0.0;1.0;0.0;1.0;0.0;1.0;0.0;1.0;0.0;1.0;0.0;1.0;0.0;1.0;0.0;1.0;0.0;1.0;0.0;1.0;0.0;1.0;0.0;1.0;0.0;1.0;0.0;1.0;0.0;1.0;0.0;1.0;0.0;1.0;0.0;1.0;0.0;0.0;0.0;1.0;0.0;0.0
0.2863246;0.0;0.26461604;0.0;0.24865723;0.0;0.046643823;0.0;0.06351721;0.0;0.13389127;0.0;0.11774175;0.0;0.117741525;0.0;0.13389042;0.0;0.06702354;0.0;0.16105594;0.0;0.15134278;0.0;0.0;0.0;0.13075498;0.0;0.21251996;0.0;0.2884293;0.0;0.28842872;0.0;0.32798836;0.0;1.0;0.0;1.0;0.0;1.0;0.0;1.0;0.0;1.0;0.0;1.0;0.0;1.0;0.0;1.0;0.0;1.0;0.0;1.0;0.0;1.0;0.0;1.0;0.0;1.0;0.0;1.0;0.0;1.0;0.0;1.0;0.0;1.0;0.0;1.0;0.0;0.0;0.0;1.0;0.0;0.0
0.2750525;0.0;0.26818606;0.0;0.24880883;0.0;0.2614532;0.0;0.061746657;0.0;0.13672957;0.0;0.11854346;0.0;0.11709233;0.0;0.13132438;0.0;0.06908885;0.0;0.16322878;0.0;0.15143505;0.0;0.15913093;0.0;0.1365161;0.0;0.21702507;0.0;0.2903932;0.0;0.2868384;0.0;0.3217024;0.0;1.0;0.0;1.0;0.0;1.0;0.0;1.0;0.0;1.0;0.0;1.0;0.0;1.0;0.0;1.0;0.0;1.0;0.0;1.0;0.0;1.0;0.0;1.0;0.0;1.0;0.0;1.0;0.0;1.0;0.0;1.0;0.0;1.0;0.0;1.0;0.0;0.0;0.0;1.0;0.0;0.0
0.26494482;0.0;0.27218986;0.0;0.24926452;0.0;0.25867757;0.0;0.18374977;0.0;0.1398649;0.0;0.0;0.0;0.11659151;0.0;0.12900907;0.0;0.071375206;0.0;0.16566566;0.0;0.0;0.0;0.15744157;0.0;0.18706925;0.0;0.22200164;0.0;0.2927432;0.0;0.6878147;0.0;0.11099664;0.0;1.0;0.0;1.0;0.0;1.0;0.0;1.0;0.0;1.0;0.0;1.0;0.0;1.0;0.0;1.0;0.0;1.0;0.0;1.0;0.0;1.0;0.0;1.0;0.0;1.0;0.0;1.0;0.0;1.0;0.0;1.0;0.0;1.0;0.0;1.0;0.0;0.0;0.0;1.0;0.0;0.0
0.2558544;0.0;0.2766572;0.0;0.25002703;0.0;0.2562692;0.0;0.17931244;0.0;0.08278006;0.0;0.0;0.0;0.11623599;0.0;0.12692595;0.0;0.073911205;0.0;0.036390893;0.0;0.0;0.0;0.15597573;0.0;0.18255176;0.0;0.2274955;0.0;0.29549447;0.0;0.6857173;0.0;0.11962961;0.0;1.0;0.0;1.0;0.0;1.0;0.0;1.0;0.0;1.0;0.0;1.0;0.0;1.0;0.0;1.0;0.0;1.0;0.0;1.0;0.0;1.0;0.0;1.0;0.0;1.0;0.0;1.0;0.0;1.0;0.0;1.0;0.0;1.0;0.0;1.0;0.0;0.0;0.0;1.0;0.0;0.0
0.24765877;0.0;0.17902331;0.0;0.25110108;0.0;0.2542121;0.0;0.17529288;0.0;0.07903197;0.0;0.0;0.0;0.11602354;0.0;0.0;0.0;0.076730974;0.0;0.0339802;0.0;0.1528302;0.0;0.1547237;0.0;0.17845961;0.0;0.23355994;0.0;0.29866523;0.0;1.0;0.0;0.12989034;0.0;1.0;0.0;1.0;0.0;1.0;0.0;1.0;0.0;1.0;0.0;1.0;0.0;1.0;0.0;1.0;0.0;1.0;0.0;1.0;0.0;1.0;0.0;1.0;0.0;1.0;0.0;1.0;0.0;1.0;0.0;1.0;0.0;1.0;0.0;1.0;0.0;0.0;0.0;1.0;0.0;0.0
0.23127086;0.0;0.16809289;0.0;0.25249338;0.0;0.25249296;0.0;0.17165413;0.0;0.0756968;0.0;0.0;0.0;0.11595287;0.0;0.0;0.0;0.07987561;0.0;0.03190551;0.0;0.1536776;0.0;0.15367737;0.0;0.17475513;0.0;0.10971612;0.0;0.30227712;0.0;1.0;0.0;0.30227616;0.0;1.0;0.0;1.0;0.0;1.0;0.0;1.0;0.0;1.0;0.0;1.0;0.0;1.0;0.0;1.0;0.0;1.0;0.0;1.0;0.0;1.0;0.0;1.0;0.0;1.0;0.0;1.0;0.0;1.0;0.0;1.0;0.0;1.0;0.0;1.0;0.0;0.0;0.0;1.0;0.0;0.0
0.24146073;0.0;0.1586025;0.0;0.25421262;0.0;0.25110075;0.0;0.16836435;0.0;0.072716735;0.0;0.0;0.0;0.11602358;0.0;0.0;0.0;0.08339495;0.0;0.030104145;0.0;0.154724;0.0;0.15283002;0.0;0.0;0.0;0.11309697;0.0;0.13705648;0.0;1.0;0.0;0.29866442;0.0;1.0;0.0;1.0;0.0;1.0;0.0;1.0;0.0;1.0;0.0;1.0;0.0;1.0;0.0;1.0;0.0;1.0;0.0;1.0;0.0;1.0;0.0;1.0;0.0;1.0;0.0;1.0;0.0;1.0;0.0;1.0;0.0;1.0;0.0;1.0;0.0;0.0;0.0;1.0;0.0;0.0
0.25291222;0.0;0.15029982;0.0;0.0;0.0;0.2500268;0.0;0.165396;0.0;0.07004453;0.0;0.12692645;0.0;0.11623605;0.0;0.0;0.0;0.08735004;0.0;0.028528223;0.0;0.15597609;0.0;0.15217635;0.0;0.0;0.0;0.116839685;0.0;0.12622991;0.0;0.6857177;0.0;0.29549375;0.0;1.0;0.0;1.0;0.0;1.0;0.0;1.0;0.0;1.0;0.0;1.0;0.0;1.0;0.0;1.0;0.0;1.0;0.0;1.0;0.0;1.0;0.0;1.0;0.0;1.0;0.0;1.0;0.0;1.0;0.0;1.0;0.0;1.0;0.0;1.0;0.0;0.0;0.0;1.0;0.0;0.0
0.26584405;0.0;0.14298871;0.0;0.0;0.0;0.24926436;0.0;0.039221965;0.0;0.06764125;0.0;0.12900963;0.0;0.11659162;0.0;0.0;0.0;0.13986406;0.0;0.02714051;0.0;0.15744197;0.0;0.1517123;0.0;0.0;0.0;0.12099103;0.0;0.117120825;0.0;0.6878153;0.0;0.29274255;0.0;1.0;0.0;1.0;0.0;1.0;0.0;1.0;0.0;1.0;0.0;1.0;0.0;1.0;0.0;1.0;0.0;1.0;0.0;1.0;0.0;1.0;0.0;1.0;0.0;1.0;0.0;1.0;0.0;1.0;0.0;1.0;0.0;1.0;0.0;1.0;0.0;0.0;0.0;1.0;0.0;0.0
0.33494145;0.0;0.31555152;0.0;0.0;0.0;0.24880877;0.0;0.04258605;0.0;0.06547454;0.0;0.13132502;0.0;0.11709247;0.0;0.118543245;0.0;0.13672881;0.0;0.0651551;0.0;0.1591314;0.0;0.151435;0.0;0.0;0.0;0.12560692;0.0;0.1093622;0.0;0.28683877;0.0;0.2903927;0.0;1.0;0.0;1.0;0.0;1.0;0.0;1.0;0.0;1.0;0.0;1.0;0.0;1.0;0.0;1.0;0.0;1.0;0.0;1.0;0.0;1.0;0.0;1.0;0.0;1.0;0.0;1.0;0.0;1.0;0.0;1.0;0.0;1.0;0.0;1.0;0.0;0.0;0.0;1.0;0.0;0.0
0.32798868;0.0;0.28632525;0.0;0.26461583;0.0;0.24865723;0.0;0.046643518;0.0;0.06351731;0.0;0.13389114;0.0;0.117741704;0.0;0.11774156;0.0;0.13389057;0.0;0.06702342;0.0;0.16105582;0.0;0.15134278;0.0;0.0;0.0;0.13075462;0.0;0.21251972;0.0;0.28842917;0.0;0.28842884;0.0;1.0;0.0;1.0;0.0;1.0;0.0;1.0;0.0;1.0;0.0;1.0;0.0;1.0;0.0;1.0;0.0;1.0;0.0;1.0;0.0;1.0;0.0;1.0;0.0;1.0;0.0;1.0;0.0;1.0;0.0;1.0;0.0;1.0;0.0;1.0;0.0;0.0;0.0;1.0;0.0;0.0
0.3217027;0.0;0.27505305;0.0;0.26818585;0.0;0.24880882;0.0;0.26145342;0.0;0.061746746;0.0;0.1367294;0.0;0.11854341;0.0;0.117092356;0.0;0.13132451;0.0;0.06908871;0.0;0.16322866;0.0;0.15143505;0.0;0.15913104;0.0;0.13651569;0.0;0.2170248;0.0;0.29039308;0.0;0.28683847;0.0;1.0;0.0;1.0;0.0;1.0;0.0;1.0;0.0;1.0;0.0;1.0;0.0;1.0;0.0;1.0;0.0;1.0;0.0;1.0;0.0;1.0;0.0;1.0;0.0;1.0;0.0;1.0;0.0;1.0;0.0;1.0;0.0;1.0;0.0;1.0;0.0;0.0;0.0;1.0;0.0;0.0
0.11099623;0.0;0.26494533;0.0;0.27218962;0.0;0.24926448;0.0;0.25867775;0.0;0.18375003;0.0;0.13986473;0.0;0.0;0.0;0.116591536;0.0;0.1290092;0.0;0.07137506;0.0;0.1656655;0.0;0.0;0.0;0.15744165;0.0;0.18706958;0.0;0.22200136;0.0;0.29274306;0.0;0.68781483;0.0;1.0;0.0;1.0;0.0;1.0;0.0;1.0;0.0;1.0;0.0;1.0;0.0;1.0;0.0;1.0;0.0;1.0;0.0;1.0;0.0;1.0;0.0;1.0;0.0;1.0;0.0;1.0;0.0;1.0;0.0;1.0;0.0;1.0;0.0;1.0;0.0;0.0;0.0;1.0;0.0;0.0
0.119629145;0.0;0.25585485;0.0;0.27665693;0.0;0.250027;0.0;0.25626937;0.0;0.17931266;0.0;0.08278029;0.0;0.0;0.0;0.116235994;0.0;0.12692605;0.0;0.07391103;0.0;0.03639104;0.0;0.0;0.0;0.1559758;0.0;0.18255205;0.0;0.2274952;0.0;0.2954943;0.0;0.68571734;0.0;1.0;0.0;1.0;0.0;1.0;0.0;1.0;0.0;1.0;0.0;1.0;0.0;1.0;0.0;1.0;0.0;1.0;0.0;1.0;0.0;1.0;0.0;1.0;0.0;1.0;0.0;1.0;0.0;1.0;0.0;1.0;0.0;1.0;0.0;1.0;0.0;0.0;0.0;1.0;0.0;0.0
0.12988977;0.0;0.24765918;0.0;0.17902395;0.0;0.25110105;0.0;0.25421223;0.0;0.1752931;0.0;0.07903216;0.0;0.0;0.0;0.11602354;0.0;0.0;0.0;0.07673079;0.0;0.033980317;0.0;0.15283015;0.0;0.15472378;0.0;0.17845987;0.0;0.23355961;0.0;0.29866508;0.0;1.0;0.0;1.0;0.0;1.0;0.0;1.0;0.0;1.0;0.0;1.0;0.0;1.0;0.0;1.0;0.0;1.0;0.0;1.0;0.0;1.0;0.0;1.0;0.0;1.0;0.0;1.0;0.0;1.0;0.0;1.0;0.0;1.0;0.0;1.0;0.0;1.0;0.0;0.0;0.0;1.0;0.0;0.0
0.30227634;0.0;0.23127034;0.0;0.16809346;0.0;0.2524933;0.0;0.25249308;0.0;0.17165433;0.0;0.075696975;0.0;0.0;0.0;0.11595287;0.0;0.0;0.0;0.0798754;0.0;0.031905614;0.0;0.15367755;0.0;0.1536774;0.0;0.17475536;0.0;0.10971594;0.0;0.3022769;0.0;1.0;0.0;1.0;0.0;1.0;0.0;1.0;0.0;1.0;0.0;1.0;0.0;1.0;0.0;1.0;0.0;1.0;0.0;1.0;0.0;1.0;0.0;1.0;0.0;1.0;0.0;1.0;0.0;1.0;0.0;1.0;0.0;1.0;0.0;1.0;0.0;1.0;0.0;0.0;0.0;1.0;0.0;0.0
0.2986646;0.0;0.24146016;0.0;0.15860298;0.0;0.25421253;0.0;0.25110084;0.0;0.16836451;0.0;0.07271689;0.0;0.0;0.0;0.11602356;0.0;0.0;0.0;0.08339472;0.0;0.030104239;0.0;0.15472393;0.0;0.15283005;0.0;0.0;0.0;0.11309677;0.0;0.13705714;0.0;1.0;0.0;1.0;0.0;1.0;0.0;1.0;0.0;1.0;0.0;1.0;0.0;1.0;0.0;1.0;0.0;1.0;0.0;1.0;0.0;1.0;0.0;1.0;0.0;1.0;0.0;1.0;0.0;1.0;0.0;1.0;0.0;1.0;0.0;1.0;0.0;1.0;0.0;0.0;0.0;1.0;0.0;0.0
0.2954939;0.0;0.25291157;0.0;0.15030025;0.0;0.0;0.0;0.25002685;0.0;0.16539615;0.0;0.070044674;0.0;0.12692633;0.0;0.11623603;0.0;0.0;0.0;0.08734979;0.0;0.028528303;0.0;0.15597601;0.0;0.15217638;0.0;0.0;0.0;0.11683945;0.0;0.12623045;0.0;0.6857176;0.0;1.0;0.0;1.0;0.0;1.0;0.0;1.0;0.0;1.0;0.0;1.0;0.0;1.0;0.0;1.0;0.0;1.0;0.0;1.0;0.0;1.0;0.0;1.0;0.0;1.0;0.0;1.0;0.0;1.0;0.0;1.0;0.0;1.0;0.0;1.0;0.0;0.0;0.0;1.0;0.0;0.0
0.2927427;0.0;0.2658433;0.0;0.14298907;0.0;0.0;0.0;0.24926439;0.0;0.039221793;0.0;0.06764138;0.0;0.1290095;0.0;0.116591595;0.0;0.0;0.0;0.13986427;0.0;0.027140582;0.0;0.15744188;0.0;0.15171231;0.0;0.0;0.0;0.12099079;0.0;0.11712128;0.0;0.6878151;0.0;1.0;0.0;1.0;0.0;1.0;0.0;1.0;0.0;1.0;0.0;1.0;0.0;1.0;0.0;1.0;0.0;1.0;0.0;1.0;0.0;1.0;0.0;1.0;0.0;1.0;0.0;1.0;0.0;1.0;0.0;1.0;0.0;1.0;0.0;1.0;0.0;0.0;0.0;1.0;0.0;0.0
0.29039282;0.0;0.33494183;0.0;0.31555104;0.0;0.0;0.0;0.24880877;0.0;0.042585853;0.0;0.06547465;0.0;0.13132486;0.0;0.117092445;0.0;0.11854328;0.0;0.13672899;0.0;0.065155;0.0;0.1591313;0.0;0.15143502;0.0;0.0;0.0;0.12560666;0.0;0.10936259;0.0;0.28683868;0.0;1.0;0.0;1.0;0.0;1.0;0.0;1.0;0.0;1.0;0.0;1.0;0.0;1.0;0.0;1.0;0.0;1.0;0.0;1.0;0.0;1.0;0.0;1.0;0.0;1.0;0.0;1.0;0.0;1.0;0.0;1.0;0.0;1.0;0.0;1.0;0.0;0.0;0.0;1.0;0.0;0.0
0.28842893;0.0;0.32798904;0.0;0.2863259;0.0;0.26461568;0.0;0.24865723;0.0;0.046643276;0.0;0.063517414;0.0;0.13389096;0.0;0.11774167;0.0;0.1177416;0.0;0.13389073;0.0;0.067023315;0.0;0.16105571;0.0;0.15134278;0.0;0.0;0.0;0.13075432;0.0;0.21251948;0.0;0.28842908;0.0;1.0;0.0;1.0;0.0;1.0;0.0;1.0;0.0;1.0;0.0;1.0;0.0;1.0;0.0;1.0;0.0;1.0;0.0;1.0;0.0;1.0;0.0;1.0;0.0;1.0;0.0;1.0;0.0;1.0;0.0;1.0;0.0;1.0;0.0;1.0;0.0;0.0;0.0;1.0;0.0;0.0
0.28683856;0.0;0.32170302;0.0;0.27505365;0.0;0.26818565;0.0;0.24880882;0.0;0.26145357;0.0;0.061746843;0.0;0.13672923;0.0;0.118543364;0.0;0.11709239;0.0;0.13132468;0.0;0.06908859;0.0;0.16322854;0.0;0.15143503;0.0;0.15913115;0.0;0.13651535;0.0;0.21702453;0.0;0.290393;0.0;1.0;0.0;1.0;0.0;1.0;0.0;1.0;0.0;1.0;0.0;1.0;0.0;1.0;0.0;1.0;0.0;1.0;0.0;1.0;0.0;1.0;0.0;1.0;0.0;1.0;0.0;1.0;0.0;1.0;0.0;1.0;0.0;1.0;0.0;1.0;0.0;0.0;0.0;1.0;0.0;0.0
0.68781495;0.0;0.11099581;0.0;0.26494586;0.0;0.27218938;0.0;0.24926445;0.0;0.2586779;0.0;0.18375027;0.0;0.13986453;0.0;0.0;0.0;0.11659156;0.0;0.12900934;0.0;0.07137493;0.0;0.16566537;0.0;0.0;0.0;0.15744177;0.0;0.18706985;0.0;0.22200108;0.0;0.2927429;0.0;1.0;0.0;1.0;0.0;1.0;0.0;1.0;0.0;1.0;0.0;1.0;0.0;1.0;0.0;1.0;0.0;1.0;0.0;1.0;0.0;1.0;0.0;1.0;0.0;1.0;0.0;1.0;0.0;1.0;0.0;1.0;0.0;1.0;0.0;1.0;0.0;0.0;0.0;1.0;0.0;0.0
0.68571746;0.0;0.11962863;0.0;0.25585532;0.0;0.2766567;0.0;0.2500269;0.0;0.25626945;0.0;0.1793129;0.0;0.082780525;0.0;0.0;0.0;0.11623601;0.0;0.12692617;0.0;0.07391089;0.0;0.036391176;0.0;0.0;0.0;0.15597591;0.0;0.18255228;0.0;0.22749488;0.0;0.29549414;0.0;1.0;0.0;1.0;0.0;1.0;0.0;1.0;0.0;1.0;0.0;1.0;0.0;1.0;0.0;1.0;0.0;1.0;0.0;1.0;0.0;1.0;0.0;1.0;0.0;1.0;0.0;1.0;0.0;1.0;0.0;1.0;0.0;1.0;0.0;1.0;0.0;0.0;0.0;1.0;0.0;0.0
1.0;0.0;0.12988916;0.0;0.24765964;0.0;0.1790246;0.0;0.25110096;0.0;0.25421232;0.0;0.1752933;0.0;0.07903238;0.0;0.0;0.0;0.116023555;0.0;0.0;0.0;0.07673063;0.0;0.033980444;0.0;0.15283012;0.0;0.15472385;0.0;0.17846009;0.0;0.23355925;0.0;0.29866487;0.0;1.0;0.0;1.0;0.0;1.0;0.0;1.0;0.0;1.0;0.0;1.0;0.0;1.0;0.0;1.0;0.0;1.0;0.0;1.0;0.0;1.0;0.0;1.0;0.0;1.0;0.0;1.0;0.0;1.0;0.0;1.0;0.0;1.0;0.0;1.0;0.0;0.0;0.0;1.0;0.0;0.0
1.0;0.0;0.30227655;0.0;0.2312698;0.0;0.168094;0.0;0.2524932;0.0;0.25249314;0.0;0.17165452;0.0;0.07569717;0.0;0.0;0.0;0.11595287;0.0;0.0;0.0;0.079875216;0.0;0.03190572;0.0;0.1536775;0.0;0.15367748;0.0;0.17475554;0.0;0.109715775;0.0;0.30227667;0.0;1.0;0.0;1.0;0.0;1.0;0.0;1.0;0.0;1.0;0.0;1.0;0.0;1.0;0.0;1.0;0.0;1.0;0.0;1.0;0.0;1.0;0.0;1.0;0.0;1.0;0.0;1.0;0.0;1.0;0.0;1.0;0.0;1.0;0.0;1.0;0.0;1.0;0.0;0.0;0.0;0.0
1.0;0.0;0.29163474;0.0;0.2312698;0.0;0.14809395;0.0;0.2524932;0.0;0.25249314;0.0;0.17165452;0.0;0.07569717;0.0;0.0;0.0;0.12595291;0.0;0.0;0.0;0.079875216;0.0;0.051905774;0.0;0.1536775;0.0;0.15367748;0.0;0.17475554;0.0;0.22720242;0.0;0.29163486;0.0;1.0;0.0;1.0;0.0;1.0;0.0;1.0;0.0;1.0;0.0;1.0;0.0;1.0;0.0;1.0;0.0;1.0;0.0;1.0;0.0;1.0;0.0;1.0;0.0;1.0;0.0;1.0;0.0;1.0;0.0;1.0;0.0;1.0;0.0;1.0;0.0;1.0;0.0;0.0;0.0;0.0
1.0;0.0;0.28099293;0.0;0.2312698;0.0;0.1280939;0.0;0.2524932;0.0;0.25249314;0.0;0.17165452;0.0;0.07569717;0.0;0.14467815;0.0;0.13595295;0.0;0.0;0.0;0.079875216;0.0;0.07190583;0.0;0.0;0.0;0.15367748;0.0;0.17475554;0.0;0.21414828;0.0;0.28099304;0.0;1.0;0.0;1.0;0.0;1.0;0.0;1.0;0.0;1.0;0.0;1.0;0.0;1.0;0.0;1.0;0.0;1.0;0.0;1.0;0.0;1.0;0.0;1.0;0.0;1.0;0.0;1.0;0.0;1.0;0.0;1.0;0.0;1.0;0.0;1.0;0.0;1.0;0.0;0.0;0.0;0.0
1.0;0.0;0.2703511;0.0;0.2312698;0.0;0.10809386;0.0;0.0;0.0;0.0;0.0;0.09190607;0.0;0.07569717;0.0;0.15531996;0.0;0.14595298;0.0;0.1553199;0.0;0.079875216;0.0;0.17475563;0.0;0.1536775;0.0;0.15367748;0.0;0.17475554;0.0;0.20109415;0.0;0.27035123;0.0;1.0;0.0;1.0;0.0;1.0;0.0;1.0;0.0;1.0;0.0;1.0;0.0;1.0;0.0;1.0;0.0;1.0;0.0;1.0;0.0;1.0;0.0;1.0;0.0;1.0;0.0;1.0;0.0;1.0;0.0;1.0;0.0;1.0;0.0;1.0;0.0;1.0;0.0;0.0;0.0;0.0
1.0;0.0;0.2597093;0.0;0.2312698;0.0;0.08809381;0.0;0.0;0.0;0.0;0.0;0.11190617;0.0;0.07569717;0.0;0.16596177;0.0;0.15595302;0.0;0.16596171;0.0;0.079875216;0.0;0.17475563;0.0;0.1536775;0.0;0.0;0.0;0.08809399;0.0;0.18804003;0.0;0.25970942;0.0;1.0;0.0;1.0;0.0;1.0;0.0;1.0;0.0;1.0;0.0;1.0;0.0;1.0;0.0;1.0;0.0;1.0;0.0;1.0;0.0;1.0;0.0;1.0;0.0;1.0;0.0;1.0;0.0;1.0;0.0;1.0;0.0;1.0;0.0;1.0;0.0;1.0;0.0;0.0;0.0;0.0
1.0;0.0;0.24906747;0.0;0.2312698;0.0;0.28712478;0.0;0.2524932;0.0;0.25249314;0.0;0.13190626;0.0;0.07569717;0.0;0.17660359;0.0;0.16595307;0.0;0.17660354;0.0;0.079875216;0.0;0.17475563;0.0;0.1536775;0.0;0.0;0.0;0.0680939;0.0;0.1749859;0.0;0.24906757;0.0;1.0;0.0;1.0;0.0;1.0;0.0;1.0;0.0;1.0;0.0;1.0;0.0;1.0;0.0;1.0;0.0;1.0;0.0;1.0;0.0;1.0;0.0;1.0;0.0;1.0;0.0;1.0;0.0;1.0;0.0;1.0;0.0;1.0;0.0;1.0;0.0;1.0;0.0;0.0;0.0;0.0
1.0;0.0;0.23842566;0.0;0.2312698;0.0;0.28712478;0.0;0.2524932;0.0;0.25249314;0.0;0.15190636;0.0;0.07569717;0.0;0.18724541;0.0;0.1759531;0.0;0.18724535;0.0;0.079875216;0.0;0.17475563;0.0;0.1536775;0.0;0.15367748;0.0;0.048093818;0.0;0.16193178;0.0;0.23842576;0.0;1.0;0.0;1.0;0.0;1.0;0.0;1.0;0.0;1.0;0.0;1.0;0.0;1.0;0.0;1.0;0.0;1.0;0.0;1.0;0.0;1.0;0.0;1.0;0.0;1.0;0.0;1.0;0.0;1.0;0.0;1.0;0.0;1.0;0.0;1.0;0.0;1.0;0.0;0.0;0.0;0.0
1.0;0.0;0.22778384;0.0;0.2312698;0.0;0.28712478;0.0;0.2524932;0.0;0.25249314;0.0;0.17190646;0.0;0.24274465;0.0;0.19788724;0.0;0.18595314;0.0;0.19788717;0.0;0.112203814;0.0;0.17475563;0.0;0.1536775;0.0;0.15367748;0.0;0.028093731;0.0;0.14887765;0.0;0.22778395;0.0;1.0;0.0;1.0;0.0;1.0;0.0;1.0;0.0;1.0;0.0;1.0;0.0;1.0;0.0;1.0;0.0;1.0;0.0;1.0;0.0;1.0;0.0;1.0;0.0;1.0;0.0;1.0;0.0;1.0;0.0;1.0;0.0;1.0;0.0;1.0;0.0;1.0;0.0;0.0;0.0;0.0
1.0;0.0;0.21714203;0.0;0.2312698;0.0;0.28712478;0.0;0.2524932;0.0;0.25249314;0.0;0.19190654;0.0;0.2557988;0.0;0.20852907;0.0;0.19595318;0.0;0.208529;0.0;0.12525794;0.0;0.0;0.0;0.1536775;0.0;0.15367748;0.0;0.008093647;0.0;0.13582352;0.0;0.21714213;0.0;1.0;0.0;1.0;0.0;1.0;0.0;1.0;0.0;1.0;0.0;1.0;0.0;1.0;0.0;1.0;0.0;1.0;0.0;1.0;0.0;1.0;0.0;1.0;0.0;1.0;0.0;1.0;0.0;1.0;0.0;1.0;0.0;1.0;0.0;1.0;0.0;1.0;0.0;0.0;0.0;0.0
1.0;0.0;0.20650022;0.0;0.2533099;0.0;0.18809327;0.0;0.2524932;0.0;0.25249314;0.0;0.28712454;0.0;0.23126948;0.0;0.21917088;0.0;0.20595321;0.0;0.21917081;0.0;0.13831206;0.0;0.011906422;0.0;0.1536775;0.0;0.15367748;0.0;0.0;0.0;0.12276939;0.0;0.20650029;0.0;1.0;0.0;1.0;0.0;1.0;0.0;1.0;0.0;1.0;0.0;1.0;0.0;1.0;0.0;1.0;0.0;1.0;0.0;1.0;0.0;1.0;0.0;1.0;0.0;1.0;0.0;1.0;0.0;1.0;0.0;1.0;0.0;1.0;0.0;1.0;0.0;1.0;0.0;0.0;0.0;0.0
1.0;0.0;0.1958584;0.0;0.24025579;0.0;0.16809323;0.0;0.2524932;0.0;0.25249314;0.0;0.28712454;0.0;0.23126948;0.0;0.2298127;0.0;0.21595326;0.0;0.22981262;0.0;0.15136616;0.0;0.031906478;0.0;0.1536775;0.0;0.15367748;0.0;0.17475554;0.0;0.10971527;0.0;0.19585848;0.0;1.0;0.0;1.0;0.0;1.0;0.0;1.0;0.0;1.0;0.0;1.0;0.0;1.0;0.0;1.0;0.0;1.0;0.0;1.0;0.0;1.0;0.0;1.0;0.0;1.0;0.0;1.0;0.0;1.0;0.0;1.0;0.0;1.0;0.0;1.0;0.0;1.0;0.0;0.0;0.0;0.0
1.0;0.0;0.18521659;0.0;0.07569728;0.0;0.1480932;0.0;0.2524932;0.0;0.25249314;0.0;0.28712454;0.0;0.23126948;0.0;0.24045451;0.0;0.2259533;0.0;0.24045444;0.0;0.16442028;0.0;0.051906537;0.0;0.1536775;0.0;0.15367748;0.0;0.17475554;0.0;0.07987514;0.0;0.18521667;0.0;1.0;0.0;1.0;0.0;1.0;0.0;1.0;0.0;1.0;0.0;1.0;0.0;1.0;0.0;1.0;0.0;1.0;0.0;1.0;0.0;1.0;0.0;1.0;0.0;1.0;0.0;1.0;0.0;1.0;0.0;1.0;0.0;1.0;0.0;1.0;0.0;1.0;0.0;0.0;0.0;0.0
1.0;0.0;0.17457478;0.0;0.07569728;0.0;0.12809314;0.0;0.2524932;0.0;0.25249314;0.0;0.28712454;0.0;0.23126948;0.0;0.25109634;0.0;0.23595333;0.0;0.25109625;0.0;0.17747441;0.0;0.07190659;0.0;0.0;0.0;0.15367748;0.0;0.17475554;0.0;0.07987514;0.0;0.17457484;0.0;1.0;0.0;1.0;0.0;1.0;0.0;1.0;0.0;1.0;0.0;1.0;0.0;1.0;0.0;1.0;0.0;1.0;0.0;1.0;0.0;1.0;0.0;1.0;0.0;1.0;0.0;1.0;0.0;1.0;0.0;1.0;0.0;1.0;0.0;1.0;0.0;1.0;0.0;0.0;0.0;0.0
1.0;0.0;0.16393295;0.0;0.07569728;0.0;0.1080931;0.0;0.0;0.0;0.0;0.0;0.09190683;0.0;0.23126948;0.0;0.26173815;0.0;0.24595337;0.0;0.2617381;0.0;0.19052853;0.0;0.17475563;0.0;0.1536775;0.0;0.15367748;0.0;0.17475554;0.0;0.07987514;0.0;0.16393302;0.0;1.0;0.0;1.0;0.0;1.0;0.0;1.0;0.0;1.0;0.0;1.0;0.0;1.0;0.0;1.0;0.0;1.0;0.0;1.0;0.0;1.0;0.0;1.0;0.0;1.0;0.0;1.0;0.0;1.0;0.0;1.0;0.0;1.0;0.0;1.0;0.0;1.0;0.0;0.0;0.0;0.0
1.0;0.0;0.15329114;0.0;0.07569728;0.0;0.08809305;0.0;0.0;0.0;0.0;0.0;0.11190693;0.0;0.23126948;0.0;0.27237996;0.0;0.2559534;0.0;0.2723799;0.0;0.20358264;0.0;0.17475563;0.0;0.1536775;0.0;0.0;0.0;0.08809323;0.0;0.07987514;0.0;0.1532912;0.0;1.0;0.0;1.0;0.0;1.0;0.0;1.0;0.0;1.0;0.0;1.0;0.0;1.0;0.0;1.0;0.0;1.0;0.0;1.0;0.0;1.0;0.0;1.0;0.0;1.0;0.0;1.0;0.0;1.0;0.0;1.0;0.0;1.0;0.0;1.0;0.0;1.0;0.0;0.0;0.0;0.0
1.0;0.0;0.14264932;0.0;0.07569728;0.0;0.17165467;0.0;0.2524932;0.0;0.25249314;0.0;0.13190702;0.0;0.23126948;0.0;0.2830218;0.0;0.26595345;0.0;0.28302172;0.0;0.21663675;0.0;0.17475563;0.0;0.1536775;0.0;0.0;0.0;0.068093136;0.0;0.07987514;0.0;0.14264938;0.0;1.0;0.0;1.0;0.0;1.0;0.0;1.0;0.0;1.0;0.0;1.0;0.0;1.0;0.0;1.0;0.0;1.0;0.0;1.0;0.0;1.0;0.0;1.0;0.0;1.0;0.0;1.0;0.0;1.0;0.0;1.0;0.0;1.0;0.0;1.0;0.0;1.0;0.0;0.0;0.0;0.0
1.0;0.0;0.13200751;0.0;0.07569728;0.0;0.17165467;0.0;0.2524932;0.0;0.25249314;0.0;0.15190712;0.0;0.23126948;0.0;0.29366362;0.0;0.27595347;0.0;0.29366353;0.0;0.22969086;0.0;0.17475563;0.0;0.1536775;0.0;0.15367748;0.0;0.04809306;0.0;0.07987514;0.0;0.13200757;0.0;1.0;0.0;1.0;0.0;1.0;0.0;1.0;0.0;1.0;0.0;1.0;0.0;1.0;0.0;1.0;0.0;1.0;0.0;1.0;0.0;1.0;0.0;1.0;0.0;1.0;0.0;1.0;0.0;1.0;0.0;1.0;0.0;1.0;0.0;1.0;0.0;1.0;0.0;0.0;0.0;0.0
1.0;0.0;0.1213657;0.0;0.07569728;0.0;0.17165467;0.0;0.2524932;0.0;0.25249314;0.0;0.17190722;0.0;0.23126948;0.0;0.30430543;0.0;0.28595352;0.0;0.30430534;0.0;0.11220431;0.0;0.17475563;0.0;0.1536775;0.0;0.15367748;0.0;0.02809297;0.0;0.07987514;0.0;0.12136574;0.0;1.0;0.0;1.0;0.0;1.0;0.0;1.0;0.0;1.0;0.0;1.0;0.0;1.0;0.0;1.0;0.0;1.0;0.0;1.0;0.0;1.0;0.0;1.0;0.0;1.0;0.0;1.0;0.0;1.0;0.0;1.0;0.0;1.0;0.0;1.0;0.0;1.0;0.0;0.0;0.0;0.0
1.0;0.0;0.110723875;0.0;0.07569728;0.0;0.17165467;0.0;0.2524932;0.0;0.25249314;0.0;0.19190732;0.0;0.23126948;0.0;0.31494728;0.0;0.29595357;0.0;0.31494716;0.0;0.12525843;0.0;0.0;0.0;0.1536775;0.0;0.15367748;0.0;0.008092884;0.0;0.07987514;0.0;0.11072393;0.0;1.0;0.0;1.0;0.0;1.0;0.0;1.0;0.0;1.0;0.0;1.0;0.0;1.0;0.0;1.0;0.0;1.0;0.0;1.0;0.0;1.0;0.0;1.0;0.0;1.0;0.0;1.0;0.0;1.0;0.0;1.0;0.0;1.0;0.0;1.0;0.0;1.0;0.0;0.0;0.0;0.0
0.9940464;0.0;0.10008206;0.0;0.07569728;0.0;0.17165467;0.0;0.2524932;0.0;0.25249314;0.0;0.28712454;0.0;0.2688534;0.0;0.3255891;0.0;0.3059536;0.0;0.325589;0.0;0.13831255;0.0;0.0119071845;0.0;0.1536775;0.0;0.15367748;0.0;0.0;0.0;0.07987514;0.0;0.1000821;0.0;1.0;0.0;1.0;0.0;1.0;0.0;1.0;0.0;1.0;0.0;1.0;0.0;1.0;0.0;1.0;0.0;1.0;0.0;1.0;0.0;1.0;0.0;1.0;0.0;1.0;0.0;1.0;0.0;1.0;0.0;1.0;0.0;1.0;0.0;1.0;0.0;1.0;0.0;0.0;0.0;0.0
0.98404634;0.0;0.08944025;0.0;0.07569728;0.0;0.056184553;0.0;0.2524932;0.0;0.25249314;0.0;0.28712454;0.0;0.28190753;0.0;0.14226402;0.0;0.31595364;0.0;0.1501164;0.0;0.15136667;0.0;0.03190724;0.0;0.1536775;0.0;0.15367748;0.0;0.059285514;0.0;0.07987514;0.0;0.089440286;0.0;1.0;0.0;1.0;0.0;1.0;0.0;1.0;0.0;1.0;0.0;1.0;0.0;1.0;0.0;1.0;0.0;1.0;0.0;1.0;0.0;1.0;0.0;1.0;0.0;1.0;0.0;1.0;0.0;1.0;0.0;1.0;0.0;1.0;0.0;1.0;0.0;1.0;0.0;0.0;0.0;0.0
0.97404635;0.0;0.078798436;0.0;0.09666055;0.0;0.056184553;0.0;0.2524932;0.0;0.25249314;0.0;0.28712454;0.0;0.29496166;0.0;0.14226402;0.0;0.32595366;0.0;0.1501164;0.0;0.16442078;0.0;0.0519073;0.0;0.1536775;0.0;0.15367748;0.0;0.059285514;0.0;0.096660644;0.0;0.078798465;0.0;1.0;0.0;1.0;0.0;1.0;0.0;1.0;0.0;1.0;0.0;1.0;0.0;1.0;0.0;1.0;0.0;1.0;0.0;1.0;0.0;1.0;0.0;1.0;0.0;1.0;0.0;1.0;0.0;1.0;0.0;1.0;0.0;1.0;0.0;1.0;0.0;1.0;0.0;0.0;0.0;0.0
0.9640463;0.0;0.068156615;0.0;0.08360644;0.0;0.056184553;0.0;0.2524932;0.0;0.25249314;0.0;0.28712454;0.0;0.3080158;0.0;0.14226402;0.0;0.3359537;0.0;0.1501164;0.0;0.1774749;0.0;0.07190736;0.0;0.0;0.0;0.15367748;0.0;0.059285514;0.0;0.08360652;0.0;0.068156645;0.0;1.0;0.0;1.0;0.0;1.0;0.0;1.0;0.0;1.0;0.0;1.0;0.0;1.0;0.0;1.0;0.0;1.0;0.0;1.0;0.0;1.0;0.0;1.0;0.0;1.0;0.0;1.0;0.0;1.0;0.0;1.0;0.0;1.0;0.0;1.0;0.0;1.0;0.0;0.0;0.0;0.0
0.95404625;0.0;0.057514805;0.0;0.07055232;0.0;0.056184553;0.0;0.0;0.0;0.0;0.0;0.0919076;0.0;0.32106993;0.0;0.14226402;0.0;0.34595376;0.0;0.1501164;0.0;0.19052902;0.0;0.17475563;0.0;0.1536775;0.0;0.15367748;0.0;0.059285514;0.0;0.070552394;0.0;0.057514824;0.0;1.0;0.0;1.0;0.0;1.0;0.0;1.0;0.0;1.0;0.0;1.0;0.0;1.0;0.0;1.0;0.0;1.0;0.0;1.0;0.0;1.0;0.0;1.0;0.0;1.0;0.0;1.0;0.0;1.0;0.0;1.0;0.0;1.0;0.0;1.0;0.0;1.0;0.0;0.0;0.0;0.0
0.9440462;0.0;0.04687299;0.0;0.057498205;0.0;0.056184553;0.0;0.0;0.0;0.0;0.0;0.1119077;0.0;0.33412403;0.0;0.14226402;0.0;0.35595378;0.0;0.1501164;0.0;0.20358315;0.0;0.17475563;0.0;0.1536775;0.0;0.0;0.0;0.059285514;0.0;0.057498265;0.0;0.046873007;0.0;1.0;0.0;1.0;0.0;1.0;0.0;1.0;0.0;1.0;0.0;1.0;0.0;1.0;0.0;1.0;0.0;1.0;0.0;1.0;0.0;1.0;0.0;1.0;0.0;1.0;0.0;1.0;0.0;1.0;0.0;1.0;0.0;1.0;0.0;1.0;0.0;1.0;0.0;0.0;0.0;0.0
0.93404615;0.0;0.03623117;0.0;0.04444409;0.0;0.056184553;0.0;0.15095052;0.0;0.25249314;0.0;0.13190779;0.0;0.34717816;0.0;0.14226402;0.0;0.36595383;0.0;0.1501164;0.0;0.21663725;0.0;0.17475563;0.0;0.1536775;0.0;0.0;0.0;0.059285514;0.0;0.044444136;0.0;0.35548455;0.0;1.0;0.0;1.0;0.0;1.0;0.0;1.0;0.0;1.0;0.0;1.0;0.0;1.0;0.0;1.0;0.0;1.0;0.0;1.0;0.0;1.0;0.0;1.0;0.0;1.0;0.0;1.0;0.0;1.0;0.0;1.0;0.0;1.0;0.0;1.0;0.0;1.0;0.0;0.0;0.0;0.0
0.92404616;0.0;0.4512604;0.0;0.031389978;0.0;0.056184553;0.0;0.049407847;0.0;0.25249314;0.0;0.15190789;0.0;0.3602323;0.0;0.14226402;0.0;0.37595385;0.0;0.1501164;0.0;0.22969136;0.0;0.17475563;0.0;0.1536775;0.0;0.05213482;0.0;0.059285514;0.0;0.03139001;0.0;0.34484273;0.0;1.0;0.0;1.0;0.0;1.0;0.0;1.0;0.0;1.0;0.0;1.0;0.0;1.0;0.0;1.0;0.0;1.0;0.0;1.0;0.0;1.0;0.0;1.0;0.0;1.0;0.0;1.0;0.0;1.0;0.0;1.0;0.0;1.0;0.0;1.0;0.0;1.0;0.0;0.0;0.0;0.0
0.9140461;0.0;0.44061857;0.0;0.018335864;0.0;0.056184553;0.0;0.049407847;0.0;0.25249314;0.0;0.17190799;0.0;0.37328643;0.0;0.14226402;0.0;0.3859539;0.0;0.1501164;0.0;0.11220481;0.0;0.17475563;0.0;0.1536775;0.0;0.05213482;0.0;0.059285514;0.0;0.018335883;0.0;0.15011606;0.0;1.0;0.0;1.0;0.0;1.0;0.0;1.0;0.0;1.0;0.0;1.0;0.0;1.0;0.0;1.0;0.0;1.0;0.0;1.0;0.0;1.0;0.0;1.0;0.0;1.0;0.0;1.0;0.0;1.0;0.0;1.0;0.0;1.0;0.0;1.0;0.0;1.0;0.0;0.0;0.0;0.0
0.90404606;0.0;0.1422645;0.0;0.005281751;0.0;0.056184553;0.0;0.049407847;0.0;0.25249314;0.0;0.19190808;0.0;0.38634056;0.0;0.14226402;0.0;0.39595395;0.0;0.1501164;0.0;0.12525892;0.0;0.0;0.0;0.1536775;0.0;0.05213482;0.0;0.059285514;0.0;0.005281756;0.0;0.15011606;0.0;1.0;0.0;1.0;0.0;1.0;0.0;1.0;0.0;1.0;0.0;1.0;0.0;1.0;0.0;1.0;0.0;1.0;0.0;1.0;0.0;1.0;0.0;1.0;0.0;1.0;0.0;1.0;0.0;1.0;0.0;1.0;0.0;1.0;0.0;1.0;0.0;1.0;0.0;0.0;0.0;0.0
0.894046;0.0;0.1422645;0.0;0.0;0.0;0.056184553;0.0;0.049407847;0.0;0.25249314;0.0;0.28712454;0.0;0.2688539;0.0;0.14226402;0.0;0.40595397;0.0;0.1501164;0.0;0.13831304;0.0;0.011907948;0.0;0.1536775;0.0;0.05213482;0.0;0.059285514;0.0;0.0;0.0;0.15011606;0.0;1.0;0.0;1.0;0.0;1.0;0.0;1.0;0.0;1.0;0.0;1.0;0.0;1.0;0.0;1.0;0.0;1.0;0.0;1.0;0.0;1.0;0.0;1.0;0.0;1.0;0.0;1.0;0.0;1.0;0.0;1.0;0.0;1.0;0.0;1.0;0.0;1.0;0.0;0.0;0.0;0.0
0.8840462;0.0;0.1422645;0.0;0.0;0.0;0.0;0.0;0.049407847;0.0;0.0;0.0;0.28712454;0.0;0.2819078;0.0;0.4426489;0.0;0.41595381;0.0;0.336231;0.0;0.15136692;0.0;0.031907625;0.0;0.0;0.0;0.05213482;0.0;0.0;0.0;0.0;0.0;0.15011606;0.0;1.0;0.0;1.0;0.0;1.0;0.0;1.0;0.0;1.0;0.0;1.0;0.0;1.0;0.0;1.0;0.0;1.0;0.0;1.0;0.0;1.0;0.0;1.0;0.0;1.0;0.0;1.0;0.0;1.0;0.0;1.0;0.0;1.0;0.0;1.0;0.0;1.0;0.0;0.0;0.0;0.0
0.8740463;0.0;0.1422645;0.0;0.0;0.0;0.0;0.0;0.049407847;0.0;0.0;0.0;0.28712454;0.0;0.29496166;0.0;0.45329052;0.0;0.4259537;0.0;0.34687263;0.0;0.16442078;0.0;0.0519073;0.0;0.0;0.0;0.05213482;0.0;0.0;0.0;0.0;0.0;0.15011606;0.0;1.0;0.0;1.0;0.0;1.0;0.0;1.0;0.0;1.0;0.0;1.0;0.0;1.0;0.0;1.0;0.0;1.0;0.0;1.0;0.0;1.0;0.0;1.0;0.0;1.0;0.0;1.0;0.0;1.0;0.0;1.0;0.0;1.0;0.0;1.0;0.0;1.0;0.0;0.0;0.0;0.0
0.86404645;0.0;0.1422645;0.0;0.0;0.0;0.0;0.0;0.049407847;0.0;0.049407836;0.0;0.0;0.0;0.30801553;0.0;0.46393213;0.0;0.43595353;0.0;0.35751423;0.0;0.17747465;0.0;0.0;0.0;0.052134823;0.0;0.05213482;0.0;0.0;0.0;0.0;0.0;0.15011606;0.0;1.0;0.0;1.0;0.0;1.0;0.0;1.0;0.0;1.0;0.0;1.0;0.0;1.0;0.0;1.0;0.0;1.0;0.0;1.0;0.0;1.0;0.0;1.0;0.0;1.0;0.0;1.0;0.0;1.0;0.0;1.0;0.0;1.0;0.0;1.0;0.0;1.0;0.0;0.0;0.0;0.0
0.85404664;0.0;0.1422645;0.0;0.38684234;0.0;0.0;0.0;0.049407847;0.0;0.049407836;0.0;0.0;0.0;0.32106942;0.0;0.47457376;0.0;0.44595337;0.0;0.36815584;0.0;0.19052853;0.0;0.0;0.0;0.052134823;0.0;0.05213482;0.0;0.0;0.0;0.20109364;0.0;0.15011606;0.0;1.0;0.0;1.0;0.0;1.0;0.0;1.0;0.0;1.0;0.0;1.0;0.0;1.0;0.0;1.0;0.0;1.0;0.0;1.0;0.0;1.0;0.0;1.0;0.0;1.0;0.0;1.0;0.0;1.0;0.0;1.0;0.0;9.0;0.0;1.0;0.0;1.0;0.0;0.0;0.0;0.0
0.8440468;0.0;0.1422645;0.0;0.38684234;0.0;0.0;0.0;0.049407847;0.0;0.049407836;0.0;0.0;0.0;0.3341233;0.0;0.48521537;0.0;0.4559532;0.0;0.37879747;0.0;0.20358238;0.0;0.0;0.0;0.052134823;0.0;0.05213482;0.0;0.0;0.0;0.18803978;0.0;0.15011606;0.0;1.0;0.0;1.0;0.0;1.0;0.0;1.0;0.0;1.0;0.0;1.0;0.0;1.0;0.0;1.0;0.0;1.0;0.0;1.0;0.0;1.0;0.0;1.0;0.0;1.0;0.0;1.0;0.0;1.0;0.0;1.0;0.0;9.0;0.0;1.0;0.0;1.0;0.0;0.0;0.0;0.0
0.83404696;0.0;0.1422645;0.0;0.38684234;0.0;0.0;0.0;0.049407847;0.0;0.049407836;0.0;0.0;0.0;0.0;0.0;0.495857;0.0;0.46595305;0.0;0.38943905;0.0;0.0;0.0;0.0;0.0;0.052134823;0.0;0.05213482;0.0;0.0;0.0;0.1749859;0.0;0.15011606;0.0;1.0;0.0;1.0;0.0;1.0;0.0;1.0;0.0;1.0;0.0;1.0;0.0;1.0;0.0;1.0;0.0;1.0;0.0;1.0;0.0;1.0;0.0;1.0;0.0;1.0;0.0;1.0;0.0;1.0;0.0;1.0;0.0;9.0;0.0;1.0;0.0;1.0;0.0;0.0;0.0;0.0
0.8240471;0.0;0.1422645;0.0;0.38684234;0.0;0.6335351;0.0;0.0;0.0;0.049407836;0.0;0.0;0.0;0.0;0.0;0.50649863;0.0;0.47595292;0.0;0.40008068;0.0;0.0;0.0;0.0;0.0;0.052134823;0.0;0.0;0.0;0.0480942;0.0;0.16193202;0.0;0.15011606;0.0;1.0;0.0;1.0;0.0;1.0;0.0;1.0;0.0;1.0;0.0;1.0;0.0;1.0;0.0;1.0;0.0;1.0;0.0;1.0;0.0;1.0;0.0;1.0;0.0;1.0;0.0;1.0;0.0;1.0;0.0;1.0;0.0;9.0;0.0;1.0;0.0;1.0;0.0;0.0;0.0;0.0
0.8140472;0.0;0.1422645;0.0;0.40995926;0.0;0.6335351;0.0;0.0;0.0;0.049407836;0.0;0.056184508;0.0;0.0;0.0;0.51714027;0.0;0.48595276;0.0;0.41072232;0.0;0.0;0.0;0.0;0.0;0.052134823;0.0;0.0;0.0;0.028094495;0.0;0.14887814;0.0;0.33420214;0.0;1.0;0.0;1.0;0.0;1.0;0.0;1.0;0.0;1.0;0.0;1.0;0.0;1.0;0.0;1.0;0.0;1.0;0.0;1.0;0.0;1.0;0.0;1.0;0.0;1.0;0.0;1.0;0.0;1.0;0.0;1.0;0.0;9.0;0.0;1.0;0.0;1.0;0.0;0.0;0.0;0.0
0.8040474;0.0;0.32356042;0.0;0.3969054;0.0;0.6335351;0.0;1.0;0.0;0.049407836;0.0;0.056184508;0.0;0.0;0.0;0.52778184;0.0;0.4959526;0.0;0.42136392;0.0;0.0;0.0;0.059285544;0.0;0.052134823;0.0;0.15367748;0.0;0.008094791;0.0;0.13582428;0.0;0.32356054;0.0;1.0;0.0;1.0;0.0;1.0;0.0;1.0;0.0;1.0;0.0;1.0;0.0;1.0;0.0;1.0;0.0;1.0;0.0;1.0;0.0;1.0;0.0;1.0;0.0;1.0;0.0;1.0;0.0;1.0;0.0;1.0;0.0;9.0;0.0;1.0;0.0;1.0;0.0;0.0;0.0;0.0
0.79404753;0.0;0.31291878;0.0;0.2312698;0.0;0.6335351;0.0;0.54159683;0.0;0.049407836;0.0;0.056184508;0.0;0.007770379;0.0;0.5384234;0.0;0.5059525;0.0;0.43200555;0.0;0.0077703735;0.0;0.059285544;0.0;0.052134823;0.0;0.15367748;0.0;0.0;0.0;0.12277039;0.0;0.3129189;0.0;1.0;0.0;1.0;0.0;1.0;0.0;1.0;0.0;1.0;0.0;1.0;0.0;1.0;0.0;1.0;0.0;1.0;0.0;1.0;0.0;1.0;0.0;1.0;0.0;1.0;0.0;1.0;0.0;1.0;0.0;1.0;0.0;9.0;0.0;1.0;0.0;1.0;0.0;0.0;0.0;0.0
0.7840477;0.0;0.30227718;0.0;0.2312698;0.0;0.6335351;0.0;1.0;0.0;0.049407836;0.0;0.056184508;0.0;0.020824257;0.0;0.54906505;0.0;0.5159523;0.0;0.33622938;0.0;0.020824242;0.0;0.059285544;0.0;0.052134823;0.0;0.15367748;0.0;0.17475554;0.0;0.10971651;0.0;0.30227727;0.0;1.0;0.0;1.0;0.0;1.0;0.0;1.0;0.0;1.0;0.0;1.0;0.0;1.0;0.0;1.0;0.0;1.0;0.0;1.0;0.0;1.0;0.0;1.0;0.0;1.0;0.0;1.0;0.0;1.0;0.0;9.0;0.0;9.0;0.0;1.0;0.0;1.0;0.0;0.0;0.0;0.0
0.77404785;0.0;0.29163557;0.0;0.2312698;0.0;0.54809487;0.0;1.0;0.0;0.049407836;0.0;0.056184508;0.0;0.033878136;0.0;0.5597067;0.0;0.52595216;0.0;0.346871;0.0;0.03387811;0.0;0.059285544;0.0;0.052134823;0.0;0.15367748;0.0;0.17475554;0.0;0.22720341;0.0;0.2916357;0.0;1.0;0.0;1.0;0.0;1.0;0.0;1.0;0.0;1.0;0.0;1.0;0.0;1.0;0.0;1.0;0.0;1.0;0.0;1.0;0.0;1.0;0.0;1.0;0.0;1.0;0.0;1.0;0.0;1.0;0.0;9.0;0.0;1.0;0.0;1.0;0.0;1.0;0.0;0.0;0.0;0.0
0.764048;0.0;0.28099394;0.0;0.2312698;0.0;0.5280952;0.0;1.0;0.0;0.15095049;0.0;0.056184508;0.0;0.04693201;0.0;0.03825932;0.0;0.535952;0.0;0.3575126;0.0;0.04693198;0.0;0.059285544;0.0;0.0;0.0;0.15367748;0.0;0.17475554;0.0;0.21414952;0.0;0.28099406;0.0;1.0;0.0;1.0;0.0;1.0;0.0;1.0;0.0;1.0;0.0;1.0;0.0;1.0;0.0;1.0;0.0;1.0;0.0;1.0;0.0;1.0;0.0;1.0;0.0;1.0;0.0;1.0;0.0;1.0;0.0;9.0;0.0;1.0;0.0;1.0;0.0;1.0;0.0;0.0;0.0;0.0
0.75404817;0.0;0.27035233;0.0;0.2312698;0.0;0.4025949;0.0;1.0;0.0;0.25249314;0.0;0.056184508;0.0;0.059985887;0.0;0.04890094;0.0;0.54595184;0.0;0.048900925;0.0;0.059985846;0.0;0.059285544;0.0;0.1536775;0.0;0.15367748;0.0;0.17475554;0.0;0.20109566;0.0;0.27035242;0.0;1.0;0.0;1.0;0.0;1.0;0.0;1.0;0.0;1.0;0.0;1.0;0.0;1.0;0.0;1.0;0.0;1.0;0.0;1.0;0.0;1.0;0.0;1.0;0.0;1.0;0.0;1.0;0.0;1.0;0.0;9.0;0.0;1.0;0.0;1.0;0.0;1.0;0.0;0.0;0.0;0.0
0.7440483;0.0;0.25971073;0.0;0.2312698;0.0;0.4025949;0.0;1.0;0.0;0.25249314;0.0;0.056184508;0.0;0.07303977;0.0;0.059542555;0.0;0.5559517;0.0;0.059542537;0.0;0.07303972;0.0;0.059285544;0.0;0.1536775;0.0;0.0;0.0;0.08809666;0.0;0.18804178;0.0;0.25971082;0.0;1.0;0.0;1.0;0.0;1.0;0.0;1.0;0.0;1.0;0.0;1.0;0.0;1.0;0.0;1.0;0.0;1.0;0.0;1.0;0.0;1.0;0.0;1.0;0.0;1.0;0.0;1.0;0.0;1.0;0.0;9.0;0.0;1.0;0.0;1.0;0.0;1.0;0.0;0.0;0.0;0.0
0.7340485;0.0;0.24906912;0.0;0.2312698;0.0;0.4025949;0.0;1.0;0.0;0.3540358;0.0;0.056184508;0.0;0.08609365;0.0;0.07018418;0.0;0.5659515;0.0;0.07018416;0.0;0.08609359;0.0;0.059285544;0.0;0.1536775;0.0;0.0;0.0;0.06809695;0.0;0.1749879;0.0;0.24906921;0.0;1.0;0.0;1.0;0.0;1.0;0.0;1.0;0.0;1.0;0.0;1.0;0.0;1.0;0.0;1.0;0.0;1.0;0.0;1.0;0.0;1.0;0.0;1.0;0.0;1.0;0.0;1.0;0.0;1.0;0.0;9.0;0.0;1.0;0.0;1.0;0.0;1.0;0.0;0.0;0.0;0.0
0.7240486;0.0;0.23842749;0.0;0.2312698;0.0;0.4025949;0.0;1.0;0.0;0.3540358;0.0;0.056184508;0.0;0.09914752;0.0;0.08082579;0.0;0.5759514;0.0;0.08082576;0.0;0.099147454;0.0;0.059285544;0.0;0.1536775;0.0;0.15367748;0.0;0.048097253;0.0;0.16193402;0.0;0.2384276;0.0;1.0;0.0;1.0;0.0;1.0;0.0;1.0;0.0;1.0;0.0;1.0;0.0;1.0;0.0;1.0;0.0;1.0;0.0;1.0;0.0;1.0;0.0;1.0;0.0;1.0;0.0;1.0;0.0;9.0;0.0;9.0;0.0;1.0;0.0;1.0;0.0;1.0;0.0;0.0;0.0;0.0
0.71404874;0.0;0.22778587;0.0;0.2312698;0.0;0.4025949;0.0;1.0;0.0;0.5571211;0.0;0.17165452;0.0;0.07569717;0.0;0.09146741;0.0;0.5859512;0.0;0.09146738;0.0;0.079875216;0.0;0.059285544;0.0;0.1536775;0.0;0.15367748;0.0;0.028097546;0.0;0.14888014;0.0;0.22778597;0.0;1.0;0.0;1.0;0.0;1.0;0.0;1.0;0.0;1.0;0.0;1.0;0.0;1.0;0.0;1.0;0.0;1.0;0.0;1.0;0.0;1.0;0.0;1.0;0.0;1.0;0.0;1.0;0.0;9.0;0.0;9.0;0.0;1.0;0.0;1.0;0.0;1.0;0.0;0.0;0.0;0.0
0.70404893;0.0;0.21714428;0.0;0.2312698;0.0;0.4025949;0.0;1.0;0.0;0.5571211;0.0;0.17165452;0.0;0.07569717;0.0;0.10210903;0.0;0.5959511;0.0;0.10210899;0.0;0.079875216;0.0;0.0;0.0;0.1536775;0.0;0.15367748;0.0;0.008097843;0.0;0.13582626;0.0;0.21714434;0.0;1.0;0.0;1.0;0.0;1.0;0.0;1.0;0.0;1.0;0.0;1.0;0.0;1.0;0.0;1.0;0.0;1.0;0.0;1.0;0.0;1.0;0.0;1.0;0.0;1.0;0.0;1.0;0.0;9.0;0.0;9.0;0.0;1.0;0.0;1.0;0.0;1.0;0.0;0.0;0.0;0.0
0.69404906;0.0;0.20650265;0.0;0.2533129;0.0;0.28712478;0.0;0.5416056;0.0;0.5571211;0.0;0.17165452;0.0;0.07569717;0.0;0.11275065;0.0;0.60595095;0.0;0.11275061;0.0;0.079875216;0.0;0.011901844;0.0;0.1536775;0.0;0.15367748;0.0;0.0;0.0;0.12277238;0.0;0.20650275;0.0;1.0;0.0;1.0;0.0;1.0;0.0;1.0;0.0;1.0;0.0;1.0;0.0;1.0;0.0;1.0;0.0;1.0;0.0;1.0;0.0;1.0;0.0;1.0;0.0;1.0;0.0;1.0;0.0;9.0;0.0;9.0;0.0;1.0;0.0;1.0;0.0;1.0;0.0;0.0;0.0;0.0
0.68404925;0.0;0.19586104;0.0;0.24025902;0.0;0.28712478;0.0;1.0;0.0;0.65866375;0.0;0.17165452;0.0;0.07569717;0.0;0.12339226;0.0;0.61595076;0.0;0.123392224;0.0;0.079875216;0.0;0.03190152;0.0;0.1536775;0.0;0.15367748;0.0;0.17475554;0.0;0.1097185;0.0;0.19586113;0.0;1.0;0.0;1.0;0.0;1.0;0.0;1.0;0.0;1.0;0.0;1.0;0.0;1.0;0.0;1.0;0.0;1.0;0.0;1.0;0.0;1.0;0.0;1.0;0.0;1.0;0.0;1.0;0.0;9.0;0.0;1.0;0.0;1.0;0.0;1.0;0.0;1.0;0.0;0.0;0.0;0.0
0.6740494;0.0;0.18521944;0.0;0.07569728;0.0;0.28712478;0.0;1.0;0.0;0.65866375;0.0;0.17165452;0.0;0.07569717;0.0;0.13403389;0.0;0.62595063;0.0;0.13403383;0.0;0.079875216;0.0;0.0519012;0.0;0.1536775;0.0;0.15367748;0.0;0.17475554;0.0;0.07987514;0.0;0.1852195;0.0;1.0;0.0;1.0;0.0;1.0;0.0;1.0;0.0;1.0;0.0;1.0;0.0;1.0;0.0;1.0;0.0;1.0;0.0;1.0;0.0;1.0;0.0;1.0;0.0;1.0;0.0;1.0;0.0;9.0;0.0;1.0;0.0;1.0;0.0;1.0;0.0;1.0;0.0;0.0;0.0;0.0
0.6640495;0.0;0.17457782;0.0;0.07569728;0.0;0.28712478;0.0;1.0;0.0;1.0;0.0;0.17165452;0.0;0.07569717;0.0;0.1446755;0.0;0.63595045;0.0;0.14467545;0.0;0.079875216;0.0;0.07190087;0.0;0.0;0.0;0.15367748;0.0;0.17475554;0.0;0.07987514;0.0;0.17457789;0.0;1.0;0.0;1.0;0.0;1.0;0.0;1.0;0.0;1.0;0.0;1.0;0.0;1.0;0.0;1.0;0.0;1.0;0.0;1.0;0.0;1.0;0.0;1.0;0.0;1.0;0.0;9.0;0.0;9.0;0.0;1.0;0.0;1.0;0.0;1.0;0.0;0.0;0.0;1.0;0.0;0.0
0.6644543;0.0;0.17249186;0.0;0.079032496;0.0;0.29321137;0.0;1.0;0.0;1.0;0.0;0.28162166;0.0;0.07271706;0.0;0.14662732;0.0;0.6363381;0.0;0.14294676;0.0;0.08339451;0.0;0.067841366;0.0;0.0;0.0;0.15283011;0.0;0.17140628;0.0;0.076730564;0.0;0.17693314;0.0;1.0;0.0;1.0;0.0;1.0;0.0;1.0;0.0;1.0;0.0;1.0;0.0;1.0;0.0;1.0;0.0;1.0;0.0;1.0;0.0;1.0;0.0;1.0;0.0;1.0;0.0;9.0;0.0;9.0;0.0;1.0;0.0;1.0;0.0;1.0;0.0;0.0;0.0;1.0;0.0;0.0
0.0;0.0;0.17066061;0.0;0.08278066;0.0;0.17931308;0.0;0.66851497;0.0;1.0;0.0;0.27665648;0.0;0.07004483;0.0;0.14881632;0.0;0.0;0.0;0.1414292;0.0;0.08734955;0.0;0.06428991;0.0;0.15597594;0.0;0.15217641;0.0;0.16838428;0.0;0.08903932;0.0;0.17957458;0.0;1.0;0.0;1.0;0.0;1.0;0.0;1.0;0.0;1.0;0.0;1.0;0.0;1.0;0.0;1.0;0.0;1.0;0.0;1.0;0.0;1.0;0.0;1.0;0.0;1.0;0.0;1.0;0.0;9.0;0.0;1.0;0.0;1.0;0.0;1.0;0.0;0.0;0.0;1.0;0.0;0.0
0.6677073;0.0;0.16907167;0.0;0.08701334;0.0;0.18375048;0.0;0.57076776;0.0;1.0;0.0;0.27218923;0.0;0.06764151;0.0;0.15125874;0.0;0.6394535;0.0;0.14011241;0.0;0.09181584;0.0;0.0611626;0.0;0.15744181;0.0;0.15171234;0.0;0.16566531;0.0;0.09220289;0.0;0.1825218;0.0;1.0;0.0;1.0;0.0;1.0;0.0;1.0;0.0;1.0;0.0;1.0;0.0;1.0;0.0;1.0;0.0;1.0;0.0;1.0;0.0;1.0;0.0;1.0;0.0;1.0;0.0;1.0;0.0;9.0;0.0;1.0;0.0;1.0;0.0;1.0;0.0;0.0;0.0;1.0;0.0;0.0
0.6705755;0.0;0.1677145;0.0;0.091820076;0.0;0.18864873;0.0;0.57689226;0.0;1.0;0.0;0.26818547;0.0;0.2000381;0.0;0.1539734;0.0;0.6422003;0.0;0.24694464;0.0;0.1603099;0.0;0.058393262;0.0;0.1591312;0.0;0.15143503;0.0;0.0;0.0;0.09572048;0.0;0.18579754;0.0;1.0;0.0;1.0;0.0;1.0;0.0;1.0;0.0;1.0;0.0;1.0;0.0;1.0;0.0;1.0;0.0;1.0;0.0;1.0;0.0;1.0;0.0;1.0;0.0;1.0;0.0;1.0;0.0;9.0;0.0;9.0;0.0;1.0;0.0;1.0;0.0;0.0;0.0;1.0;0.0;0.0
0.6742935;0.0;0.6742936;0.0;0.09731442;0.0;0.19405821;0.0;0.5838687;0.0;1.0;0.0;0.3710333;0.0;0.19405836;0.0;0.15698203;0.0;0.64576095;0.0;0.64576113;0.0;0.15698212;0.0;0.055929027;0.0;0.1610556;0.0;0.15134278;0.0;0.0;0.0;0.099643305;0.0;0.10268565;0.0;1.0;0.0;1.0;0.0;1.0;0.0;1.0;0.0;1.0;0.0;1.0;0.0;1.0;0.0;1.0;0.0;1.0;0.0;1.0;0.0;1.0;0.0;1.0;0.0;1.0;0.0;1.0;0.0;9.0;0.0;9.0;0.0;1.0;0.0;1.0;0.0;0.0;0.0;1.0;0.0;0.0
0.16771448;0.0;0.67057556;0.0;0.18579763;0.0;0.20003799;0.0;0.37603885;0.0;1.0;0.0;0.36659998;0.0;0.18864888;0.0;0.16030979;0.0;0.13898766;0.0;0.6422004;0.0;0.15397349;0.0;0.069088474;0.0;0.16322841;0.0;0.15143502;0.0;0.0;0.0;0.10403357;0.0;0.096888036;0.0;1.0;0.0;1.0;0.0;1.0;0.0;1.0;0.0;1.0;0.0;1.0;0.0;1.0;0.0;1.0;0.0;1.0;0.0;1.0;0.0;1.0;0.0;1.0;0.0;1.0;0.0;1.0;0.0;9.0;0.0;9.0;0.0;1.0;0.0;1.0;0.0;0.0;0.0;1.0;0.0;0.0
0.16907164;0.0;0.6677073;0.0;0.18252188;0.0;0.20665777;0.0;0.38165268;0.0;1.0;0.0;0.57076794;0.0;0.1837506;0.0;0.08701342;0.0;0.14011237;0.0;0.63945353;0.0;0.15125883;0.0;0.0713748;0.0;0.16566524;0.0;0.15171233;0.0;0.0;0.0;0.10896741;0.0;0.091815986;0.0;1.0;0.0;1.0;0.0;1.0;0.0;1.0;0.0;1.0;0.0;1.0;0.0;1.0;0.0;1.0;0.0;1.0;0.0;1.0;0.0;1.0;0.0;1.0;0.0;1.0;0.0;1.0;0.0;9.0;0.0;9.0;0.0;1.0;0.0;1.0;0.0;0.0;0.0;1.0;0.0;0.0
0.17066059;0.0;0.0;0.0;0.17957464;0.0;0.21400031;0.0;0.27665636;0.0;1.0;0.0;0.56545377;0.0;0.17931318;0.0;0.08278074;0.0;0.14142916;0.0;0.0;0.0;0.14881639;0.0;0.07391075;0.0;0.16838418;0.0;0.1521764;0.0;0.15597597;0.0;0.11453904;0.0;0.08734969;0.0;1.0;0.0;1.0;0.0;1.0;0.0;1.0;0.0;1.0;0.0;1.0;0.0;1.0;0.0;1.0;0.0;1.0;0.0;1.0;0.0;1.0;0.0;1.0;0.0;1.0;0.0;1.0;0.0;9.0;0.0;9.0;0.0;1.0;0.0;1.0;0.0;0.0;0.0;1.0;0.0;0.0
0.17249182;0.0;0.66445434;0.0;0.17693318;0.0;0.07271701;0.0;0.28162152;0.0;1.0;0.0;0.5609147;0.0;0.17529356;0.0;0.07903256;0.0;0.14294674;0.0;0.6363381;0.0;0.14662738;0.0;0.07673047;0.0;0.17140618;0.0;0.15283008;0.0;0.15472391;0.0;0.1784603;0.0;0.08339463;0.0;1.0;0.0;1.0;0.0;1.0;0.0;1.0;0.0;1.0;0.0;1.0;0.0;1.0;0.0;1.0;0.0;1.0;0.0;1.0;0.0;1.0;0.0;1.0;0.0;1.0;0.0;1.0;0.0;9.0;0.0;9.0;0.0;1.0;0.0;1.0;0.0;0.0;0.0;1.0;0.0;0.0
0.17457777;0.0;0.6640495;0.0;0.17457794;0.0;0.07569711;0.0;0.28712437;0.0;1.0;0.0;1.0;0.0;0.17165476;0.0;0.07569734;0.0;0.1446754;0.0;0.63595045;0.0;0.14467555;0.0;0.07987504;0.0;0.07190111;0.0;0.0;0.0;0.15367754;0.0;0.17475574;0.0;0.07987533;0.0;1.0;0.0;1.0;0.0;1.0;0.0;1.0;0.0;1.0;0.0;1.0;0.0;1.0;0.0;1.0;0.0;1.0;0.0;1.0;0.0;1.0;0.0;1.0;0.0;1.0;0.0;1.0;0.0;9.0;0.0;9.0;0.0;1.0;0.0;1.0;0.0;0.0;0.0;1.0;0.0;0.0
0.17693302;0.0;0.6644543;0.0;0.17249197;0.0;0.0790323;0.0;0.29321092;0.0;1.0;0.0;1.0;0.0;0.28162202;0.0;0.07271722;0.0;0.14662722;0.0;0.63633806;0.0;0.14294687;0.0;0.08339431;0.0;0.067841575;0.0;0.0;0.0;0.15283015;0.0;0.17140646;0.0;0.07673072;0.0;1.0;0.0;1.0;0.0;1.0;0.0;1.0;0.0;1.0;0.0;1.0;0.0;1.0;0.0;1.0;0.0;1.0;0.0;1.0;0.0;1.0;0.0;1.0;0.0;1.0;0.0;1.0;0.0;9.0;0.0;9.0;0.0;1.0;0.0;1.0;0.0;0.0;0.0;1.0;0.0;0.0
0.17957443;0.0;0.0;0.0;0.1706607;0.0;0.08278044;0.0;0.1793128;0.0;0.66851467;0.0;1.0;0.0;0.2766568;0.0;0.070044965;0.0;0.1488162;0.0;0.0;0.0;0.14142928;0.0;0.087349325;0.0;0.06429009;0.0;0.15597585;0.0;0.15217644;0.0;0.16838443;0.0;0.08903916;0.0;1.0;0.0;1.0;0.0;1.0;0.0;1.0;0.0;1.0;0.0;1.0;0.0;1.0;0.0;1.0;0.0;1.0;0.0;1.0;0.0;1.0;0.0;1.0;0.0;1.0;0.0;1.0;0.0;1.0;0.0;9.0;0.0;1.0;0.0;1.0;0.0;0.0;0.0;1.0;0.0;0.0
0.18252166;0.0;0.66770715;0.0;0.16907176;0.0;0.08701309;0.0;0.18375015;0.0;0.57076746;0.0;1.0;0.0;0.27218953;0.0;0.06764164;0.0;0.1512586;0.0;0.6394533;0.0;0.14011249;0.0;0.091815576;0.0;0.061162762;0.0;0.1574417;0.0;0.15171236;0.0;0.16566546;0.0;0.09220271;0.0;1.0;0.0;1.0;0.0;1.0;0.0;1.0;0.0;1.0;0.0;1.0;0.0;1.0;0.0;1.0;0.0;1.0;0.0;1.0;0.0;1.0;0.0;1.0;0.0;1.0;0.0;1.0;0.0;1.0;0.0;9.0;0.0;1.0;0.0;1.0;0.0;0.0;0.0;1.0;0.0;0.0
0.18579738;0.0;0.6705753;0.0;0.16771457;0.0;0.09181979;0.0;0.18864837;0.0;0.57689196;0.0;1.0;0.0;0.26818573;0.0;0.20003843;0.0;0.15397325;0.0;0.6422001;0.0;0.24694243;0.0;0.16031009;0.0;0.058393408;0.0;0.15913108;0.0;0.15143505;0.0;0.0;0.0;0.095720276;0.0;1.0;0.0;1.0;0.0;1.0;0.0;1.0;0.0;1.0;0.0;1.0;0.0;1.0;0.0;1.0;0.0;1.0;0.0;1.0;0.0;1.0;0.0;1.0;0.0;1.0;0.0;1.0;0.0;1.0;0.0;9.0;0.0;9.0;0.0;1.0;0.0;0.0;0.0;1.0;0.0;0.0
0.10268595;0.0;0.6742933;0.0;0.6742938;0.0;0.0973141;0.0;0.19405782;0.0;0.5838683;0.0;1.0;0.0;0.37103364;0.0;0.19405867;0.0;0.15698187;0.0;0.6457607;0.0;0.6457613;0.0;0.1569823;0.0;0.05592916;0.0;0.16105546;0.0;0.15134278;0.0;0.0;0.0;0.09964308;0.0;1.0;0.0;1.0;0.0;1.0;0.0;1.0;0.0;1.0;0.0;1.0;0.0;1.0;0.0;1.0;0.0;1.0;0.0;1.0;0.0;1.0;0.0;1.0;0.0;1.0;0.0;1.0;0.0;1.0;0.0;9.0;0.0;9.0;0.0;1.0;0.0;0.0;0.0;1.0;0.0;0.0
0.09688831;0.0;0.1677144;0.0;0.67057574;0.0;0.18579781;0.0;0.20003752;0.0;0.37603855;0.0;1.0;0.0;0.36660025;0.0;0.18864915;0.0;0.1603096;0.0;0.1389876;0.0;0.6422006;0.0;0.15397364;0.0;0.069088355;0.0;0.16322824;0.0;0.15143502;0.0;0.0;0.0;0.10403331;0.0;1.0;0.0;1.0;0.0;1.0;0.0;1.0;0.0;1.0;0.0;1.0;0.0;1.0;0.0;1.0;0.0;1.0;0.0;1.0;0.0;1.0;0.0;1.0;0.0;1.0;0.0;1.0;0.0;1.0;0.0;9.0;0.0;9.0;0.0;1.0;0.0;0.0;0.0;1.0;0.0;0.0
0.09181623;0.0;0.16907157;0.0;0.6677075;0.0;0.18252206;0.0;0.20665729;0.0;0.38165236;0.0;1.0;0.0;0.57076836;0.0;0.18375085;0.0;0.08701368;0.0;0.14011231;0.0;0.63945365;0.0;0.15125898;0.0;0.07137467;0.0;0.16566506;0.0;0.15171231;0.0;0.0;0.0;0.108967125;0.0;1.0;0.0;1.0;0.0;1.0;0.0;1.0;0.0;1.0;0.0;1.0;0.0;1.0;0.0;1.0;0.0;1.0;0.0;1.0;0.0;1.0;0.0;1.0;0.0;1.0;0.0;1.0;0.0;1.0;0.0;9.0;0.0;9.0;0.0;1.0;0.0;0.0;0.0;1.0;0.0;0.0
0.08734989;0.0;0.1706605;0.0;0.0;0.0;0.17957479;0.0;0.2139998;0.0;0.2766561;0.0;1.0;0.0;0.5654541;0.0;0.17931342;0.0;0.082780965;0.0;0.14142907;0.0;0.0;0.0;0.14881651;0.0;0.0739106;0.0;0.16838399;0.0;0.15217637;0.0;0.15597604;0.0;0.11453871;0.0;1.0;0.0;1.0;0.0;1.0;0.0;1.0;0.0;1.0;0.0;1.0;0.0;1.0;0.0;1.0;0.0;1.0;0.0;1.0;0.0;1.0;0.0;1.0;0.0;1.0;0.0;1.0;0.0;1.0;0.0;9.0;0.0;9.0;0.0;1.0;0.0;0.0;0.0;1.0;0.0;0.0
0.08339481;0.0;0.17249171;0.0;0.66445434;0.0;0.17693332;0.0;0.07271682;0.0;0.28162125;0.0;1.0;0.0;0.560915;0.0;0.17529377;0.0;0.079032764;0.0;0.14294663;0.0;0.6363382;0.0;0.1466275;0.0;0.0767303;0.0;0.17140596;0.0;0.15283003;0.0;0.15472397;0.0;0.17846051;0.0;1.0;0.0;1.0;0.0;1.0;0.0;1.0;0.0;1.0;0.0;1.0;0.0;1.0;0.0;1.0;0.0;1.0;0.0;1.0;0.0;1.0;0.0;1.0;0.0;1.0;0.0;1.0;0.0;1.0;0.0;9.0;0.0;9.0;0.0;1.0;0.0;0.0;0.0;1.0;0.0;0.0
0.07987549;0.0;0.17457765;0.0;0.6640495;0.0;0.17457806;0.0;0.075696886;0.0;0.28712407;0.0;1.0;0.0;1.0;0.0;0.17165495;0.0;0.07569751;0.0;0.14467528;0.0;0.63595045;0.0;0.14467564;0.0;0.07987486;0.0;0.0719014;0.0;0.0;0.0;0.15367757;0.0;0.17475593;0.0;1.0;0.0;1.0;0.0;1.0;0.0;1.0;0.0;1.0;0.0;1.0;0.0;1.0;0.0;1.0;0.0;1.0;0.0;1.0;0.0;1.0;0.0;1.0;0.0;1.0;0.0;1.0;0.0;1.0;0.0;9.0;0.0;9.0;0.0;1.0;0.0;0.0;0.0;1.0;0.0;0.0
0.07673087;0.0;0.17693287;0.0;0.6644542;0.0;0.17249206;0.0;0.07903206;0.0;0.29321057;0.0;1.0;0.0;1.0;0.0;0.28162232;0.0;0.072717376;0.0;0.1466271;0.0;0.63633806;0.0;0.14294694;0.0;0.08339411;0.0;0.06784184;0.0;0.0;0.0;0.1528302;0.0;0.17140664;0.0;1.0;0.0;1.0;0.0;1.0;0.0;1.0;0.0;1.0;0.0;1.0;0.0;1.0;0.0;1.0;0.0;1.0;0.0;1.0;0.0;1.0;0.0;1.0;0.0;1.0;0.0;1.0;0.0;1.0;0.0;9.0;0.0;9.0;0.0;1.0;0.0;0.0;0.0;1.0;0.0;0.0
0.08903901;0.0;0.17957428;0.0;0.0;0.0;0.17066081;0.0;0.082780175;0.0;0.17931256;0.0;0.6685144;0.0;1.0;0.0;0.27665704;0.0;0.0700451;0.0;0.14881606;0.0;0.0;0.0;0.14142935;0.0;0.087349094;0.0;0.06429032;0.0;0.15597576;0.0;0.15217647;0.0;0.16838458;0.0;1.0;0.0;1.0;0.0;1.0;0.0;1.0;0.0;1.0;0.0;1.0;0.0;1.0;0.0;1.0;0.0;1.0;0.0;1.0;0.0;1.0;0.0;1.0;0.0;1.0;0.0;1.0;0.0;1.0;0.0;1.0;0.0;9.0;0.0;1.0;0.0;0.0;0.0;1.0;0.0;0.0
0.092202544;0.0;0.18252149;0.0;0.6677071;0.0;0.16907184;0.0;0.08701278;0.0;0.18374988;0.0;0.57076716;0.0;1.0;0.0;0.27218974;0.0;0.067641765;0.0;0.15125845;0.0;0.6394532;0.0;0.14011255;0.0;0.091815315;0.0;0.06116296;0.0;0.1574416;0.0;0.15171239;0.0;0.1656656;0.0;1.0;0.0;1.0;0.0;1.0;0.0;1.0;0.0;1.0;0.0;1.0;0.0;1.0;0.0;1.0;0.0;1.0;0.0;1.0;0.0;1.0;0.0;1.0;0.0;1.0;0.0;1.0;0.0;1.0;0.0;1.0;0.0;9.0;0.0;1.0;0.0;0.0;0.0;1.0;0.0;0.0
0.09572008;0.0;0.18579718;0.0;0.67057514;0.0;0.16771463;0.0;0.09181945;0.0;0.1886481;0.0;0.57689154;0.0;1.0;0.0;0.2681859;0.0;0.20003879;0.0;0.15397307;0.0;0.64219993;0.0;0.24694021;0.0;0.16031028;0.0;0.058393586;0.0;0.15913098;0.0;0.15143505;0.0;0.0;0.0;1.0;0.0;1.0;0.0;1.0;0.0;1.0;0.0;1.0;0.0;1.0;0.0;1.0;0.0;1.0;0.0;1.0;0.0;1.0;0.0;1.0;0.0;1.0;0.0;1.0;0.0;1.0;0.0;1.0;0.0;1.0;0.0;9.0;0.0;9.0;0.0;0.0;0.0;1.0;0.0;0.0
0.099642865;0.0;0.1026863;0.0;0.6742931;0.0;0.6742941;0.0;0.097313695;0.0;0.1940575;0.0;0.5838679;0.0;1.0;0.0;0.3710339;0.0;0.19405898;0.0;0.15698168;0.0;0.64576054;0.0;0.64576155;0.0;0.15698247;0.0;0.055929314;0.0;0.16105534;0.0;0.15134278;0.0;0.0;0.0;1.0;0.0;1.0;0.0;1.0;0.0;1.0;0.0;1.0;0.0;1.0;0.0;1.0;0.0;1.0;0.0;1.0;0.0;1.0;0.0;1.0;0.0;1.0;0.0;1.0;0.0;1.0;0.0;1.0;0.0;1.0;0.0;9.0;0.0;9.0;0.0;0.0;0.0;1.0;0.0;0.0
0.10403309;0.0;0.0968886;0.0;0.16771433;0.0;0.670576;0.0;0.18579803;0.0;0.2000372;0.0;0.37603825;0.0;1.0;0.0;0.36660048;0.0;0.18864945;0.0;0.16030939;0.0;0.13898754;0.0;0.6422007;0.0;0.15397379;0.0;0.069088206;0.0;0.16322812;0.0;0.15143499;0.0;0.0;0.0;1.0;0.0;1.0;0.0;1.0;0.0;1.0;0.0;1.0;0.0;1.0;0.0;1.0;0.0;1.0;0.0;1.0;0.0;1.0;0.0;1.0;0.0;1.0;0.0;1.0;0.0;1.0;0.0;1.0;0.0;1.0;0.0;9.0;0.0;9.0;0.0;0.0;0.0;1.0;0.0;0.0
0.108966865;0.0;0.09181648;0.0;0.1690715;0.0;0.66770756;0.0;0.18252227;0.0;0.2066569;0.0;0.38165206;0.0;1.0;0.0;0.57076865;0.0;0.18375112;0.0;0.08701395;0.0;0.14011224;0.0;0.63945377;0.0;0.1512591;0.0;0.0713745;0.0;0.16566491;0.0;0.15171228;0.0;0.0;0.0;1.0;0.0;1.0;0.0;1.0;0.0;1.0;0.0;1.0;0.0;1.0;0.0;1.0;0.0;1.0;0.0;1.0;0.0;1.0;0.0;1.0;0.0;1.0;0.0;1.0;0.0;1.0;0.0;1.0;0.0;1.0;0.0;9.0;0.0;9.0;0.0;0.0;0.0;1.0;0.0;0.0
0.11453841;0.0;0.087350115;0.0;0.1706604;0.0;0.0;0.0;0.17957497;0.0;0.21399936;0.0;0.27665585;0.0;1.0;0.0;0.56545436;0.0;0.17931363;0.0;0.08278121;0.0;0.14142898;0.0;0.0;0.0;0.14881665;0.0;0.073910415;0.0;0.16838382;0.0;0.15217634;0.0;0.15597613;0.0;1.0;0.0;1.0;0.0;1.0;0.0;1.0;0.0;1.0;0.0;1.0;0.0;1.0;0.0;1.0;0.0;1.0;0.0;1.0;0.0;1.0;0.0;1.0;0.0;1.0;0.0;1.0;0.0;1.0;0.0;1.0;0.0;9.0;0.0;9.0;0.0;0.0;0.0;1.0;0.0;0.0
0.17846069;0.0;0.08339503;0.0;0.17249161;0.0;0.6644544;0.0;0.1769335;0.0;0.07271666;0.0;0.28162095;0.0;1.0;0.0;0.56091523;0.0;0.17529398;0.0;0.07903297;0.0;0.14294654;0.0;0.63633823;0.0;0.1466276;0.0;0.076730095;0.0;0.17140579;0.0;0.15282999;0.0;0.15472403;0.0;1.0;0.0;1.0;0.0;1.0;0.0;1.0;0.0;1.0;0.0;1.0;0.0;1.0;0.0;1.0;0.0;1.0;0.0;1.0;0.0;1.0;0.0;1.0;0.0;1.0;0.0;1.0;0.0;1.0;0.0;1.0;0.0;9.0;0.0;9.0;0.0;0.0;0.0;1.0;0.0;0.0
0.17475611;0.0;0.07987567;0.0;0.17457753;0.0;0.6640495;0.0;0.1745782;0.0;0.07569672;0.0;0.28712374;0.0;1.0;0.0;1.0;0.0;0.17165515;0.0;0.075697705;0.0;0.14467518;0.0;0.63595045;0.0;0.14467575;0.0;0.079874635;0.0;0.07190165;0.0;0.0;0.0;0.15367763;0.0;1.0;0.0;1.0;0.0;1.0;0.0;1.0;0.0;1.0;0.0;1.0;0.0;1.0;0.0;1.0;0.0;1.0;0.0;1.0;0.0;1.0;0.0;1.0;0.0;1.0;0.0;1.0;0.0;1.0;0.0;1.0;0.0;9.0;0.0;9.0;0.0;0.0;0.0;1.0;0.0;0.0
0.17140679;0.0;0.07673103;0.0;0.17693274;0.0;0.66445416;0.0;0.1724922;0.0;0.07903187;0.0;0.2932102;0.0;1.0;0.0;1.0;0.0;0.2816226;0.0;0.07271755;0.0;0.14662698;0.0;0.636338;0.0;0.14294705;0.0;0.08339386;0.0;0.067842044;0.0;0.0;0.0;0.15283023;0.0;1.0;0.0;1.0;0.0;1.0;0.0;1.0;0.0;1.0;0.0;1.0;0.0;1.0;0.0;1.0;0.0;1.0;0.0;1.0;0.0;1.0;0.0;1.0;0.0;1.0;0.0;1.0;0.0;1.0;0.0;1.0;0.0;9.0;0.0;9.0;0.0;0.0;0.0;1.0;0.0;0.0
0.16838473;0.0;0.089038834;0.0;0.17957413;0.0;0.0;0.0;0.17066093;0.0;0.08277996;0.0;0.17931232;0.0;0.66851395;0.0;1.0;0.0;0.2766573;0.0;0.070045255;0.0;0.14881593;0.0;0.0;0.0;0.14142942;0.0;0.087348804;0.0;0.0642905;0.0;0.1559757;0.0;0.15217651;0.0;1.0;0.0;1.0;0.0;1.0;0.0;1.0;0.0;1.0;0.0;1.0;0.0;1.0;0.0;1.0;0.0;1.0;0.0;1.0;0.0;1.0;0.0;1.0;0.0;1.0;0.0;1.0;0.0;1.0;0.0;1.0;0.0;1.0;0.0;9.0;0.0;0.0;0.0;1.0;0.0;0.0
0.16566572;0.0;0.09220236;0.0;0.18252131;0.0;0.66770685;0.0;0.16907194;0.0;0.08701254;0.0;0.18374965;0.0;0.5707668;0.0;1.0;0.0;0.27218997;0.0;0.0676419;0.0;0.15125832;0.0;0.63945305;0.0;0.14011261;0.0;0.091814995;0.0;0.06116312;0.0;0.15744153;0.0;0.1517124;0.0;1.0;0.0;1.0;0.0;1.0;0.0;1.0;0.0;1.0;0.0;1.0;0.0;1.0;0.0;1.0;0.0;1.0;0.0;1.0;0.0;1.0;0.0;1.0;0.0;1.0;0.0;1.0;0.0;1.0;0.0;1.0;0.0;1.0;0.0;9.0;0.0;0.0;0.0;1.0;0.0;0.0
0.0;0.0;0.09571988;0.0;0.185797;0.0;0.67057496;0.0;0.16771472;0.0;0.09181917;0.0;0.18864782;0.0;0.5768911;0.0;1.0;0.0;0.26818615;0.0;0.20003918;0.0;0.15397291;0.0;0.64219975;0.0;0.24693799;0.0;0.1603105;0.0;0.058393728;0.0;0.15913087;0.0;0.15143505;0.0;9.0;0.0;1.0;0.0;1.0;0.0;1.0;0.0;1.0;0.0;1.0;0.0;1.0;0.0;1.0;0.0;1.0;0.0;1.0;0.0;1.0;0.0;1.0;0.0;1.0;0.0;1.0;0.0;1.0;0.0;1.0;0.0;1.0;0.0;9.0;0.0;0.0;0.0;1.0;0.0;0.0
0.0;0.0;0.09964265;0.0;0.10268663;0.0;0.67429286;0.0;0.67429435;0.0;0.097313374;0.0;0.1940572;0.0;0.58386743;0.0;1.0;0.0;0.37103418;0.0;0.19405928;0.0;0.1569815;0.0;0.6457603;0.0;0.6457617;0.0;0.15698269;0.0;0.055929445;0.0;0.16105524;0.0;0.15134278;0.0;9.0;0.0;1.0;0.0;1.0;0.0;1.0;0.0;1.0;0.0;1.0;0.0;1.0;0.0;1.0;0.0;1.0;0.0;1.0;0.0;1.0;0.0;1.0;0.0;1.0;0.0;1.0;0.0;1.0;0.0;1.0;0.0;1.0;0.0;9.0;0.0;0.0;0.0;1.0;0.0;0.0
0.0;0.0;0.10403283;0.0;0.0968889;0.0;0.16771427;0.0;0.67057616;0.0;0.18579823;0.0;0.20003685;0.0;0.3760379;0.0;1.0;0.0;0.36660072;0.0;0.18864973;0.0;0.1603092;0.0;0.13898748;0.0;0.6422009;0.0;0.153974;0.0;0.06908809;0.0;0.163228;0.0;0.15143499;0.0;9.0;0.0;1.0;0.0;1.0;0.0;1.0;0.0;1.0;0.0;1.0;0.0;1.0;0.0;1.0;0.0;1.0;0.0;1.0;0.0;1.0;0.0;1.0;0.0;1.0;0.0;1.0;0.0;1.0;0.0;1.0;0.0;1.0;0.0;9.0;0.0;0.0;0.0;1.0;0.0;0.0
0.0;0.0;0.108966574;0.0;0.091816746;0.0;0.1690714;0.0;0.6677078;0.0;0.18252243;0.0;0.2066565;0.0;0.38165164;0.0;1.0;0.0;0.57076895;0.0;0.18375136;0.0;0.08701419;0.0;0.14011216;0.0;0.6394539;0.0;0.15125927;0.0;0.07137437;0.0;0.16566478;0.0;0.15171227;0.0;9.0;0.0;1.0;0.0;1.0;0.0;1.0;0.0;1.0;0.0;1.0;0.0;1.0;0.0;1.0;0.0;1.0;0.0;1.0;0.0;1.0;0.0;1.0;0.0;1.0;0.0;1.0;0.0;1.0;0.0;1.0;0.0;1.0;0.0;9.0;0.0;0.0;0.0;1.0;0.0;0.0
0.15597619;0.0;0.11453809;0.0;0.08735035;0.0;0.1706603;0.0;0.0;0.0;0.17957512;0.0;0.21399896;0.0;0.27665552;0.0;1.0;0.0;0.5654546;0.0;0.17931387;0.0;0.08278143;0.0;0.14142892;0.0;0.0;0.0;0.1488168;0.0;0.07391027;0.0;0.16838367;0.0;0.15217629;0.0;9.0;0.0;1.0;0.0;1.0;0.0;1.0;0.0;1.0;0.0;1.0;0.0;1.0;0.0;1.0;0.0;1.0;0.0;1.0;0.0;1.0;0.0;1.0;0.0;1.0;0.0;1.0;0.0;1.0;0.0;1.0;0.0;1.0;0.0;9.0;0.0;0.0;0.0;1.0;0.0;0.0
0.15472409;0.0;0.17846091;0.0;0.08339523;0.0;0.1724915;0.0;0.66445446;0.0;0.17693362;0.0;0.07271651;0.0;0.2816206;0.0;1.0;0.0;0.5609154;0.0;0.17529419;0.0;0.079033166;0.0;0.14294645;0.0;0.63633823;0.0;0.14662775;0.0;0.07672994;0.0;0.17140561;0.0;0.15282996;0.0;9.0;0.0;1.0;0.0;1.0;0.0;1.0;0.0;1.0;0.0;1.0;0.0;1.0;0.0;1.0;0.0;1.0;0.0;1.0;0.0;1.0;0.0;1.0;0.0;1.0;0.0;1.0;0.0;1.0;0.0;1.0;0.0;1.0;0.0;9.0;0.0;0.0;0.0;1.0;0.0;0.0
0.15367767;0.0;0.17475632;0.0;0.07987586;0.0;0.17457741;0.0;0.6640495;0.0;0.17457834;0.0;0.07569654;0.0;0.28712335;0.0;1.0;0.0;1.0;0.0;0.17165533;0.0;0.07569788;0.0;0.14467509;0.0;0.63595045;0.0;0.14467588;0.0;0.07987444;0.0;0.07190188;0.0;0.0;0.0;9.0;0.0;1.0;0.0;1.0;0.0;1.0;0.0;1.0;0.0;1.0;0.0;1.0;0.0;1.0;0.0;1.0;0.0;1.0;0.0;1.0;0.0;1.0;0.0;1.0;0.0;1.0;0.0;1.0;0.0;1.0;0.0;1.0;0.0;9.0;0.0;0.0;0.0;1.0;0.0;0.0
0.15283027;0.0;0.17140697;0.0;0.07673119;0.0;0.1769326;0.0;0.6644541;0.0;0.17249231;0.0;0.079031676;0.0;0.2932098;0.0;1.0;0.0;1.0;0.0;0.2816229;0.0;0.072717704;0.0;0.14662686;0.0;0.63633794;0.0;0.14294715;0.0;0.08339365;0.0;0.06784226;0.0;0.0;0.0;9.0;0.0;1.0;0.0;1.0;0.0;1.0;0.0;1.0;0.0;1.0;0.0;1.0;0.0;1.0;0.0;1.0;0.0;1.0;0.0;1.0;0.0;1.0;0.0;1.0;0.0;1.0;0.0;1.0;0.0;1.0;0.0;1.0;0.0;9.0;0.0;1.0;0.0;0.0;0.0;0.0
0.14283036;0.0;0.16019157;0.0;0.0843135;0.0;0.17543131;0.0;0.66306126;0.0;0.17102869;0.0;0.09511597;0.0;0.30488664;0.0;1.0;0.0;1.0;0.0;0.17958081;0.0;0.08751699;0.0;0.14812815;0.0;0.6377308;0.0;0.14441076;0.0;0.067309365;0.0;0.070469074;0.0;0.0;0.0;9.0;0.0;1.0;0.0;1.0;0.0;1.0;0.0;1.0;0.0;1.0;0.0;1.0;0.0;1.0;0.0;1.0;0.0;1.0;0.0;1.0;0.0;1.0;0.0;1.0;0.0;1.0;0.0;1.0;0.0;1.0;0.0;1.0;0.0;9.0;0.0;1.0;0.0;0.0;0.0;0.0
0.13283047;0.0;0.14897618;0.0;0.082440406;0.0;0.17393002;0.0;0.6616685;0.0;0.16956507;0.0;0.11120025;0.0;0.19864622;0.0;0.6833951;0.0;1.0;0.0;0.19079623;0.0;0.10231628;0.0;0.14962944;0.0;0.6391236;0.0;0.1458744;0.0;0.051225085;0.0;0.07309589;0.0;0.0;0.0;9.0;0.0;1.0;0.0;1.0;0.0;1.0;0.0;1.0;0.0;1.0;0.0;1.0;0.0;1.0;0.0;1.0;0.0;1.0;0.0;1.0;0.0;1.0;0.0;1.0;0.0;1.0;0.0;1.0;0.0;1.0;0.0;1.0;0.0;9.0;0.0;1.0;0.0;0.0;0.0;0.0
0.122830555;0.0;0.13776077;0.0;0.08056732;0.0;0.17242871;0.0;0.66027564;0.0;0.16810146;0.0;0.12728454;0.0;0.21032305;0.0;0.6935189;0.0;1.0;0.0;0.20201162;0.0;0.11711557;0.0;0.15113075;0.0;0.6405164;0.0;0.147338;0.0;0.035140805;0.0;0.14342873;0.0;0.0;0.0;9.0;0.0;1.0;0.0;1.0;0.0;1.0;0.0;1.0;0.0;1.0;0.0;1.0;0.0;1.0;0.0;1.0;0.0;1.0;0.0;1.0;0.0;1.0;0.0;1.0;0.0;1.0;0.0;1.0;0.0;1.0;0.0;1.0;0.0;9.0;0.0;1.0;0.0;0.0;0.0;0.0
0.11283066;0.0;0.12654535;0.0;0.07869424;0.0;0.17092742;0.0;0.6588828;0.0;0.69237024;0.0;0.14336883;0.0;0.22199991;0.0;0.70364267;0.0;1.0;0.0;0.21322703;0.0;0.13191485;0.0;0.15263204;0.0;0.64190924;0.0;0.14880164;0.0;0.01905652;0.0;0.1317519;0.0;0.0;0.0;9.0;0.0;1.0;0.0;1.0;0.0;1.0;0.0;1.0;0.0;1.0;0.0;1.0;0.0;1.0;0.0;1.0;0.0;1.0;0.0;1.0;0.0;1.0;0.0;1.0;0.0;1.0;0.0;1.0;0.0;1.0;0.0;1.0;0.0;9.0;0.0;1.0;0.0;0.0;0.0;0.0
0.10283075;0.0;0.0;0.0;0.07682115;0.0;0.004884973;0.0;0.15718533;0.0;0.69090664;0.0;0.15945312;0.0;0.23367675;0.0;0.71376646;0.0;1.0;0.0;0.22444244;0.0;0.14671415;0.0;0.52901846;0.0;0.6433021;0.0;0.15026525;0.0;0.054454394;0.0;0.12007505;0.0;0.10410468;0.0;9.0;0.0;9.0;0.0;1.0;0.0;1.0;0.0;1.0;0.0;1.0;0.0;1.0;0.0;1.0;0.0;1.0;0.0;1.0;0.0;1.0;0.0;1.0;0.0;1.0;0.0;1.0;0.0;1.0;0.0;1.0;0.0;1.0;0.0;9.0;0.0;1.0;0.0;0.0;0.0;0.0
0.09283085;0.0;0.0;0.0;0.074948065;0.0;0.0;0.0;0.1557925;0.0;0.689443;0.0;0.1975843;0.0;0.24535358;0.0;0.7238902;0.0;1.0;0.0;0.23565784;0.0;0.16151343;0.0;0.6949004;0.0;0.0;0.0;0.15172888;0.0;0.05622085;0.0;0.108398214;0.0;0.09398089;0.0;9.0;0.0;9.0;0.0;1.0;0.0;1.0;0.0;1.0;0.0;1.0;0.0;1.0;0.0;1.0;0.0;1.0;0.0;1.0;0.0;1.0;0.0;1.0;0.0;1.0;0.0;1.0;0.0;1.0;0.0;1.0;0.0;1.0;0.0;9.0;0.0;1.0;0.0;0.0;0.0;0.0
0.08283095;0.0;0.0;0.0;0.07307498;0.0;0.0;0.0;0.15439966;0.0;0.38176697;0.0;0.19581783;0.0;0.25703043;0.0;0.734014;0.0;1.0;0.0;0.24687323;0.0;0.17631271;0.0;0.6964017;0.0;0.14578313;0.0;0.15319249;0.0;0.05798732;0.0;0.096721366;0.0;0.08385711;0.0;9.0;0.0;9.0;0.0;1.0;0.0;1.0;0.0;1.0;0.0;1.0;0.0;1.0;0.0;1.0;0.0;1.0;0.0;1.0;0.0;1.0;0.0;1.0;0.0;1.0;0.0;1.0;0.0;1.0;0.0;1.0;0.0;1.0;0.0;9.0;0.0;1.0;0.0;0.0;0.0;0.0
0.07283105;0.0;0.0;0.0;0.07120189;0.0;0.0;0.0;0.15300684;0.0;0.4138116;0.0;0.19405136;0.0;0.26870728;0.0;0.6419039;0.0;1.0;0.0;0.25808865;0.0;0.19792283;0.0;0.697903;0.0;0.14717595;0.0;0.0;0.0;0.059753783;0.0;0.0;0.0;0.07373332;0.0;9.0;0.0;9.0;0.0;1.0;0.0;1.0;0.0;1.0;0.0;1.0;0.0;1.0;0.0;1.0;0.0;1.0;0.0;1.0;0.0;1.0;0.0;1.0;0.0;1.0;0.0;1.0;0.0;1.0;0.0;1.0;0.0;9.0;0.0;9.0;0.0;1.0;0.0;0.0;0.0;0.0
0.06283115;0.0;0.0;0.0;0.06932881;0.0;0.0;0.0;0.151614;0.0;0.44585624;0.0;0.19228491;0.0;0.28038412;0.0;0.6520277;0.0;1.0;0.0;0.26930404;0.0;0.19979592;0.0;0.6994043;0.0;0.14856878;0.0;0.0;0.0;0.06152024;0.0;0.0;0.0;0.06360954;0.0;9.0;0.0;9.0;0.0;1.0;0.0;1.0;0.0;1.0;0.0;1.0;0.0;1.0;0.0;1.0;0.0;1.0;0.0;1.0;0.0;1.0;0.0;1.0;0.0;1.0;0.0;1.0;0.0;1.0;0.0;1.0;0.0;9.0;0.0;9.0;0.0;1.0;0.0;0.0;0.0;0.0
0.05283125;0.0;0.0;0.0;0.067455724;0.0;0.054066468;0.0;0.15022117;0.0;0.6835885;0.0;0.19051844;0.0;0.1741437;0.0;0.66215146;0.0;1.0;0.0;0.28051943;0.0;0.20166901;0.0;0.70090556;0.0;0.14996162;0.0;0.0;0.0;0.06328671;0.0;0.0;0.0;0.05348576;0.0;9.0;0.0;9.0;0.0;1.0;0.0;1.0;0.0;1.0;0.0;1.0;0.0;1.0;0.0;1.0;0.0;1.0;0.0;1.0;0.0;1.0;0.0;1.0;0.0;1.0;0.0;1.0;0.0;1.0;0.0;1.0;0.0;9.0;0.0;9.0;0.0;1.0;0.0;0.0;0.0;0.0
0.04283135;0.0;0.0;0.0;0.0;0.0;0.05256517;0.0;0.14882834;0.0;0.0;0.0;0.18875198;0.0;0.18582053;0.0;0.67227525;0.0;1.0;0.0;0.29173484;0.0;0.20354208;0.0;0.7024069;0.0;0.15135445;0.0;0.05390049;0.0;0.06505317;0.0;0.0;0.0;0.04336197;0.0;9.0;0.0;9.0;0.0;9.0;0.0;1.0;0.0;1.0;0.0;1.0;0.0;1.0;0.0;1.0;0.0;1.0;0.0;1.0;0.0;1.0;0.0;1.0;0.0;1.0;0.0;1.0;0.0;1.0;0.0;1.0;0.0;9.0;0.0;9.0;0.0;1.0;0.0;0.0;0.0;0.0
0.03283145;0.0;0.0;0.0;0.0;0.0;0.051063873;0.0;0.14743552;0.0;0.0;0.0;0.18698552;0.0;0.19749738;0.0;0.68239903;0.0;1.0;0.0;0.30295023;0.0;0.20541516;0.0;0.0;0.0;0.15274727;0.0;0.055364113;0.0;0.0;0.0;0.0;0.0;0.033238184;0.0;9.0;0.0;9.0;0.0;9.0;0.0;1.0;0.0;1.0;0.0;1.0;0.0;1.0;0.0;1.0;0.0;1.0;0.0;1.0;0.0;1.0;0.0;1.0;0.0;1.0;0.0;1.0;0.0;1.0;0.0;9.0;0.0;9.0;0.0;9.0;0.0;1.0;0.0;0.0;0.0;0.0
0.022831548;0.0;0.0;0.0;0.0;0.0;0.049562573;0.0;0.14604267;0.0;0.0;0.0;0.18521906;0.0;0.20917423;0.0;0.6925228;0.0;1.0;0.0;0.31416565;0.0;0.20728824;0.0;0.0;0.0;0.1541401;0.0;0.056827735;0.0;0.0;0.0;0.0;0.0;0.023114398;0.0;9.0;0.0;9.0;0.0;9.0;0.0;1.0;0.0;1.0;0.0;1.0;0.0;1.0;0.0;1.0;0.0;1.0;0.0;1.0;0.0;1.0;0.0;1.0;0.0;1.0;0.0;1.0;0.0;1.0;0.0;9.0;0.0;9.0;0.0;9.0;0.0;1.0;0.0;0.0;0.0;0.0
0.012831646;0.0;0.0;0.0;0.0;0.0;0.0;0.0;0.14464985;0.0;0.15200162;0.0;0.18345259;0.0;0.22085106;0.0;0.7026466;0.0;1.0;0.0;0.32538104;0.0;0.20916133;0.0;0.0;0.0;0.15553294;0.0;0.0;0.0;0.0;0.0;0.0;0.0;0.012990612;0.0;9.0;0.0;9.0;0.0;9.0;0.0;9.0;0.0;1.0;0.0;1.0;0.0;1.0;0.0;1.0;0.0;1.0;0.0;1.0;0.0;1.0;0.0;1.0;0.0;1.0;0.0;1.0;0.0;9.0;0.0;9.0;0.0;9.0;0.0;9.0;0.0;1.0;0.0;0.0;0.0;0.0
0.0028317452;0.0;0.0;0.0;0.0;0.0;0.0;0.0;0.04319609;0.0;0.150538;0.0;0.5623938;0.0;0.2325279;0.0;0.7127704;0.0;1.0;0.0;0.22333899;0.0;0.21103442;0.0;0.0;0.0;0.15692577;0.0;0.0;0.0;0.0;0.0;0.0;0.0;0.0028668265;0.0;9.0;0.0;9.0;0.0;9.0;0.0;9.0;0.0;1.0;0.0;1.0;0.0;1.0;0.0;1.0;0.0;1.0;0.0;1.0;0.0;1.0;0.0;1.0;0.0;1.0;0.0;1.0;0.0;9.0;0.0;9.0;0.0;9.0;0.0;9.0;0.0;1.0;0.0;0.0;0.0;0.0
1.0;0.0;0.0031759473;0.0;0.004190821;0.0;0.04505868;0.0;0.041803256;0.0;0.14907438;0.0;0.56062734;0.0;0.2325279;0.0;0.7127704;0.0;1.0;0.0;0.33659646;0.0;0.21290751;0.0;0.0;0.0;0.15831861;0.0;0.061218597;0.0;0.0045547043;0.0;0.0033066173;0.0;0.7185041;0.0;1.0;0.0;1.0;0.0;1.0;0.0;1.0;0.0;1.0;0.0;1.0;0.0;1.0;0.0;1.0;0.0;1.0;0.0;1.0;0.0;1.0;0.0;1.0;0.0;1.0;0.0;1.0;0.0;1.0;0.0;1.0;0.0;1.0;0.0;1.0;0.0;1.0;0.0;0.0;0.0;0.0
1.0;0.0;0.0;0.0;0.0;0.0;0.043557383;0.0;0.040410426;0.0;0.14761075;0.0;0.5588609;0.0;0.24420473;0.0;0.7228942;0.0;1.0;0.0;0.23455438;0.0;0.2147806;0.0;0.17214891;0.0;0.059650503;0.0;0.06268222;0.0;0.0;0.0;0.22746432;0.0;0.70838034;0.0;1.0;0.0;1.0;0.0;1.0;0.0;1.0;0.0;1.0;0.0;1.0;0.0;1.0;0.0;1.0;0.0;1.0;0.0;1.0;0.0;1.0;0.0;1.0;0.0;1.0;0.0;1.0;0.0;1.0;0.0;1.0;0.0;1.0;0.0;1.0;0.0;1.0;0.0;0.0;0.0;0.0
0.9926605;0.0;0.0;0.0;0.0;0.0;0.042056084;0.0;0.039017595;0.0;0.0;0.0;0.027613873;0.0;0.2558816;0.0;0.733018;0.0;1.0;0.0;0.24576978;0.0;0.21665367;0.0;0.17365022;0.0;0.061043333;0.0;0.06414584;0.0;0.0;0.0;0.21578746;0.0;0.69825655;0.0;1.0;0.0;1.0;0.0;1.0;0.0;1.0;0.0;1.0;0.0;1.0;0.0;1.0;0.0;1.0;0.0;1.0;0.0;1.0;0.0;1.0;0.0;1.0;0.0;1.0;0.0;1.0;0.0;1.0;0.0;1.0;0.0;1.0;0.0;1.0;0.0;1.0;0.0;0.0;0.0;0.0
0.98266065;0.0;0.0;0.0;0.0;0.0;0.040554784;0.0;0.03762476;0.0;0.0;0.0;0.04369816;0.0;0.26755843;0.0;0.7431418;0.0;1.0;0.0;0.2569852;0.0;0.21852677;0.0;0.0;0.0;0.062436163;0.0;0.06560946;0.0;0.0;0.0;0.20411062;0.0;0.6881327;0.0;1.0;0.0;1.0;0.0;1.0;0.0;1.0;0.0;1.0;0.0;1.0;0.0;1.0;0.0;1.0;0.0;1.0;0.0;1.0;0.0;1.0;0.0;1.0;0.0;1.0;0.0;1.0;0.0;1.0;0.0;1.0;0.0;1.0;0.0;1.0;0.0;1.0;0.0;0.0;0.0;0.0
0.9726607;0.0;0.18482925;0.0;0.0;0.0;0.03905349;0.0;0.03623193;0.0;0.0;0.0;0.0;0.0;0.27923527;0.0;0.7532655;0.0;1.0;0.0;0.26820058;0.0;0.22039986;0.0;0.0;0.0;0.063829;0.0;0.067073084;0.0;0.0;0.0;0.19243379;0.0;0.7802428;0.0;1.0;0.0;1.0;0.0;1.0;0.0;1.0;0.0;1.0;0.0;1.0;0.0;1.0;0.0;1.0;0.0;1.0;0.0;1.0;0.0;1.0;0.0;1.0;0.0;1.0;0.0;1.0;0.0;1.0;0.0;1.0;0.0;1.0;0.0;1.0;0.0;1.0;0.0;0.0;0.0;0.0
0.9626609;0.0;0.28687128;0.0;0.0;0.0;0.0;0.0;0.0348391;0.0;0.036609784;0.0;0.0;0.0;0.29091212;0.0;0.5589215;0.0;1.0;0.0;0.27941602;0.0;0.62596;0.0;0.0;0.0;0.06522183;0.0;0.0;0.0;0.0;0.0;0.2986742;0.0;0.7701191;0.0;1.0;0.0;1.0;0.0;1.0;0.0;1.0;0.0;1.0;0.0;1.0;0.0;1.0;0.0;1.0;0.0;1.0;0.0;1.0;0.0;1.0;0.0;1.0;0.0;1.0;0.0;1.0;0.0;1.0;0.0;1.0;0.0;1.0;0.0;1.0;0.0;1.0;0.0;0.0;0.0;0.0
0.9526609;0.0;0.2756559;0.0;0.0;0.0;0.0;0.0;0.03344627;0.0;0.035146162;0.0;0.0;0.0;0.0;0.0;0.5690453;0.0;1.0;0.0;0.2906314;0.0;0.084604904;0.0;0.0;0.0;0.06661466;0.0;0.0;0.0;0.070474304;0.0;0.28699738;0.0;0.7599953;0.0;1.0;0.0;1.0;0.0;1.0;0.0;1.0;0.0;1.0;0.0;1.0;0.0;1.0;0.0;1.0;0.0;1.0;0.0;1.0;0.0;1.0;0.0;1.0;0.0;1.0;0.0;1.0;0.0;1.0;0.0;1.0;0.0;1.0;0.0;1.0;0.0;0.0;0.0;1.0;0.0;0.0
1.0;0.0;0.2707958;0.0;0.0;0.0;0.0;0.0;0.033507507;0.0;0.034773026;0.0;0.0;0.0;0.0;0.0;0.47058883;0.0;1.0;0.0;0.28550726;0.0;0.23156348;0.0;0.0;0.0;0.06673662;0.0;0.0;0.0;0.07381653;0.0;0.2935783;0.0;0.6630839;0.0;1.0;0.0;1.0;0.0;1.0;0.0;1.0;0.0;1.0;0.0;1.0;0.0;1.0;0.0;1.0;0.0;1.0;0.0;1.0;0.0;1.0;0.0;1.0;0.0;1.0;0.0;1.0;0.0;1.0;0.0;1.0;0.0;1.0;0.0;1.0;0.0;0.0;0.0;1.0;0.0;0.0
1.0;0.0;0.26642308;0.0;0.0;0.0;0.0;0.0;0.033609994;0.0;0.034449257;0.0;0.0;0.0;0.0;0.0;0.4750113;0.0;1.0;0.0;0.390361;0.0;0.23979083;0.0;0.0;0.0;0.06694075;0.0;0.068612315;0.0;0.077590786;0.0;0.17723718;0.0;0.5652857;0.0;1.0;0.0;1.0;0.0;1.0;0.0;1.0;0.0;1.0;0.0;1.0;0.0;1.0;0.0;1.0;0.0;1.0;0.0;1.0;0.0;1.0;0.0;1.0;0.0;1.0;0.0;1.0;0.0;1.0;0.0;1.0;0.0;1.0;0.0;1.0;0.0;0.0;0.0;1.0;0.0;0.0
1.0;0.0;0.26250404;0.0;0.0;0.0;0.0;0.0;0.033754356;0.0;0.034172717;0.0;0.0;0.0;0.0;0.0;0.37496224;0.0;1.0;0.0;0.3846189;0.0;0.24893883;0.0;0.0;0.0;0.06722828;0.0;0.06806152;0.0;0.0;0.0;0.18196175;0.0;0.46620527;0.0;1.0;0.0;1.0;0.0;1.0;0.0;1.0;0.0;1.0;0.0;1.0;0.0;1.0;0.0;1.0;0.0;1.0;0.0;1.0;0.0;1.0;0.0;1.0;0.0;1.0;0.0;1.0;0.0;1.0;0.0;1.0;0.0;1.0;0.0;1.0;0.0;0.0;0.0;1.0;0.0;0.0
1.0;0.0;0.36542776;0.0;0.0;0.0;0.0;0.0;0.0339415;0.0;0.033941604;0.0;0.0;0.0;0.0;0.0;0.37949657;0.0;1.0;0.0;0.48591703;0.0;0.25914067;0.0;0.0;0.0;0.06760101;0.0;0.06760122;0.0;0.0;0.0;0.18717937;0.0;0.471843;0.0;9.0;0.0;1.0;0.0;1.0;0.0;1.0;0.0;1.0;0.0;1.0;0.0;1.0;0.0;1.0;0.0;1.0;0.0;1.0;0.0;1.0;0.0;1.0;0.0;1.0;0.0;1.0;0.0;1.0;0.0;1.0;0.0;1.0;0.0;1.0;0.0;1.0;0.0;0.0;0.0;0.0
1.0;0.0;0.3547861;0.0;0.17412803;0.0;0.0;0.0;0.0339415;0.0;0.033941604;0.0;0.0;0.0;0.0;0.0;0.2837207;0.0;1.0;0.0;0.3901406;0.0;0.25914067;0.0;0.0;0.0;0.06760101;0.0;0.06760122;0.0;0.066776805;0.0;0.1741256;0.0;0.46120137;0.0;9.0;0.0;1.0;0.0;1.0;0.0;1.0;0.0;1.0;0.0;1.0;0.0;1.0;0.0;1.0;0.0;1.0;0.0;1.0;0.0;1.0;0.0;1.0;0.0;1.0;0.0;1.0;0.0;1.0;0.0;1.0;0.0;1.0;0.0;1.0;0.0;1.0;0.0;0.0;0.0;0.0
1.0;0.0;0.34414446;0.0;0.16107407;0.0;0.0;0.0;0.0;0.0;0.033941604;0.0;0.0;0.0;0.0;0.0;0.29436228;0.0;1.0;0.0;0.40078226;0.0;0.25914067;0.0;0.0;0.0;0.06760101;0.0;0.0;0.0;0.04677741;0.0;0.1610718;0.0;0.4505598;0.0;9.0;0.0;1.0;0.0;1.0;0.0;1.0;0.0;1.0;0.0;1.0;0.0;1.0;0.0;1.0;0.0;1.0;0.0;1.0;0.0;1.0;0.0;1.0;0.0;1.0;0.0;1.0;0.0;1.0;0.0;1.0;0.0;1.0;0.0;1.0;0.0;1.0;0.0;0.0;0.0;0.0
1.0;0.0;0.33350283;0.0;0.1480201;0.0;0.026778784;0.0;0.0;0.0;0.033941604;0.0;0.038597092;0.0;0.0;0.0;0.30500388;0.0;1.0;0.0;0.41142386;0.0;0.0;0.0;0.0;0.0;0.06760101;0.0;0.0;0.0;0.026778013;0.0;0.14801803;0.0;0.43991822;0.0;9.0;0.0;1.0;0.0;1.0;0.0;1.0;0.0;1.0;0.0;1.0;0.0;1.0;0.0;1.0;0.0;1.0;0.0;1.0;0.0;1.0;0.0;1.0;0.0;1.0;0.0;1.0;0.0;1.0;0.0;1.0;0.0;1.0;0.0;1.0;0.0;1.0;0.0;0.0;0.0;0.0
1.0;0.0;0.32286116;0.0;0.13496614;0.0;0.0067788116;0.0;0.13548401;0.0;0.033941604;0.0;0.038597092;0.0;0.0;0.0;0.0;0.0;1.0;0.0;0.42206556;0.0;0.0;0.0;0.07687278;0.0;0.06760101;0.0;0.16914403;0.0;0.0067786155;0.0;0.13496426;0.0;0.42927665;0.0;9.0;0.0;1.0;0.0;1.0;0.0;1.0;0.0;1.0;0.0;1.0;0.0;1.0;0.0;1.0;0.0;1.0;0.0;1.0;0.0;1.0;0.0;1.0;0.0;1.0;0.0;1.0;0.0;1.0;0.0;1.0;0.0;1.0;0.0;1.0;0.0;1.0;0.0;0.0;0.0;0.0
1.0;0.0;0.31221953;0.0;0.12191217;0.0;0.0;0.0;0.13548401;0.0;0.033941604;0.0;0.038597092;0.0;0.008629317;0.0;0.007034713;0.0;1.0;0.0;0.43270722;0.0;0.008629441;0.0;0.07687278;0.0;0.06760101;0.0;0.16914403;0.0;0.19234416;0.0;0.2524503;0.0;0.41863507;0.0;9.0;0.0;1.0;0.0;1.0;0.0;1.0;0.0;1.0;0.0;1.0;0.0;1.0;0.0;1.0;0.0;1.0;0.0;1.0;0.0;1.0;0.0;1.0;0.0;1.0;0.0;1.0;0.0;1.0;0.0;1.0;0.0;1.0;0.0;1.0;0.0;1.0;0.0;0.0;0.0;0.0
1.0;0.0;0.30157787;0.0;0.10885821;0.0;0.0;0.0;0.13548401;0.0;0.033941604;0.0;0.038597092;0.0;0.021683095;0.0;0.017676296;0.0;1.0;0.0;0.44334882;0.0;0.021683408;0.0;0.07687278;0.0;0.06760101;0.0;0.16914403;0.0;0.19234416;0.0;0.2393965;0.0;0.4079935;0.0;9.0;0.0;1.0;0.0;1.0;0.0;1.0;0.0;1.0;0.0;1.0;0.0;1.0;0.0;1.0;0.0;1.0;0.0;1.0;0.0;1.0;0.0;1.0;0.0;1.0;0.0;1.0;0.0;1.0;0.0;1.0;0.0;1.0;0.0;1.0;0.0;1.0;0.0;0.0;0.0;0.0
1.0;0.0;0.29093623;0.0;0.09580425;0.0;0.15406623;0.0;0.13548401;0.0;0.0;0.0;0.038597092;0.0;0.034736875;0.0;0.028317878;0.0;1.0;0.0;0.45399052;0.0;0.034737375;0.0;0.07687278;0.0;0.06760101;0.0;0.16914403;0.0;0.19234416;0.0;0.22634271;0.0;0.39735192;0.0;9.0;0.0;1.0;0.0;1.0;0.0;1.0;0.0;1.0;0.0;1.0;0.0;1.0;0.0;1.0;0.0;1.0;0.0;1.0;0.0;1.0;0.0;1.0;0.0;1.0;0.0;1.0;0.0;1.0;0.0;1.0;0.0;1.0;0.0;1.0;0.0;1.0;0.0;0.0;0.0;0.0
1.0;0.0;0.3867127;0.0;0.08275029;0.0;0.15406623;0.0;0.13548401;0.0;0.0;0.0;0.038597092;0.0;0.047790654;0.0;0.03895946;0.0;1.0;0.0;0.46463212;0.0;0.04779134;0.0;0.07687278;0.0;0.0;0.0;0.16914403;0.0;0.19234416;0.0;0.21328893;0.0;0.38671035;0.0;9.0;0.0;1.0;0.0;1.0;0.0;1.0;0.0;1.0;0.0;1.0;0.0;1.0;0.0;1.0;0.0;1.0;0.0;1.0;0.0;1.0;0.0;1.0;0.0;1.0;0.0;1.0;0.0;1.0;0.0;1.0;0.0;1.0;0.0;1.0;0.0;1.0;0.0;0.0;0.0;0.0
1.0;0.0;0.37607104;0.0;0.20023794;0.0;0.15406623;0.0;0.13548401;0.0;0.13548441;0.0;0.038597092;0.0;0.060844433;0.0;0.04960104;0.0;1.0;0.0;0.4752738;0.0;0.060845304;0.0;0.07687278;0.0;0.0;0.0;0.16914403;0.0;0.10677866;0.0;0.20023516;0.0;0.4824862;0.0;9.0;0.0;1.0;0.0;1.0;0.0;1.0;0.0;1.0;0.0;1.0;0.0;1.0;0.0;1.0;0.0;1.0;0.0;1.0;0.0;1.0;0.0;1.0;0.0;1.0;0.0;1.0;0.0;1.0;0.0;1.0;0.0;1.0;0.0;1.0;0.0;1.0;0.0;0.0;0.0;0.0
1.0;0.0;0.36542937;0.0;0.18718398;0.0;0.15406623;0.0;0.13548401;0.0;0.13548441;0.0;0.038597092;0.0;0.07389821;0.0;0.060242623;0.0;1.0;0.0;0.48591542;0.0;0.07389928;0.0;0.07687278;0.0;0.16914353;0.0;0.0;0.0;0.08677925;0.0;0.18718137;0.0;0.4718446;0.0;9.0;0.0;1.0;0.0;1.0;0.0;1.0;0.0;1.0;0.0;1.0;0.0;1.0;0.0;1.0;0.0;1.0;0.0;1.0;0.0;1.0;0.0;1.0;0.0;1.0;0.0;1.0;0.0;1.0;0.0;1.0;0.0;1.0;0.0;1.0;0.0;1.0;0.0;0.0;0.0;0.0
1.0;0.0;0.35478774;0.0;0.17413001;0.0;0.06678178;0.0;0.0;0.0;0.13548441;0.0;0.038597092;0.0;0.052002013;0.0;0.070884205;0.0;1.0;0.0;0.39013898;0.0;0.08695324;0.0;0.07687278;0.0;0.16914353;0.0;0.0;0.0;0.06677986;0.0;0.1741276;0.0;0.46120304;0.0;9.0;0.0;1.0;0.0;1.0;0.0;1.0;0.0;1.0;0.0;1.0;0.0;1.0;0.0;1.0;0.0;1.0;0.0;1.0;0.0;1.0;0.0;1.0;0.0;1.0;0.0;1.0;0.0;1.0;0.0;1.0;0.0;1.0;0.0;1.0;0.0;1.0;0.0;0.0;0.0;0.0
1.0;0.0;0.34414607;0.0;0.16107605;0.0;0.046781812;0.0;0.13548401;0.0;0.13548441;0.0;0.038597092;0.0;0.052002013;0.0;0.08152579;0.0;1.0;0.0;0.40078062;0.0;0.1000072;0.0;0.07687278;0.0;0.16914353;0.0;0.16914403;0.0;0.04678046;0.0;0.1610738;0.0;0.45056143;0.0;9.0;0.0;1.0;0.0;1.0;0.0;1.0;0.0;1.0;0.0;1.0;0.0;1.0;0.0;1.0;0.0;1.0;0.0;1.0;0.0;1.0;0.0;1.0;0.0;1.0;0.0;1.0;0.0;1.0;0.0;1.0;0.0;1.0;0.0;1.0;0.0;1.0;0.0;0.0;0.0;0.0
1.0;0.0;0.33350444;0.0;0.14802209;0.0;0.026781837;0.0;0.13548401;0.0;0.13548441;0.0;0.0;0.0;0.052002013;0.0;0.09216736;0.0;1.0;0.0;0.09216794;0.0;0.11306117;0.0;0.07687278;0.0;0.16914353;0.0;0.16914403;0.0;0.026781064;0.0;0.14802003;0.0;0.43991986;0.0;9.0;0.0;1.0;0.0;1.0;0.0;1.0;0.0;1.0;0.0;1.0;0.0;1.0;0.0;1.0;0.0;1.0;0.0;1.0;0.0;1.0;0.0;1.0;0.0;1.0;0.0;1.0;0.0;1.0;0.0;1.0;0.0;1.0;0.0;1.0;0.0;1.0;0.0;0.0;0.0;0.0
1.0;0.0;0.3228628;0.0;0.13496813;0.0;0.0067818635;0.0;0.13548401;0.0;0.13548441;0.0;0.0;0.0;0.052002013;0.0;0.10280895;0.0;1.0;0.0;0.10280959;0.0;0.12611514;0.0;0.0;0.0;0.16914353;0.0;0.16914403;0.0;0.0067816675;0.0;0.13496625;0.0;0.42927828;0.0;9.0;0.0;1.0;0.0;1.0;0.0;1.0;0.0;1.0;0.0;1.0;0.0;1.0;0.0;1.0;0.0;1.0;0.0;1.0;0.0;1.0;0.0;1.0;0.0;1.0;0.0;1.0;0.0;1.0;0.0;1.0;0.0;1.0;0.0;1.0;0.0;1.0;0.0;0.0;0.0;0.0
0.99339104;0.0;0.31222114;0.0;0.12191417;0.0;0.0;0.0;0.13548401;0.0;0.13548441;0.0;0.013217735;0.0;0.052002013;0.0;0.11345053;0.0;1.0;0.0;0.11345124;0.0;0.103569865;0.0;0.013218117;0.0;0.16914353;0.0;0.16914403;0.0;0.19234416;0.0;0.25245225;0.0;0.4186367;0.0;9.0;0.0;1.0;0.0;1.0;0.0;1.0;0.0;1.0;0.0;1.0;0.0;1.0;0.0;1.0;0.0;1.0;0.0;1.0;0.0;1.0;0.0;1.0;0.0;1.0;0.0;1.0;0.0;1.0;0.0;1.0;0.0;1.0;0.0;1.0;0.0;1.0;0.0;0.0;0.0;0.0
0.98339117;0.0;0.3015795;0.0;0.10886021;0.0;0.0;0.0;0.13548401;0.0;0.13548441;0.0;0.03321714;0.0;0.052002013;0.0;0.12409212;0.0;1.0;0.0;0.12409289;0.0;0.103569865;0.0;0.0332181;0.0;0.16914353;0.0;0.16914403;0.0;0.19234416;0.0;0.23939848;0.0;0.40799513;0.0;9.0;0.0;1.0;0.0;1.0;0.0;1.0;0.0;1.0;0.0;1.0;0.0;1.0;0.0;1.0;0.0;1.0;0.0;1.0;0.0;1.0;0.0;1.0;0.0;1.0;0.0;1.0;0.0;1.0;0.0;1.0;0.0;1.0;0.0;1.0;0.0;1.0;0.0;0.0;0.0;0.0
0.97339135;0.0;0.29093784;0.0;0.09580624;0.0;0.15406623;0.0;0.13548401;0.0;0.0;0.0;0.053216547;0.0;0.052002013;0.0;0.13473369;0.0;1.0;0.0;0.13473454;0.0;0.103569865;0.0;0.053218085;0.0;0.16914353;0.0;0.16914403;0.0;0.19234416;0.0;0.2263447;0.0;0.39735353;0.0;9.0;0.0;1.0;0.0;1.0;0.0;1.0;0.0;1.0;0.0;1.0;0.0;1.0;0.0;1.0;0.0;1.0;0.0;1.0;0.0;1.0;0.0;1.0;0.0;1.0;0.0;1.0;0.0;1.0;0.0;1.0;0.0;1.0;0.0;1.0;0.0;1.0;0.0;0.0;0.0;0.0
0.9633915;0.0;0.3867143;0.0;0.08275228;0.0;0.15406623;0.0;0.13548401;0.0;0.0;0.0;0.1540677;0.0;0.052002013;0.0;0.14537528;0.0;1.0;0.0;0.14537618;0.0;0.103569865;0.0;0.07321807;0.0;0.0;0.0;0.16914403;0.0;0.19234416;0.0;0.21329093;0.0;0.38671196;0.0;9.0;0.0;1.0;0.0;1.0;0.0;1.0;0.0;1.0;0.0;1.0;0.0;1.0;0.0;1.0;0.0;1.0;0.0;1.0;0.0;1.0;0.0;1.0;0.0;1.0;0.0;1.0;0.0;1.0;0.0;1.0;0.0;1.0;0.0;1.0;0.0;1.0;0.0;0.0;0.0;0.0
0.9533917;0.0;0.37607267;0.0;0.20023993;0.0;0.15406623;0.0;0.13548401;0.0;0.13548441;0.0;0.1540677;0.0;0.052002013;0.0;0.15601686;0.0;1.0;0.0;0.15601784;0.0;0.103569865;0.0;0.09321806;0.0;0.0;0.0;0.16914403;0.0;0.106781706;0.0;0.20023713;0.0;0.48248783;0.0;9.0;0.0;1.0;0.0;1.0;0.0;1.0;0.0;1.0;0.0;1.0;0.0;1.0;0.0;1.0;0.0;1.0;0.0;1.0;0.0;1.0;0.0;1.0;0.0;1.0;0.0;1.0;0.0;1.0;0.0;1.0;0.0;1.0;0.0;1.0;0.0;1.0;0.0;0.0;0.0;0.0
0.9433918;0.0;0.365431;0.0;0.18718597;0.0;0.15406623;0.0;0.13548401;0.0;0.13548441;0.0;0.1540677;0.0;0.052002013;0.0;0.16665843;0.0;1.0;0.0;0.16665949;0.0;0.103569865;0.0;0.19234228;0.0;0.16914353;0.0;0.0;0.0;0.08678231;0.0;0.18718335;0.0;0.47184625;0.0;9.0;0.0;1.0;0.0;1.0;0.0;1.0;0.0;1.0;0.0;1.0;0.0;1.0;0.0;1.0;0.0;1.0;0.0;1.0;0.0;1.0;0.0;1.0;0.0;1.0;0.0;1.0;0.0;1.0;0.0;1.0;0.0;1.0;0.0;1.0;0.0;1.0;0.0;0.0;0.0;0.0
0.9333919;0.0;0.35478938;0.0;0.174132;0.0;0.06678484;0.0;0.0;0.0;0.13548441;0.0;0.1540677;0.0;0.08695;0.0;0.17730002;0.0;1.0;0.0;0.17730114;0.0;0.103569865;0.0;0.19234228;0.0;0.16914353;0.0;0.0;0.0;0.06678291;0.0;0.17412958;0.0;0.46120468;0.0;9.0;0.0;1.0;0.0;1.0;0.0;1.0;0.0;1.0;0.0;1.0;0.0;1.0;0.0;1.0;0.0;1.0;0.0;1.0;0.0;1.0;0.0;1.0;0.0;1.0;0.0;1.0;0.0;1.0;0.0;1.0;0.0;1.0;0.0;1.0;0.0;1.0;0.0;0.0;0.0;0.0
0.9233921;0.0;0.3441477;0.0;0.16107805;0.0;0.046784863;0.0;0.13548401;0.0;0.13548441;0.0;0.1540677;0.0;0.10000378;0.0;0.1879416;0.0;1.0;0.0;0.18794277;0.0;0.103569865;0.0;0.19234228;0.0;0.16914353;0.0;0.16914403;0.0;0.046783514;0.0;0.1610758;0.0;0.45056304;0.0;9.0;0.0;1.0;0.0;1.0;0.0;1.0;0.0;1.0;0.0;1.0;0.0;1.0;0.0;1.0;0.0;1.0;0.0;1.0;0.0;1.0;0.0;1.0;0.0;1.0;0.0;1.0;0.0;1.0;0.0;1.0;0.0;1.0;0.0;1.0;0.0;1.0;0.0;0.0;0.0;0.0
0.91339225;0.0;0.33350605;0.0;0.14802408;0.0;0.026784888;0.0;0.13548401;0.0;0.13548441;0.0;0.0;0.0;0.113057554;0.0;0.19858319;0.0;1.0;0.0;0.19858442;0.0;0.103569865;0.0;0.19234228;0.0;0.16914353;0.0;0.16914403;0.0;0.026784116;0.0;0.14802203;0.0;0.43992147;0.0;9.0;0.0;1.0;0.0;1.0;0.0;1.0;0.0;1.0;0.0;1.0;0.0;1.0;0.0;1.0;0.0;1.0;0.0;1.0;0.0;1.0;0.0;1.0;0.0;1.0;0.0;1.0;0.0;1.0;0.0;1.0;0.0;1.0;0.0;1.0;0.0;1.0;0.0;0.0;0.0;0.0
0.90339243;0.0;0.3228644;0.0;0.13497011;0.0;0.006784915;0.0;0.13548401;0.0;0.13548441;0.0;0.0;0.0;0.12611133;0.0;0.20922478;0.0;1.0;0.0;0.20922609;0.0;0.103569865;0.0;0.0;0.0;0.16914353;0.0;0.16914403;0.0;0.0067847194;0.0;0.13496825;0.0;0.4292799;0.0;9.0;0.0;1.0;0.0;1.0;0.0;1.0;0.0;1.0;0.0;1.0;0.0;1.0;0.0;1.0;0.0;1.0;0.0;1.0;0.0;1.0;0.0;1.0;0.0;1.0;0.0;1.0;0.0;1.0;0.0;1.0;0.0;1.0;0.0;1.0;0.0;1.0;0.0;0.0;0.0;0.0
0.89339256;0.0;0.31222278;0.0;0.12191616;0.0;0.0;0.0;0.13548401;0.0;0.13548441;0.0;0.013214683;0.0;0.1391651;0.0;0.21986635;0.0;1.0;0.0;0.21986774;0.0;0.1391671;0.0;0.013215065;0.0;0.16914353;0.0;0.16914403;0.0;0.19234416;0.0;0.25245425;0.0;0.41863832;0.0;9.0;0.0;1.0;0.0;1.0;0.0;1.0;0.0;1.0;0.0;1.0;0.0;1.0;0.0;1.0;0.0;1.0;0.0;1.0;0.0;1.0;0.0;1.0;0.0;1.0;0.0;1.0;0.0;1.0;0.0;1.0;0.0;1.0;0.0;1.0;0.0;1.0;0.0;0.0;0.0;0.0
0.8833927;0.0;0.3015811;0.0;0.1088622;0.0;0.0;0.0;0.13548401;0.0;0.13548441;0.0;0.03321409;0.0;0.1522189;0.0;0.23050793;0.0;1.0;0.0;0.23050937;0.0;0.15222108;0.0;0.03321505;0.0;0.16914353;0.0;0.16914403;0.0;0.19234416;0.0;0.23940048;0.0;0.40799674;0.0;9.0;0.0;1.0;0.0;1.0;0.0;1.0;0.0;1.0;0.0;1.0;0.0;1.0;0.0;1.0;0.0;1.0;0.0;1.0;0.0;1.0;0.0;1.0;0.0;1.0;0.0;1.0;0.0;1.0;0.0;1.0;0.0;1.0;0.0;1.0;0.0;1.0;0.0;0.0;0.0;0.0
0.8733929;0.0;0.29093948;0.0;0.09580823;0.0;0.15406623;0.0;0.13548401;0.0;0.0;0.0;0.053213496;0.0;0.16527267;0.0;0.24114951;0.0;1.0;0.0;0.24115102;0.0;0.16527505;0.0;0.053215034;0.0;0.16914353;0.0;0.16914403;0.0;0.19234416;0.0;0.22634669;0.0;0.39735514;0.0;9.0;0.0;1.0;0.0;1.0;0.0;1.0;0.0;1.0;0.0;1.0;0.0;1.0;0.0;1.0;0.0;1.0;0.0;1.0;0.0;1.0;0.0;1.0;0.0;1.0;0.0;1.0;0.0;1.0;0.0;1.0;0.0;1.0;0.0;1.0;0.0;1.0;0.0;0.0;0.0;0.0
0.863393;0.0;0.38671595;0.0;0.08275427;0.0;0.15406623;0.0;0.13548401;0.0;0.0;0.0;0.1540677;0.0;0.17832644;0.0;0.2517911;0.0;1.0;0.0;0.25179267;0.0;0.17832902;0.0;0.07321502;0.0;0.0;0.0;0.16914403;0.0;0.19234416;0.0;0.21329291;0.0;0.38671356;0.0;9.0;0.0;1.0;0.0;1.0;0.0;1.0;0.0;1.0;0.0;1.0;0.0;1.0;0.0;1.0;0.0;1.0;0.0;1.0;0.0;1.0;0.0;1.0;0.0;1.0;0.0;1.0;0.0;1.0;0.0;1.0;0.0;1.0;0.0;1.0;0.0;1.0;0.0;0.0;0.0;0.0
0.8533932;0.0;0.37607428;0.0;0.20024192;0.0;0.15406623;0.0;0.13548401;0.0;0.13548441;0.0;0.1540677;0.0;0.19138023;0.0;0.26243266;0.0;1.0;0.0;0.2624343;0.0;0.19138297;0.0;0.093215;0.0;0.0;0.0;0.16914403;0.0;0.10678476;0.0;0.20023914;0.0;0.48248944;0.0;9.0;0.0;1.0;0.0;1.0;0.0;1.0;0.0;1.0;0.0;1.0;0.0;1.0;0.0;1.0;0.0;1.0;0.0;1.0;0.0;1.0;0.0;1.0;0.0;1.0;0.0;1.0;0.0;1.0;0.0;1.0;0.0;1.0;0.0;1.0;0.0;1.0;0.0;0.0;0.0;0.0
0.8433933;0.0;0.36543265;0.0;0.18718795;0.0;0.15406623;0.0;0.13548401;0.0;0.13548441;0.0;0.1540677;0.0;0.20443399;0.0;0.27307424;0.0;1.0;0.0;0.27307597;0.0;0.20443694;0.0;0.19234228;0.0;0.16914353;0.0;0.0;0.0;0.08678536;0.0;0.18718536;0.0;0.47184786;0.0;9.0;0.0;1.0;0.0;1.0;0.0;1.0;0.0;1.0;0.0;1.0;0.0;1.0;0.0;1.0;0.0;1.0;0.0;1.0;0.0;1.0;0.0;1.0;0.0;1.0;0.0;1.0;0.0;1.0;0.0;1.0;0.0;1.0;0.0;1.0;0.0;1.0;0.0;0.0;0.0;0.0
0.83339345;0.0;0.354791;0.0;0.174134;0.0;0.06678788;0.0;0.0;0.0;0.13548441;0.0;0.1540677;0.0;0.086948;0.0;0.097733125;0.0;1.0;0.0;0.2837176;0.0;0.21749091;0.0;0.19234228;0.0;0.16914353;0.0;0.0;0.0;0.06678596;0.0;0.17413157;0.0;0.4612063;0.0;9.0;0.0;1.0;0.0;1.0;0.0;1.0;0.0;1.0;0.0;1.0;0.0;1.0;0.0;1.0;0.0;1.0;0.0;1.0;0.0;1.0;0.0;1.0;0.0;1.0;0.0;1.0;0.0;1.0;0.0;1.0;0.0;1.0;0.0;1.0;0.0;1.0;0.0;0.0;0.0;0.0
0.82339364;0.0;0.34414935;0.0;0.16108003;0.0;0.046787914;0.0;0.13548401;0.0;0.13548441;0.0;0.1540677;0.0;0.100001775;0.0;0.097733125;0.0;1.0;0.0;0.29435927;0.0;0.23054488;0.0;0.19234228;0.0;0.16914353;0.0;0.16914403;0.0;0.046786565;0.0;0.1610778;0.0;0.45056468;0.0;9.0;0.0;1.0;0.0;1.0;0.0;1.0;0.0;1.0;0.0;1.0;0.0;1.0;0.0;1.0;0.0;1.0;0.0;1.0;0.0;1.0;0.0;1.0;0.0;1.0;0.0;1.0;0.0;1.0;0.0;1.0;0.0;1.0;0.0;1.0;0.0;1.0;0.0;0.0;0.0;0.0
0.8133938;0.0;0.33350772;0.0;0.14802608;0.0;0.02678794;0.0;0.13548401;0.0;0.13548441;0.0;0.0;0.0;0.113055564;0.0;0.097733125;0.0;1.0;0.0;0.30500093;0.0;0.24359885;0.0;0.19234228;0.0;0.16914353;0.0;0.16914403;0.0;0.026787167;0.0;0.14802401;0.0;0.4399231;0.0;9.0;0.0;1.0;0.0;1.0;0.0;1.0;0.0;1.0;0.0;1.0;0.0;1.0;0.0;1.0;0.0;1.0;0.0;1.0;0.0;1.0;0.0;1.0;0.0;1.0;0.0;1.0;0.0;1.0;0.0;1.0;0.0;1.0;0.0;1.0;0.0;1.0;0.0;0.0;0.0;0.0
0.80339396;0.0;0.32286605;0.0;0.13497211;0.0;0.006787967;0.0;0.13548401;0.0;0.13548441;0.0;0.0;0.0;0.12610933;0.0;0.097733125;0.0;1.0;0.0;0.31564257;0.0;0.2566528;0.0;0.0;0.0;0.16914353;0.0;0.16914403;0.0;0.006787771;0.0;0.13497023;0.0;0.42928153;0.0;9.0;0.0;1.0;0.0;1.0;0.0;1.0;0.0;1.0;0.0;1.0;0.0;1.0;0.0;1.0;0.0;1.0;0.0;1.0;0.0;1.0;0.0;1.0;0.0;1.0;0.0;1.0;0.0;1.0;0.0;1.0;0.0;1.0;0.0;1.0;0.0;1.0;0.0;0.0;0.0;0.0
0.7933941;0.0;0.31222442;0.0;0.12191816;0.0;0.0;0.0;0.13548401;0.0;0.13548441;0.0;0.013211632;0.0;0.1391631;0.0;0.097733125;0.0;1.0;0.0;0.32628423;0.0;0.13916512;0.0;0.013212013;0.0;0.16914353;0.0;0.16914403;0.0;0.19234416;0.0;0.25245625;0.0;0.41863996;0.0;9.0;0.0;1.0;0.0;1.0;0.0;1.0;0.0;1.0;0.0;1.0;0.0;1.0;0.0;1.0;0.0;1.0;0.0;1.0;0.0;1.0;0.0;1.0;0.0;1.0;0.0;1.0;0.0;1.0;0.0;1.0;0.0;1.0;0.0;1.0;0.0;1.0;0.0;0.0;0.0;0.0
0.7833942;0.0;0.30158275;0.0;0.10886419;0.0;0.0;0.0;0.13548401;0.0;0.13548441;0.0;0.033211038;0.0;0.1522169;0.0;0.097733125;0.0;1.0;0.0;0.33692586;0.0;0.15221909;0.0;0.033212;0.0;0.16914353;0.0;0.16914403;0.0;0.19234416;0.0;0.23940246;0.0;0.40799838;0.0;9.0;0.0;1.0;0.0;1.0;0.0;1.0;0.0;1.0;0.0;1.0;0.0;1.0;0.0;1.0;0.0;1.0;0.0;1.0;0.0;1.0;0.0;1.0;0.0;1.0;0.0;1.0;0.0;1.0;0.0;1.0;0.0;1.0;0.0;1.0;0.0;1.0;0.0;0.0;0.0;0.0
0.7733944;0.0;0.2909411;0.0;0.09581023;0.0;0.15406623;0.0;0.13548401;0.0;0.0;0.0;0.053210445;0.0;0.16527067;0.0;0.097733125;0.0;1.0;0.0;0.3475675;0.0;0.16527304;0.0;0.05321198;0.0;0.16914353;0.0;0.16914403;0.0;0.19234416;0.0;0.22634868;0.0;0.39735678;0.0;9.0;0.0;1.0;0.0;1.0;0.0;1.0;0.0;1.0;0.0;1.0;0.0;1.0;0.0;1.0;0.0;1.0;0.0;1.0;0.0;1.0;0.0;1.0;0.0;1.0;0.0;1.0;0.0;1.0;0.0;1.0;0.0;1.0;0.0;1.0;0.0;1.0;0.0;0.0;0.0;0.0
0.76339453;0.0;0.38671756;0.0;0.082756266;0.0;0.15406623;0.0;0.13548401;0.0;0.0;0.0;0.1540677;0.0;0.17832445;0.0;0.097733125;0.0;1.0;0.0;0.35820916;0.0;0.17832702;0.0;0.07321197;0.0;0.0;0.0;0.16914403;0.0;0.19234416;0.0;0.21329491;0.0;0.3867152;0.0;9.0;0.0;1.0;0.0;1.0;0.0;1.0;0.0;1.0;0.0;1.0;0.0;1.0;0.0;1.0;0.0;1.0;0.0;1.0;0.0;1.0;0.0;1.0;0.0;1.0;0.0;1.0;0.0;1.0;0.0;1.0;0.0;1.0;0.0;1.0;0.0;1.0;0.0;0.0;0.0;0.0
0.7533947;0.0;0.37607592;0.0;0.20024392;0.0;0.15406623;0.0;0.13548401;0.0;0.13548441;0.0;0.1540677;0.0;0.19137824;0.0;0.097733125;0.0;1.0;0.0;0.3688508;0.0;0.19138099;0.0;0.09321196;0.0;0.0;0.0;0.16914403;0.0;0.106787816;0.0;0.20024113;0.0;0.48249108;0.0;9.0;0.0;1.0;0.0;1.0;0.0;1.0;0.0;1.0;0.0;1.0;0.0;1.0;0.0;1.0;0.0;1.0;0.0;1.0;0.0;1.0;0.0;1.0;0.0;1.0;0.0;1.0;0.0;1.0;0.0;1.0;0.0;1.0;0.0;1.0;0.0;1.0;0.0;0.0;0.0;0.0
0.74339485;0.0;0.36543426;0.0;0.18718995;0.0;0.15406623;0.0;0.13548401;0.0;0.13548441;0.0;0.1540677;0.0;0.20443201;0.0;0.097733125;0.0;1.0;0.0;0.37949246;0.0;0.20443495;0.0;0.19234228;0.0;0.16914353;0.0;0.0;0.0;0.08678841;0.0;0.18718734;0.0;0.4718495;0.0;9.0;0.0;1.0;0.0;1.0;0.0;1.0;0.0;1.0;0.0;1.0;0.0;1.0;0.0;1.0;0.0;1.0;0.0;1.0;0.0;1.0;0.0;1.0;0.0;1.0;0.0;1.0;0.0;1.0;0.0;1.0;0.0;1.0;0.0;1.0;0.0;1.0;0.0;0.0;0.0;0.0
0.733395;0.0;0.35479262;0.0;0.174136;0.0;0.06679094;0.0;0.0;0.0;0.13548441;0.0;0.1540677;0.0;0.08694601;0.0;0.28371423;0.0;1.0;0.0;0.19464508;0.0;0.21748891;0.0;0.19234228;0.0;0.16914353;0.0;0.0;0.0;0.066789016;0.0;0.17413357;0.0;0.46120793;0.0;9.0;0.0;1.0;0.0;1.0;0.0;1.0;0.0;1.0;0.0;1.0;0.0;1.0;0.0;1.0;0.0;1.0;0.0;1.0;0.0;1.0;0.0;1.0;0.0;1.0;0.0;1.0;0.0;1.0;0.0;1.0;0.0;1.0;0.0;1.0;0.0;1.0;0.0;0.0;0.0;0.0
0.72339517;0.0;0.34415096;0.0;0.16108203;0.0;0.046790965;0.0;0.13548401;0.0;0.13548441;0.0;0.1540677;0.0;0.09999979;0.0;0.2943558;0.0;1.0;0.0;0.19464508;0.0;0.23054287;0.0;0.19234228;0.0;0.16914353;0.0;0.16914403;0.0;0.046789616;0.0;0.1610798;0.0;0.45056635;0.0;9.0;0.0;1.0;0.0;1.0;0.0;1.0;0.0;1.0;0.0;1.0;0.0;1.0;0.0;1.0;0.0;1.0;0.0;1.0;0.0;1.0;0.0;1.0;0.0;1.0;0.0;1.0;0.0;1.0;0.0;1.0;0.0;1.0;0.0;1.0;0.0;1.0;0.0;0.0;0.0;0.0
0.7133953;0.0;0.33350933;0.0;0.14802806;0.0;0.026790991;0.0;0.13548401;0.0;0.13548441;0.0;0.0;0.0;0.113053575;0.0;0.30499738;0.0;1.0;0.0;0.19464508;0.0;0.24359684;0.0;0.19234228;0.0;0.16914353;0.0;0.16914403;0.0;0.02679022;0.0;0.148026;0.0;0.43992472;0.0;9.0;0.0;1.0;0.0;1.0;0.0;1.0;0.0;1.0;0.0;1.0;0.0;1.0;0.0;1.0;0.0;1.0;0.0;1.0;0.0;1.0;0.0;1.0;0.0;1.0;0.0;1.0;0.0;1.0;0.0;1.0;0.0;1.0;0.0;1.0;0.0;1.0;0.0;0.0;0.0;0.0
0.7033955;0.0;0.3228677;0.0;0.1349741;0.0;0.006791019;0.0;0.13548401;0.0;0.13548441;0.0;0.0;0.0;0.12610735;0.0;0.31563896;0.0;1.0;0.0;0.19464508;0.0;0.2566508;0.0;0.0;0.0;0.16914353;0.0;0.16914403;0.0;0.006790823;0.0;0.13497223;0.0;0.42928314;0.0;9.0;0.0;1.0;0.0;1.0;0.0;1.0;0.0;1.0;0.0;1.0;0.0;1.0;0.0;1.0;0.0;1.0;0.0;1.0;0.0;1.0;0.0;1.0;0.0;1.0;0.0;1.0;0.0;1.0;0.0;1.0;0.0;1.0;0.0;1.0;0.0;1.0;0.0;0.0;0.0;0.0
0.6933956;0.0;0.31222603;0.0;0.121920146;0.0;0.0;0.0;0.13548401;0.0;0.13548441;0.0;0.01320858;0.0;0.13916112;0.0;0.32628053;0.0;1.0;0.0;0.19464508;0.0;0.13916312;0.0;0.013208961;0.0;0.16914353;0.0;0.16914403;0.0;0.19234416;0.0;0.25245824;0.0;0.41864157;0.0;9.0;0.0;1.0;0.0;1.0;0.0;1.0;0.0;1.0;0.0;1.0;0.0;1.0;0.0;1.0;0.0;1.0;0.0;1.0;0.0;1.0;0.0;1.0;0.0;1.0;0.0;1.0;0.0;1.0;0.0;1.0;0.0;1.0;0.0;1.0;0.0;1.0;0.0;0.0;0.0;0.0
0.68339574;0.0;0.3015844;0.0;0.10886618;0.0;0.0;0.0;0.13548401;0.0;0.13548441;0.0;0.033207987;0.0;0.15221491;0.0;0.3369221;0.0;1.0;0.0;0.19464508;0.0;0.15221709;0.0;0.033208944;0.0;0.16914353;0.0;0.16914403;0.0;0.19234416;0.0;0.23940447;0.0;0.408;0.0;9.0;0.0;1.0;0.0;1.0;0.0;1.0;0.0;1.0;0.0;1.0;0.0;1.0;0.0;1.0;0.0;1.0;0.0;1.0;0.0;1.0;0.0;1.0;0.0;1.0;0.0;1.0;0.0;1.0;0.0;1.0;0.0;1.0;0.0;1.0;0.0;1.0;0.0;0.0;0.0;0.0
0.67339593;0.0;0.29094273;0.0;0.09581222;0.0;0.15406623;0.0;0.13548401;0.0;0.0;0.0;0.05320739;0.0;0.16526869;0.0;0.34756368;0.0;1.0;0.0;0.19464508;0.0;0.16527106;0.0;0.05320893;0.0;0.16914353;0.0;0.16914403;0.0;0.19234416;0.0;0.2263507;0.0;0.3973584;0.0;9.0;0.0;1.0;0.0;1.0;0.0;1.0;0.0;1.0;0.0;1.0;0.0;1.0;0.0;1.0;0.0;1.0;0.0;1.0;0.0;1.0;0.0;1.0;0.0;1.0;0.0;1.0;0.0;1.0;0.0;1.0;0.0;1.0;0.0;1.0;0.0;1.0;0.0;0.0;0.0;0.0
0.66339606;0.0;0.38671917;0.0;0.082758255;0.0;0.15406623;0.0;0.13548401;0.0;0.0;0.0;0.1540677;0.0;0.17832246;0.0;0.3582053;0.0;1.0;0.0;0.19464508;0.0;0.17832503;0.0;0.07320891;0.0;0.0;0.0;0.16914403;0.0;0.19234416;0.0;0.21329689;0.0;0.3867168;0.0;9.0;0.0;1.0;0.0;1.0;0.0;1.0;0.0;1.0;0.0;1.0;0.0;1.0;0.0;1.0;0.0;1.0;0.0;1.0;0.0;1.0;0.0;1.0;0.0;1.0;0.0;1.0;0.0;1.0;0.0;1.0;0.0;1.0;0.0;1.0;0.0;1.0;0.0;0.0;0.0;0.0
0.65339625;0.0;0.37607753;0.0;0.2002459;0.0;0.15406623;0.0;0.13548401;0.0;0.13548441;0.0;0.1540677;0.0;0.19137624;0.0;0.36884686;0.0;1.0;0.0;0.19464508;0.0;0.191379;0.0;0.093208894;0.0;0.0;0.0;0.16914403;0.0;0.10679086;0.0;0.20024312;0.0;0.4824927;0.0;9.0;0.0;1.0;0.0;1.0;0.0;1.0;0.0;1.0;0.0;1.0;0.0;1.0;0.0;1.0;0.0;1.0;0.0;1.0;0.0;1.0;0.0;1.0;0.0;1.0;0.0;1.0;0.0;1.0;0.0;1.0;0.0;1.0;0.0;1.0;0.0;1.0;0.0;0.0;0.0;0.0
0.6433964;0.0;0.3654359;0.0;0.18719193;0.0;0.15406623;0.0;0.13548401;0.0;0.13548441;0.0;0.1540677;0.0;0.20443001;0.0;0.37948844;0.0;1.0;0.0;0.19464508;0.0;0.20443296;0.0;0.19234228;0.0;0.16914353;0.0;0.0;0.0;0.08679146;0.0;0.18718934;0.0;0.4718511;0.0;9.0;0.0;1.0;0.0;1.0;0.0;1.0;0.0;1.0;0.0;1.0;0.0;1.0;0.0;1.0;0.0;1.0;0.0;1.0;0.0;1.0;0.0;1.0;0.0;1.0;0.0;1.0;0.0;1.0;0.0;1.0;0.0;1.0;0.0;1.0;0.0;1.0;0.0;0.0;0.0;0.0
0.6333965;0.0;0.35479423;0.0;0.17413798;0.0;0.06679399;0.0;0.0;0.0;0.13548441;0.0;0.1540677;0.0;0.08694402;0.0;0.28371257;0.0;1.0;0.0;0.3901325;0.0;0.21748693;0.0;0.19234228;0.0;0.16914353;0.0;0.0;0.0;0.06679206;0.0;0.17413555;0.0;0.46120954;0.0;9.0;0.0;1.0;0.0;1.0;0.0;1.0;0.0;1.0;0.0;1.0;0.0;1.0;0.0;1.0;0.0;1.0;0.0;1.0;0.0;1.0;0.0;1.0;0.0;1.0;0.0;1.0;0.0;1.0;0.0;1.0;0.0;1.0;0.0;1.0;0.0;1.0;0.0;0.0;0.0;0.0
0.6233967;0.0;0.3441526;0.0;0.16108403;0.0;0.04679402;0.0;0.13548401;0.0;0.13548441;0.0;0.1540677;0.0;0.0999978;0.0;0.29435417;0.0;1.0;0.0;0.40077415;0.0;0.2305409;0.0;0.19234228;0.0;0.16914353;0.0;0.16914403;0.0;0.046792667;0.0;0.16108178;0.0;0.45056796;0.0;9.0;0.0;1.0;0.0;1.0;0.0;1.0;0.0;1.0;0.0;1.0;0.0;1.0;0.0;1.0;0.0;1.0;0.0;1.0;0.0;1.0;0.0;1.0;0.0;1.0;0.0;1.0;0.0;1.0;0.0;1.0;0.0;1.0;0.0;1.0;0.0;1.0;0.0;0.0;0.0;0.0
0.6133968;0.0;0.33351094;0.0;0.14803006;0.0;0.026794042;0.0;0.13548401;0.0;0.13548441;0.0;0.0;0.0;0.11305158;0.0;0.30499575;0.0;1.0;0.0;0.41141576;0.0;0.24359486;0.0;0.19234228;0.0;0.16914353;0.0;0.16914403;0.0;0.026793271;0.0;0.14802799;0.0;0.43992633;0.0;9.0;0.0;1.0;0.0;1.0;0.0;1.0;0.0;1.0;0.0;1.0;0.0;1.0;0.0;1.0;0.0;1.0;0.0;1.0;0.0;1.0;0.0;1.0;0.0;1.0;0.0;1.0;0.0;1.0;0.0;1.0;0.0;1.0;0.0;1.0;0.0;1.0;0.0;0.0;0.0;0.0
0.603397;0.0;0.3228693;0.0;0.1349761;0.0;0.0067940704;0.0;0.13548401;0.0;0.13548441;0.0;0.0;0.0;0.12610535;0.0;0.31563732;0.0;1.0;0.0;0.42205745;0.0;0.25664884;0.0;0.0;0.0;0.16914353;0.0;0.16914403;0.0;0.0067938743;0.0;0.13497421;0.0;0.42928475;0.0;9.0;0.0;1.0;0.0;1.0;0.0;1.0;0.0;1.0;0.0;1.0;0.0;1.0;0.0;1.0;0.0;1.0;0.0;1.0;0.0;1.0;0.0;1.0;0.0;1.0;0.0;1.0;0.0;1.0;0.0;1.0;0.0;1.0;0.0;1.0;0.0;1.0;0.0;0.0;0.0;0.0
0.59339714;0.0;0.31222767;0.0;0.121922135;0.0;0.0;0.0;0.13548401;0.0;0.13548441;0.0;0.013205528;0.0;0.13915913;0.0;0.32627892;0.0;1.0;0.0;0.43269905;0.0;0.13916114;0.0;0.01320591;0.0;0.16914353;0.0;0.16914403;0.0;0.19234416;0.0;0.25246024;0.0;0.41864318;0.0;9.0;0.0;1.0;0.0;1.0;0.0;1.0;0.0;1.0;0.0;1.0;0.0;1.0;0.0;1.0;0.0;1.0;0.0;1.0;0.0;1.0;0.0;1.0;0.0;1.0;0.0;1.0;0.0;1.0;0.0;1.0;0.0;1.0;0.0;1.0;0.0;1.0;0.0;0.0;0.0;0.0
0.58339727;0.0;0.301586;0.0;0.10886817;0.0;0.0;0.0;0.13548401;0.0;0.13548441;0.0;0.033204935;0.0;0.1522129;0.0;0.3369205;0.0;1.0;0.0;0.44334072;0.0;0.1522151;0.0;0.033205893;0.0;0.16914353;0.0;0.16914403;0.0;0.19234416;0.0;0.23940644;0.0;0.4080016;0.0;9.0;0.0;1.0;0.0;1.0;0.0;1.0;0.0;1.0;0.0;1.0;0.0;1.0;0.0;1.0;0.0;1.0;0.0;1.0;0.0;1.0;0.0;1.0;0.0;1.0;0.0;1.0;0.0;1.0;0.0;1.0;0.0;1.0;0.0;1.0;0.0;1.0;0.0;0.0;0.0;0.0
0.57339746;0.0;0.29094437;0.0;0.09581421;0.0;0.15406623;0.0;0.13548401;0.0;0.0;0.0;0.05320434;0.0;0.1652667;0.0;0.34756207;0.0;1.0;0.0;0.45398235;0.0;0.16526906;0.0;0.053205878;0.0;0.16914353;0.0;0.16914403;0.0;0.19234416;0.0;0.22635266;0.0;0.39736003;0.0;9.0;0.0;1.0;0.0;1.0;0.0;1.0;0.0;1.0;0.0;1.0;0.0;1.0;0.0;1.0;0.0;1.0;0.0;1.0;0.0;1.0;0.0;1.0;0.0;1.0;0.0;1.0;0.0;1.0;0.0;1.0;0.0;1.0;0.0;1.0;0.0;1.0;0.0;0.0;0.0;0.0
0.5633976;0.0;0.3867208;0.0;0.08276025;0.0;0.15406623;0.0;0.13548401;0.0;0.0;0.0;0.1540677;0.0;0.17832047;0.0;0.35820365;0.0;1.0;0.0;0.46462402;0.0;0.17832303;0.0;0.073205866;0.0;0.0;0.0;0.16914403;0.0;0.19234416;0.0;0.21329889;0.0;0.38671845;0.0;9.0;0.0;1.0;0.0;1.0;0.0;1.0;0.0;1.0;0.0;1.0;0.0;1.0;0.0;1.0;0.0;1.0;0.0;1.0;0.0;1.0;0.0;1.0;0.0;1.0;0.0;1.0;0.0;1.0;0.0;1.0;0.0;1.0;0.0;1.0;0.0;1.0;0.0;0.0;0.0;0.0
0.5533978;0.0;0.37607914;0.0;0.20024791;0.0;0.15406623;0.0;0.13548401;0.0;0.13548441;0.0;0.1540677;0.0;0.19137424;0.0;0.36884525;0.0;1.0;0.0;0.47526565;0.0;0.191377;0.0;0.09320585;0.0;0.0;0.0;0.16914403;0.0;0.10679392;0.0;0.20024511;0.0;0.4824943;0.0;9.0;0.0;1.0;0.0;1.0;0.0;1.0;0.0;1.0;0.0;1.0;0.0;1.0;0.0;1.0;0.0;1.0;0.0;1.0;0.0;1.0;0.0;1.0;0.0;1.0;0.0;1.0;0.0;1.0;0.0;1.0;0.0;1.0;0.0;1.0;0.0;1.0;0.0;0.0;0.0;0.0
0.5433979;0.0;0.3654375;0.0;0.18719395;0.0;0.15406623;0.0;0.13548401;0.0;0.13548441;0.0;0.1540677;0.0;0.20442803;0.0;0.37948683;0.0;1.0;0.0;0.48590732;0.0;0.20443097;0.0;0.19234228;0.0;0.16914353;0.0;0.0;0.0;0.08679451;0.0;0.18719134;0.0;0.47185272;0.0;9.0;0.0;1.0;0.0;1.0;0.0;1.0;0.0;1.0;0.0;1.0;0.0;1.0;0.0;1.0;0.0;1.0;0.0;1.0;0.0;1.0;0.0;1.0;0.0;1.0;0.0;1.0;0.0;1.0;0.0;1.0;0.0;1.0;0.0;1.0;0.0;1.0;0.0;0.0;0.0;0.0
0.53339803;0.0;0.35479587;0.0;0.17413998;0.0;0.06679704;0.0;0.0;0.0;0.13548441;0.0;0.1540677;0.0;0.08694203;0.0;0.28371096;0.0;1.0;0.0;0.39013085;0.0;0.21748492;0.0;0.19234228;0.0;0.16914353;0.0;0.0;0.0;0.06679512;0.0;0.17413755;0.0;0.46121114;0.0;9.0;0.0;1.0;0.0;1.0;0.0;1.0;0.0;1.0;0.0;1.0;0.0;1.0;0.0;1.0;0.0;1.0;0.0;1.0;0.0;1.0;0.0;1.0;0.0;1.0;0.0;1.0;0.0;1.0;0.0;1.0;0.0;1.0;0.0;1.0;0.0;1.0;0.0;0.0;0.0;0.0
0.5233982;0.0;0.3441542;0.0;0.16108601;0.0;0.04679707;0.0;0.13548401;0.0;0.13548441;0.0;0.1540677;0.0;0.09999581;0.0;0.29435256;0.0;1.0;0.0;0.4007725;0.0;0.23053889;0.0;0.19234228;0.0;0.16914353;0.0;0.16914403;0.0;0.04679572;0.0;0.16108377;0.0;0.45056957;0.0;9.0;0.0;1.0;0.0;1.0;0.0;1.0;0.0;1.0;0.0;1.0;0.0;1.0;0.0;1.0;0.0;1.0;0.0;1.0;0.0;1.0;0.0;1.0;0.0;1.0;0.0;1.0;0.0;1.0;0.0;1.0;0.0;1.0;0.0;1.0;0.0;1.0;0.0;0.0;0.0;0.0
0.51339835;0.0;0.33351257;0.0;0.14803204;0.0;0.026797095;0.0;0.13548401;0.0;0.13548441;0.0;0.0;0.0;0.11304958;0.0;0.30499414;0.0;1.0;0.0;0.41141415;0.0;0.24359286;0.0;0.19234228;0.0;0.16914353;0.0;0.16914403;0.0;0.026796322;0.0;0.14802998;0.0;0.43992797;0.0;9.0;0.0;1.0;0.0;1.0;0.0;1.0;0.0;1.0;0.0;1.0;0.0;1.0;0.0;1.0;0.0;1.0;0.0;1.0;0.0;1.0;0.0;1.0;0.0;1.0;0.0;1.0;0.0;1.0;0.0;1.0;0.0;1.0;0.0;1.0;0.0;1.0;0.0;0.0;0.0;0.0
0.50339854;0.0;0.3228709;0.0;0.13497809;0.0;0.0067971223;0.0;0.13548401;0.0;0.13548441;0.0;0.0;0.0;0.12610337;0.0;0.3156357;0.0;1.0;0.0;0.4220558;0.0;0.2566468;0.0;0.0;0.0;0.16914353;0.0;0.16914403;0.0;0.0067969263;0.0;0.13497621;0.0;0.4292864;0.0;9.0;0.0;1.0;0.0;1.0;0.0;1.0;0.0;1.0;0.0;1.0;0.0;1.0;0.0;1.0;0.0;1.0;0.0;1.0;0.0;1.0;0.0;1.0;0.0;1.0;0.0;1.0;0.0;1.0;0.0;1.0;0.0;1.0;0.0;1.0;0.0;1.0;0.0;0.0;0.0;0.0
0.49339867;0.0;0.31222928;0.0;0.121924125;0.0;0.0;0.0;0.13548401;0.0;0.13548441;0.0;0.013202476;0.0;0.13915715;0.0;0.3262773;0.0;1.0;0.0;0.43269745;0.0;0.13915914;0.0;0.013202858;0.0;0.16914353;0.0;0.16914403;0.0;0.19234416;0.0;0.2524622;0.0;0.41864482;0.0;9.0;0.0;1.0;0.0;1.0;0.0;1.0;0.0;1.0;0.0;1.0;0.0;1.0;0.0;1.0;0.0;1.0;0.0;1.0;0.0;1.0;0.0;1.0;0.0;1.0;0.0;1.0;0.0;1.0;0.0;1.0;0.0;1.0;0.0;1.0;0.0;1.0;0.0;0.0;0.0;0.0
0.48339882;0.0;0.30158764;0.0;0.10887016;0.0;0.0;0.0;0.13548401;0.0;0.13548441;0.0;0.03320188;0.0;0.15221092;0.0;0.3369189;0.0;1.0;0.0;0.4433391;0.0;0.15221311;0.0;0.033202842;0.0;0.16914353;0.0;0.16914403;0.0;0.19234416;0.0;0.23940845;0.0;0.40800324;0.0;9.0;0.0;1.0;0.0;1.0;0.0;1.0;0.0;1.0;0.0;1.0;0.0;1.0;0.0;1.0;0.0;1.0;0.0;1.0;0.0;1.0;0.0;1.0;0.0;1.0;0.0;1.0;0.0;1.0;0.0;1.0;0.0;1.0;0.0;1.0;0.0;1.0;0.0;0.0;0.0;0.0
0.47339898;0.0;0.29094598;0.0;0.0958162;0.0;0.15406623;0.0;0.13548401;0.0;0.0;0.0;0.053201288;0.0;0.1652647;0.0;0.34756047;0.0;1.0;0.0;0.45398074;0.0;0.16526708;0.0;0.053202827;0.0;0.16914353;0.0;0.16914403;0.0;0.19234416;0.0;0.22635467;0.0;0.39736167;0.0;9.0;0.0;1.0;0.0;1.0;0.0;1.0;0.0;1.0;0.0;1.0;0.0;1.0;0.0;1.0;0.0;1.0;0.0;1.0;0.0;1.0;0.0;1.0;0.0;1.0;0.0;1.0;0.0;1.0;0.0;1.0;0.0;1.0;0.0;1.0;0.0;1.0;0.0;0.0;0.0;0.0
0.4633991;0.0;0.38672242;0.0;0.08276224;0.0;0.15406623;0.0;0.13548401;0.0;0.0;0.0;0.1540677;0.0;0.17831847;0.0;0.35820204;0.0;1.0;0.0;0.4646224;0.0;0.17832103;0.0;0.07320281;0.0;0.0;0.0;0.16914403;0.0;0.19234416;0.0;0.21330087;0.0;0.38672006;0.0;9.0;0.0;1.0;0.0;1.0;0.0;1.0;0.0;1.0;0.0;1.0;0.0;1.0;0.0;1.0;0.0;1.0;0.0;1.0;0.0;1.0;0.0;1.0;0.0;1.0;0.0;1.0;0.0;1.0;0.0;1.0;0.0;1.0;0.0;1.0;0.0;1.0;0.0;0.0;0.0;0.0
0.45339927;0.0;0.37608078;0.0;0.20024988;0.0;0.15406623;0.0;0.13548401;0.0;0.13548441;0.0;0.1540677;0.0;0.19137225;0.0;0.36884362;0.0;1.0;0.0;0.475264;0.0;0.191375;0.0;0.09320279;0.0;0.0;0.0;0.16914403;0.0;0.106796965;0.0;0.2002471;0.0;0.19465418;0.0;9.0;0.0;1.0;0.0;1.0;0.0;1.0;0.0;1.0;0.0;1.0;0.0;1.0;0.0;1.0;0.0;1.0;0.0;1.0;0.0;1.0;0.0;1.0;0.0;1.0;0.0;1.0;0.0;1.0;0.0;1.0;0.0;1.0;0.0;1.0;0.0;1.0;0.0;0.0;0.0;0.0
0.44339943;0.0;0.36543912;0.0;0.18719593;0.0;0.15406623;0.0;0.13548401;0.0;0.13548441;0.0;0.1540677;0.0;0.20442602;0.0;0.3794852;0.0;1.0;0.0;0.4859057;0.0;0.20442899;0.0;0.19234228;0.0;0.16914353;0.0;0.0;0.0;0.086797565;0.0;0.18719332;0.0;0.19465418;0.0;9.0;0.0;1.0;0.0;1.0;0.0;1.0;0.0;1.0;0.0;1.0;0.0;1.0;0.0;1.0;0.0;1.0;0.0;1.0;0.0;1.0;0.0;1.0;0.0;1.0;0.0;1.0;0.0;1.0;0.0;1.0;0.0;1.0;0.0;1.0;0.0;1.0;0.0;0.0;0.0;0.0
0.4333996;0.0;0.35479748;0.0;0.17414197;0.0;0.066800095;0.0;0.0;0.0;0.13548441;0.0;0.1540677;0.0;0.086940035;0.0;0.28370935;0.0;1.0;0.0;0.39012924;0.0;0.21748295;0.0;0.19234228;0.0;0.16914353;0.0;0.0;0.0;0.066798165;0.0;0.17413953;0.0;0.19465418;0.0;9.0;0.0;1.0;0.0;1.0;0.0;1.0;0.0;1.0;0.0;1.0;0.0;1.0;0.0;1.0;0.0;1.0;0.0;1.0;0.0;1.0;0.0;1.0;0.0;1.0;0.0;1.0;0.0;1.0;0.0;1.0;0.0;1.0;0.0;1.0;0.0;1.0;0.0;0.0;0.0;0.0
0.42339975;0.0;0.34415585;0.0;0.161088;0.0;0.04680012;0.0;0.13548401;0.0;0.13548441;0.0;0.1540677;0.0;0.09999381;0.0;0.29435092;0.0;1.0;0.0;0.4007709;0.0;0.23053691;0.0;0.19234228;0.0;0.16914353;0.0;0.16914403;0.0;0.046798773;0.0;0.16108575;0.0;0.19465418;0.0;9.0;0.0;1.0;0.0;1.0;0.0;1.0;0.0;1.0;0.0;1.0;0.0;1.0;0.0;1.0;0.0;1.0;0.0;1.0;0.0;1.0;0.0;1.0;0.0;1.0;0.0;1.0;0.0;1.0;0.0;1.0;0.0;1.0;0.0;1.0;0.0;1.0;0.0;0.0;0.0;0.0
0.41339988;0.0;0.33351418;0.0;0.14803405;0.0;0.026800146;0.0;0.13548401;0.0;0.13548441;0.0;0.0;0.0;0.113047585;0.0;0.3049925;0.0;1.0;0.0;0.41141254;0.0;0.24359088;0.0;0.19234228;0.0;0.16914353;0.0;0.16914403;0.0;0.026799375;0.0;0.14803198;0.0;0.19465418;0.0;9.0;0.0;1.0;0.0;1.0;0.0;1.0;0.0;1.0;0.0;1.0;0.0;1.0;0.0;1.0;0.0;1.0;0.0;1.0;0.0;1.0;0.0;1.0;0.0;1.0;0.0;1.0;0.0;1.0;0.0;1.0;0.0;1.0;0.0;1.0;0.0;1.0;0.0;0.0;0.0;0.0
0.40340003;0.0;0.32287255;0.0;0.13498008;0.0;0.006800174;0.0;0.13548401;0.0;0.13548441;0.0;0.0;0.0;0.12610137;0.0;0.31563407;0.0;1.0;0.0;0.4220542;0.0;0.25664485;0.0;0.0;0.0;0.16914353;0.0;0.16914403;0.0;0.006799978;0.0;0.1349782;0.0;0.19465418;0.0;9.0;0.0;1.0;0.0;1.0;0.0;1.0;0.0;1.0;0.0;1.0;0.0;1.0;0.0;1.0;0.0;1.0;0.0;1.0;0.0;1.0;0.0;1.0;0.0;1.0;0.0;1.0;0.0;1.0;0.0;1.0;0.0;1.0;0.0;1.0;0.0;1.0;0.0;0.0;0.0;0.0
0.3934002;0.0;0.31223089;0.0;0.121926114;0.0;0.0;0.0;0.13548401;0.0;0.13548441;0.0;0.013199424;0.0;0.13915515;0.0;0.32627565;0.0;1.0;0.0;0.4326958;0.0;0.13915715;0.0;0.013199806;0.0;0.16914353;0.0;0.16914403;0.0;0.19234416;0.0;0.25246423;0.0;0.19465418;0.0;9.0;0.0;1.0;0.0;1.0;0.0;1.0;0.0;1.0;0.0;1.0;0.0;1.0;0.0;1.0;0.0;1.0;0.0;1.0;0.0;1.0;0.0;1.0;0.0;1.0;0.0;1.0;0.0;1.0;0.0;1.0;0.0;1.0;0.0;1.0;0.0;1.0;0.0;0.0;0.0;0.0
0.38340035;0.0;0.30158925;0.0;0.10887215;0.0;0.0;0.0;0.13548401;0.0;0.13548441;0.0;0.03319883;0.0;0.15220892;0.0;0.33691725;0.0;1.0;0.0;0.4433375;0.0;0.15221111;0.0;0.03319979;0.0;0.16914353;0.0;0.16914403;0.0;0.19234416;0.0;0.23941043;0.0;0.19465418;0.0;9.0;0.0;1.0;0.0;1.0;0.0;1.0;0.0;1.0;0.0;1.0;0.0;1.0;0.0;1.0;0.0;1.0;0.0;1.0;0.0;1.0;0.0;1.0;0.0;1.0;0.0;1.0;0.0;1.0;0.0;1.0;0.0;1.0;0.0;1.0;0.0;1.0;0.0;0.0;0.0;0.0
0.3734005;0.0;0.29094762;0.0;0.09581819;0.0;0.15406623;0.0;0.13548401;0.0;0.0;0.0;0.053198237;0.0;0.16526271;0.0;0.34755883;0.0;1.0;0.0;0.4539791;0.0;0.16526508;0.0;0.053199776;0.0;0.16914353;0.0;0.16914403;0.0;0.19234416;0.0;0.22635666;0.0;0.19465418;0.0;9.0;0.0;1.0;0.0;1.0;0.0;1.0;0.0;1.0;0.0;1.0;0.0;1.0;0.0;1.0;0.0;1.0;0.0;1.0;0.0;1.0;0.0;1.0;0.0;1.0;0.0;1.0;0.0;1.0;0.0;1.0;0.0;1.0;0.0;1.0;0.0;1.0;0.0;0.0;0.0;0.0
0.36340064;0.0;0.09772861;0.0;0.08276423;0.0;0.15406623;0.0;0.13548401;0.0;0.0;0.0;0.1540677;0.0;0.17831649;0.0;0.3582004;0.0;1.0;0.0;0.46462077;0.0;0.17831905;0.0;0.073199764;0.0;0.0;0.0;0.16914403;0.0;0.19234416;0.0;0.21330288;0.0;0.19465418;0.0;9.0;0.0;1.0;0.0;1.0;0.0;1.0;0.0;1.0;0.0;1.0;0.0;1.0;0.0;1.0;0.0;1.0;0.0;1.0;0.0;1.0;0.0;1.0;0.0;1.0;0.0;1.0;0.0;1.0;0.0;1.0;0.0;1.0;0.0;1.0;0.0;1.0;0.0;0.0;0.0;0.0
0.3534008;0.0;0.09772861;0.0;0.20025189;0.0;0.15406623;0.0;0.13548401;0.0;0.13548441;0.0;0.1540677;0.0;0.19137026;0.0;0.36884198;0.0;1.0;0.0;0.4752624;0.0;0.19137302;0.0;0.093199745;0.0;0.0;0.0;0.16914403;0.0;0.106800005;0.0;0.2002491;0.0;0.3760801;0.0;9.0;0.0;1.0;0.0;1.0;0.0;1.0;0.0;1.0;0.0;1.0;0.0;1.0;0.0;1.0;0.0;1.0;0.0;1.0;0.0;1.0;0.0;1.0;0.0;1.0;0.0;1.0;0.0;1.0;0.0;1.0;0.0;1.0;0.0;1.0;0.0;1.0;0.0;0.0;0.0;0.0
0.34340096;0.0;0.09772861;0.0;0.18719792;0.0;0.15406623;0.0;0.13548401;0.0;0.13548441;0.0;0.1540677;0.0;0.20442405;0.0;0.37948358;0.0;1.0;0.0;0.48590407;0.0;0.20442697;0.0;0.19234228;0.0;0.16914353;0.0;0.0;0.0;0.08680062;0.0;0.18719532;0.0;0.36543852;0.0;9.0;0.0;1.0;0.0;1.0;0.0;1.0;0.0;1.0;0.0;1.0;0.0;1.0;0.0;1.0;0.0;1.0;0.0;1.0;0.0;1.0;0.0;1.0;0.0;1.0;0.0;1.0;0.0;1.0;0.0;1.0;0.0;1.0;0.0;1.0;0.0;1.0;0.0;0.0;0.0;0.0
0.3334011;0.0;0.09772861;0.0;0.17414396;0.0;0.06680314;0.0;0.0;0.0;0.13548441;0.0;0.1540677;0.0;0.08693804;0.0;0.2837077;0.0;1.0;0.0;0.3901276;0.0;0.21748094;0.0;0.19234228;0.0;0.16914353;0.0;0.0;0.0;0.06680122;0.0;0.17414154;0.0;0.35479695;0.0;9.0;0.0;1.0;0.0;1.0;0.0;1.0;0.0;1.0;0.0;1.0;0.0;1.0;0.0;1.0;0.0;1.0;0.0;1.0;0.0;1.0;0.0;1.0;0.0;1.0;0.0;1.0;0.0;1.0;0.0;1.0;0.0;1.0;0.0;1.0;0.0;1.0;0.0;0.0;0.0;0.0
0.32340127;0.0;0.09772861;0.0;0.16108999;0.0;0.046803173;0.0;0.13548401;0.0;0.13548441;0.0;0.1540677;0.0;0.09999182;0.0;0.29434928;0.0;1.0;0.0;0.40076923;0.0;0.23053491;0.0;0.19234228;0.0;0.16914353;0.0;0.16914403;0.0;0.046801824;0.0;0.16108775;0.0;0.34415537;0.0;9.0;0.0;1.0;0.0;1.0;0.0;1.0;0.0;1.0;0.0;1.0;0.0;1.0;0.0;1.0;0.0;1.0;0.0;1.0;0.0;1.0;0.0;1.0;0.0;1.0;0.0;1.0;0.0;1.0;0.0;1.0;0.0;1.0;0.0;1.0;0.0;1.0;0.0;0.0;0.0;0.0
0.3134014;0.0;0.09772861;0.0;0.14803603;0.0;0.0268032;0.0;0.13548401;0.0;0.13548441;0.0;0.0;0.0;0.113045596;0.0;0.3049909;0.0;1.0;0.0;0.4114109;0.0;0.24358888;0.0;0.19234228;0.0;0.16914353;0.0;0.16914403;0.0;0.026802426;0.0;0.14803398;0.0;0.3335138;0.0;9.0;0.0;1.0;0.0;1.0;0.0;1.0;0.0;1.0;0.0;1.0;0.0;1.0;0.0;1.0;0.0;1.0;0.0;1.0;0.0;1.0;0.0;1.0;0.0;1.0;0.0;1.0;0.0;1.0;0.0;1.0;0.0;1.0;0.0;1.0;0.0;1.0;0.0;0.0;0.0;0.0
0.30340156;0.0;0.09772861;0.0;0.13498208;0.0;0.0068032257;0.0;0.13548401;0.0;0.13548441;0.0;0.0;0.0;0.12609938;0.0;0.31563246;0.0;1.0;0.0;0.42205256;0.0;0.25664285;0.0;0.0;0.0;0.16914353;0.0;0.16914403;0.0;0.0068030297;0.0;0.13498019;0.0;0.32287222;0.0;9.0;0.0;1.0;0.0;1.0;0.0;1.0;0.0;1.0;0.0;1.0;0.0;1.0;0.0;1.0;0.0;1.0;0.0;1.0;0.0;1.0;0.0;1.0;0.0;1.0;0.0;1.0;0.0;1.0;0.0;1.0;0.0;1.0;0.0;1.0;0.0;1.0;0.0;0.0;0.0;0.0
0.29340172;0.0;0.09772861;0.0;0.12192811;0.0;0.0;0.0;0.13548401;0.0;0.13548441;0.0;0.013196373;0.0;0.13915315;0.0;0.32627404;0.0;1.0;0.0;0.4326942;0.0;0.13915516;0.0;0.013196754;0.0;0.16914353;0.0;0.16914403;0.0;0.19234416;0.0;0.2524662;0.0;0.31223062;0.0;9.0;0.0;1.0;0.0;1.0;0.0;1.0;0.0;1.0;0.0;1.0;0.0;1.0;0.0;1.0;0.0;1.0;0.0;1.0;0.0;1.0;0.0;1.0;0.0;1.0;0.0;1.0;0.0;1.0;0.0;1.0;0.0;1.0;0.0;1.0;0.0;1.0;0.0;0.0;0.0;0.0
0.28340188;0.0;0.09772861;0.0;0.10887414;0.0;0.0;0.0;0.13548401;0.0;0.13548441;0.0;0.03319578;0.0;0.15220693;0.0;0.33691564;0.0;1.0;0.0;0.44333586;0.0;0.15220913;0.0;0.03319674;0.0;0.16914353;0.0;0.16914403;0.0;0.19234416;0.0;0.23941243;0.0;0.30158904;0.0;9.0;0.0;1.0;0.0;1.0;0.0;1.0;0.0;1.0;0.0;1.0;0.0;1.0;0.0;1.0;0.0;1.0;0.0;1.0;0.0;1.0;0.0;1.0;0.0;1.0;0.0;1.0;0.0;1.0;0.0;1.0;0.0;1.0;0.0;1.0;0.0;1.0;0.0;0.0;0.0;0.0
0.27340204;0.0;0.09772861;0.0;0.09582019;0.0;0.15406623;0.0;0.13548401;0.0;0.0;0.0;0.053195186;0.0;0.1652607;0.0;0.34755722;0.0;1.0;0.0;0.4539775;0.0;0.16526309;0.0;0.05319672;0.0;0.16914353;0.0;0.16914403;0.0;0.19234416;0.0;0.22635865;0.0;0.29094747;0.0;9.0;0.0;1.0;0.0;1.0;0.0;1.0;0.0;1.0;0.0;1.0;0.0;1.0;0.0;1.0;0.0;1.0;0.0;1.0;0.0;1.0;0.0;1.0;0.0;1.0;0.0;1.0;0.0;1.0;0.0;1.0;0.0;1.0;0.0;1.0;0.0;1.0;0.0;0.0;0.0;0.0
0.26340216;0.0;0.2803076;0.0;0.08276622;0.0;0.15406623;0.0;0.13548401;0.0;0.0;0.0;0.1540677;0.0;0.17831449;0.0;0.3581988;0.0;1.0;0.0;0.46461916;0.0;0.17831706;0.0;0.07319671;0.0;0.0;0.0;0.16914403;0.0;0.19234416;0.0;0.21330488;0.0;0.28030586;0.0;9.0;0.0;1.0;0.0;1.0;0.0;1.0;0.0;1.0;0.0;1.0;0.0;1.0;0.0;1.0;0.0;1.0;0.0;1.0;0.0;1.0;0.0;1.0;0.0;1.0;0.0;1.0;0.0;1.0;0.0;1.0;0.0;1.0;0.0;1.0;0.0;1.0;0.0;0.0;0.0;0.0
0.25340232;0.0;0.26966593;0.0;0.20025387;0.0;0.15406623;0.0;0.13548401;0.0;0.13548441;0.0;0.1540677;0.0;0.19136827;0.0;0.36884037;0.0;1.0;0.0;0.4752608;0.0;0.19137102;0.0;0.09319669;0.0;0.0;0.0;0.16914403;0.0;0.10680306;0.0;0.20025107;0.0;0.2696643;0.0;9.0;0.0;1.0;0.0;1.0;0.0;1.0;0.0;1.0;0.0;1.0;0.0;1.0;0.0;1.0;0.0;1.0;0.0;1.0;0.0;1.0;0.0;1.0;0.0;1.0;0.0;1.0;0.0;1.0;0.0;1.0;0.0;1.0;0.0;1.0;0.0;1.0;0.0;0.0;0.0;0.0
0.24340248;0.0;0.2590243;0.0;0.18719992;0.0;0.15406623;0.0;0.13548401;0.0;0.13548441;0.0;0.1540677;0.0;0.20442204;0.0;0.37948197;0.0;1.0;0.0;0.48590246;0.0;0.204425;0.0;0.19234228;0.0;0.16914353;0.0;0.0;0.0;0.08680367;0.0;0.1871973;0.0;0.2590227;0.0;9.0;0.0;1.0;0.0;1.0;0.0;1.0;0.0;1.0;0.0;1.0;0.0;1.0;0.0;1.0;0.0;1.0;0.0;1.0;0.0;1.0;0.0;1.0;0.0;1.0;0.0;1.0;0.0;1.0;0.0;1.0;0.0;1.0;0.0;1.0;0.0;1.0;0.0;0.0;0.0;0.0
0.23340264;0.0;0.24838264;0.0;0.17414595;0.0;0.0668062;0.0;0.0;0.0;0.13548441;0.0;0.1540677;0.0;0.08693605;0.0;0.2837061;0.0;1.0;0.0;0.390126;0.0;0.21747896;0.0;0.19234228;0.0;0.16914353;0.0;0.0;0.0;0.066804275;0.0;0.17414352;0.0;0.24838111;0.0;9.0;0.0;1.0;0.0;1.0;0.0;1.0;0.0;1.0;0.0;1.0;0.0;1.0;0.0;1.0;0.0;1.0;0.0;1.0;0.0;1.0;0.0;1.0;0.0;1.0;0.0;1.0;0.0;1.0;0.0;1.0;0.0;1.0;0.0;1.0;0.0;1.0;0.0;0.0;0.0;0.0
0.22340278;0.0;0.237741;0.0;0.16109198;0.0;0.046806224;0.0;0.13548401;0.0;0.13548441;0.0;0.1540677;0.0;0.09998983;0.0;0.29434767;0.0;1.0;0.0;0.40076762;0.0;0.23053293;0.0;0.19234228;0.0;0.16914353;0.0;0.16914403;0.0;0.046804875;0.0;0.16108975;0.0;0.23773953;0.0;9.0;0.0;1.0;0.0;1.0;0.0;1.0;0.0;1.0;0.0;1.0;0.0;1.0;0.0;1.0;0.0;1.0;0.0;1.0;0.0;1.0;0.0;1.0;0.0;1.0;0.0;1.0;0.0;1.0;0.0;1.0;0.0;1.0;0.0;1.0;0.0;1.0;0.0;0.0;0.0;0.0
0.21340294;0.0;0.22709934;0.0;0.14803803;0.0;0.02680625;0.0;0.13548401;0.0;0.13548441;0.0;0.0;0.0;0.11304361;0.0;0.30498928;0.0;1.0;0.0;0.4114093;0.0;0.2435869;0.0;0.19234228;0.0;0.16914353;0.0;0.16914403;0.0;0.02680548;0.0;0.14803597;0.0;0.22709796;0.0;9.0;0.0;1.0;0.0;1.0;0.0;1.0;0.0;1.0;0.0;1.0;0.0;1.0;0.0;1.0;0.0;1.0;0.0;1.0;0.0;1.0;0.0;1.0;0.0;1.0;0.0;1.0;0.0;1.0;0.0;1.0;0.0;1.0;0.0;1.0;0.0;1.0;0.0;0.0;0.0;0.0
0.20340309;0.0;0.2164577;0.0;0.13498406;0.0;0.0068062777;0.0;0.13548401;0.0;0.13548441;0.0;0.0;0.0;0.1260974;0.0;0.31563085;0.0;1.0;0.0;0.4220509;0.0;0.25664085;0.0;0.0;0.0;0.16914353;0.0;0.16914403;0.0;0.0068060816;0.0;0.13498218;0.0;0.21645637;0.0;9.0;0.0;1.0;0.0;1.0;0.0;1.0;0.0;1.0;0.0;1.0;0.0;1.0;0.0;1.0;0.0;1.0;0.0;1.0;0.0;1.0;0.0;1.0;0.0;1.0;0.0;1.0;0.0;1.0;0.0;1.0;0.0;1.0;0.0;1.0;0.0;1.0;0.0;0.0;0.0;0.0
0.19340324;0.0;0.20581606;0.0;0.1219301;0.0;0.0;0.0;0.13548401;0.0;0.13548441;0.0;0.013193321;0.0;0.13915117;0.0;0.32627243;0.0;1.0;0.0;0.4326926;0.0;0.13915317;0.0;0.013193702;0.0;0.16914353;0.0;0.16914403;0.0;0.19234416;0.0;0.10357197;0.0;0.2058148;0.0;9.0;0.0;1.0;0.0;1.0;0.0;1.0;0.0;1.0;0.0;1.0;0.0;1.0;0.0;1.0;0.0;1.0;0.0;1.0;0.0;1.0;0.0;1.0;0.0;1.0;0.0;1.0;0.0;1.0;0.0;1.0;0.0;1.0;0.0;1.0;0.0;1.0;0.0;0.0;0.0;0.0
0.1834034;0.0;0.1951744;0.0;0.10887615;0.0;0.0;0.0;0.13548401;0.0;0.13548441;0.0;0.033192728;0.0;0.15220495;0.0;0.336914;0.0;1.0;0.0;0.44333425;0.0;0.15220714;0.0;0.033193685;0.0;0.16914353;0.0;0.16914403;0.0;0.19234416;0.0;0.10357197;0.0;0.19517322;0.0;9.0;0.0;1.0;0.0;1.0;0.0;1.0;0.0;1.0;0.0;1.0;0.0;1.0;0.0;1.0;0.0;1.0;0.0;1.0;0.0;1.0;0.0;1.0;0.0;1.0;0.0;1.0;0.0;1.0;0.0;1.0;0.0;1.0;0.0;1.0;0.0;1.0;0.0;0.0;0.0;0.0
0.17340355;0.0;0.18453275;0.0;0.09582218;0.0;0.15406623;0.0;0.13548401;0.0;0.0;0.0;0.05319213;0.0;0.16525872;0.0;0.34755558;0.0;1.0;0.0;0.45397586;0.0;0.1652611;0.0;0.05319367;0.0;0.16914353;0.0;0.16914403;0.0;0.19234416;0.0;0.10357197;0.0;0.0;0.0;9.0;0.0;1.0;0.0;1.0;0.0;1.0;0.0;1.0;0.0;1.0;0.0;1.0;0.0;1.0;0.0;1.0;0.0;1.0;0.0;1.0;0.0;1.0;0.0;1.0;0.0;1.0;0.0;1.0;0.0;1.0;0.0;1.0;0.0;9.0;0.0;1.0;0.0;0.0;0.0;0.0
0.1634037;0.0;0.1738911;0.0;0.08276822;0.0;0.15406623;0.0;0.13548401;0.0;0.0;0.0;0.1540677;0.0;0.17831251;0.0;0.35819715;0.0;1.0;0.0;0.46461755;0.0;0.17831507;0.0;0.073193654;0.0;0.0;0.0;0.16914403;0.0;0.19234416;0.0;0.10357197;0.0;0.0;0.0;9.0;0.0;1.0;0.0;1.0;0.0;1.0;0.0;1.0;0.0;1.0;0.0;1.0;0.0;1.0;0.0;1.0;0.0;1.0;0.0;1.0;0.0;1.0;0.0;1.0;0.0;1.0;0.0;1.0;0.0;1.0;0.0;1.0;0.0;9.0;0.0;1.0;0.0;0.0;0.0;0.0
0.15340385;0.0;0.16324946;0.0;0.05200097;0.0;0.15406623;0.0;0.13548401;0.0;0.13548441;0.0;0.1540677;0.0;0.19136629;0.0;0.36883873;0.0;1.0;0.0;0.47525916;0.0;0.19136903;0.0;0.093193635;0.0;0.0;0.0;0.16914403;0.0;0.106806114;0.0;0.10357197;0.0;0.0;0.0;9.0;0.0;1.0;0.0;1.0;0.0;1.0;0.0;1.0;0.0;1.0;0.0;1.0;0.0;1.0;0.0;1.0;0.0;1.0;0.0;1.0;0.0;1.0;0.0;1.0;0.0;1.0;0.0;1.0;0.0;1.0;0.0;1.0;0.0;9.0;0.0;1.0;0.0;0.0;0.0;0.0
0.143404;0.0;0.15260781;0.0;0.05200097;0.0;0.15406623;0.0;0.13548401;0.0;0.13548441;0.0;0.1540677;0.0;0.20442006;0.0;0.37948033;0.0;1.0;0.0;0.48590082;0.0;0.204423;0.0;0.19234228;0.0;0.16914353;0.0;0.0;0.0;0.08680672;0.0;0.10357197;0.0;0.0;0.0;9.0;0.0;1.0;0.0;1.0;0.0;1.0;0.0;1.0;0.0;1.0;0.0;1.0;0.0;1.0;0.0;1.0;0.0;1.0;0.0;1.0;0.0;1.0;0.0;1.0;0.0;1.0;0.0;1.0;0.0;1.0;0.0;1.0;0.0;9.0;0.0;1.0;0.0;0.0;0.0;0.0
0.13340417;0.0;0.14196616;0.0;0.05200097;0.0;0.06680925;0.0;0.0;0.0;0.13548441;0.0;0.1540677;0.0;0.08693406;0.0;0.28370446;0.0;1.0;0.0;0.39012438;0.0;0.21747696;0.0;0.19234228;0.0;0.16914353;0.0;0.0;0.0;0.06680732;0.0;0.10357197;0.0;0.0;0.0;9.0;0.0;1.0;0.0;1.0;0.0;1.0;0.0;1.0;0.0;1.0;0.0;1.0;0.0;1.0;0.0;1.0;0.0;1.0;0.0;1.0;0.0;1.0;0.0;1.0;0.0;1.0;0.0;1.0;0.0;1.0;0.0;1.0;0.0;9.0;0.0;1.0;0.0;0.0;0.0;0.0
0.12340431;0.0;0.13132451;0.0;0.05200097;0.0;0.04680928;0.0;0.13548401;0.0;0.13548441;0.0;0.1540677;0.0;0.09998784;0.0;0.29434603;0.0;1.0;0.0;0.400766;0.0;0.23053093;0.0;0.19234228;0.0;0.16914353;0.0;0.16914403;0.0;0.046807926;0.0;0.10357197;0.0;0.0;0.0;9.0;0.0;1.0;0.0;1.0;0.0;1.0;0.0;1.0;0.0;1.0;0.0;1.0;0.0;1.0;0.0;1.0;0.0;1.0;0.0;1.0;0.0;1.0;0.0;1.0;0.0;1.0;0.0;1.0;0.0;1.0;0.0;1.0;0.0;9.0;0.0;1.0;0.0;0.0;0.0;0.0
0.11340447;0.0;0.12068287;0.0;0.05200097;0.0;0.026809301;0.0;0.13548401;0.0;0.13548441;0.0;0.0;0.0;0.11304162;0.0;0.3049876;0.0;1.0;0.0;0.41140765;0.0;0.2435849;0.0;0.19234228;0.0;0.16914353;0.0;0.16914403;0.0;0.02680853;0.0;0.10357197;0.0;0.0;0.0;9.0;0.0;1.0;0.0;1.0;0.0;1.0;0.0;1.0;0.0;1.0;0.0;1.0;0.0;1.0;0.0;1.0;0.0;1.0;0.0;1.0;0.0;1.0;0.0;1.0;0.0;1.0;0.0;1.0;0.0;1.0;0.0;1.0;0.0;9.0;0.0;1.0;0.0;0.0;0.0;0.0
0.10340462;0.0;0.11004122;0.0;0.05200097;0.0;0.006809329;0.0;0.13548401;0.0;0.13548441;0.0;0.0;0.0;0.12609538;0.0;0.3156292;0.0;1.0;0.0;0.42204928;0.0;0.25663885;0.0;0.0;0.0;0.16914353;0.0;0.16914403;0.0;0.006809133;0.0;0.10357197;0.0;0.0;0.0;9.0;0.0;1.0;0.0;1.0;0.0;1.0;0.0;1.0;0.0;1.0;0.0;1.0;0.0;1.0;0.0;1.0;0.0;1.0;0.0;1.0;0.0;1.0;0.0;1.0;0.0;1.0;0.0;1.0;0.0;1.0;0.0;1.0;0.0;9.0;0.0;1.0;0.0;0.0;0.0;0.0
0.09340477;0.0;0.09939958;0.0;0.05200097;0.0;0.0;0.0;0.13548401;0.0;0.13548441;0.0;0.0131902695;0.0;0.13914917;0.0;0.3262708;0.0;1.0;0.0;0.43269095;0.0;0.13915119;0.0;0.013190651;0.0;0.16914353;0.0;0.16914403;0.0;0.076873526;0.0;0.1219304;0.0;0.0;0.0;9.0;0.0;1.0;0.0;1.0;0.0;1.0;0.0;1.0;0.0;1.0;0.0;1.0;0.0;1.0;0.0;1.0;0.0;1.0;0.0;1.0;0.0;1.0;0.0;1.0;0.0;1.0;0.0;1.0;0.0;1.0;0.0;1.0;0.0;9.0;0.0;1.0;0.0;0.0;0.0;0.0
0.08340492;0.0;0.0;0.0;0.05200097;0.0;0.0;0.0;0.13548401;0.0;0.13548441;0.0;0.033189677;0.0;0.15220295;0.0;0.33691236;0.0;1.0;0.0;0.4433326;0.0;0.15220514;0.0;0.033190634;0.0;0.16914353;0.0;0.16914403;0.0;0.076873526;0.0;0.10887661;0.0;0.0;0.0;9.0;0.0;9.0;0.0;1.0;0.0;1.0;0.0;1.0;0.0;1.0;0.0;1.0;0.0;1.0;0.0;1.0;0.0;1.0;0.0;1.0;0.0;1.0;0.0;1.0;0.0;1.0;0.0;1.0;0.0;1.0;0.0;1.0;0.0;9.0;0.0;1.0;0.0;0.0;0.0;0.0
0.07340507;0.0;0.0;0.0;0.05200097;0.0;0.038596727;0.0;0.13548401;0.0;0.0;0.0;0.05318908;0.0;0.16525672;0.0;0.34755397;0.0;1.0;0.0;0.45397425;0.0;0.16525911;0.0;0.05319062;0.0;0.16914353;0.0;0.16914403;0.0;0.076873526;0.0;0.0;0.0;0.078115806;0.0;9.0;0.0;9.0;0.0;1.0;0.0;1.0;0.0;1.0;0.0;1.0;0.0;1.0;0.0;1.0;0.0;1.0;0.0;1.0;0.0;1.0;0.0;1.0;0.0;1.0;0.0;1.0;0.0;1.0;0.0;1.0;0.0;9.0;0.0;9.0;0.0;1.0;0.0;0.0;0.0;0.0
0.06340523;0.0;0.0;0.0;0.05200097;0.0;0.038596727;0.0;0.13548401;0.0;0.0;0.0;0.1540677;0.0;0.17831051;0.0;0.35819554;0.0;1.0;0.0;0.4646159;0.0;0.17831308;0.0;0.07319061;0.0;0.0;0.0;0.16914403;0.0;0.076873526;0.0;0.0;0.0;0.06747422;0.0;9.0;0.0;9.0;0.0;1.0;0.0;1.0;0.0;1.0;0.0;1.0;0.0;1.0;0.0;1.0;0.0;1.0;0.0;1.0;0.0;1.0;0.0;1.0;0.0;1.0;0.0;1.0;0.0;1.0;0.0;1.0;0.0;9.0;0.0;9.0;0.0;1.0;0.0;0.0;0.0;0.0
0.05340538;0.0;0.0;0.0;0.069716245;0.0;0.038596727;0.0;0.13548401;0.0;0.13548441;0.0;0.1540677;0.0;0.19136429;0.0;0.36883712;0.0;1.0;0.0;0.47525755;0.0;0.19136705;0.0;0.09319059;0.0;0.0;0.0;0.16914403;0.0;0.076873526;0.0;0.0;0.0;0.05683264;0.0;9.0;0.0;9.0;0.0;1.0;0.0;1.0;0.0;1.0;0.0;1.0;0.0;1.0;0.0;1.0;0.0;1.0;0.0;1.0;0.0;1.0;0.0;1.0;0.0;1.0;0.0;1.0;0.0;1.0;0.0;1.0;0.0;9.0;0.0;9.0;0.0;1.0;0.0;0.0;0.0;0.0
0.043405533;0.0;0.0;0.0;0.056662284;0.0;0.038596727;0.0;0.13548401;0.0;0.13548441;0.0;0.1540677;0.0;0.20441806;0.0;0.3794787;0.0;1.0;0.0;0.4858992;0.0;0.20442101;0.0;0.19234228;0.0;0.16914353;0.0;0.0;0.0;0.076873526;0.0;0.0;0.0;0.04619106;0.0;9.0;0.0;9.0;0.0;1.0;0.0;1.0;0.0;1.0;0.0;1.0;0.0;1.0;0.0;1.0;0.0;1.0;0.0;1.0;0.0;1.0;0.0;1.0;0.0;1.0;0.0;1.0;0.0;1.0;0.0;1.0;0.0;9.0;0.0;9.0;0.0;1.0;0.0;0.0;0.0;0.0
0.033405684;0.0;0.0;0.0;0.0;0.0;0.038596727;0.0;0.0;0.0;0.13548441;0.0;0.1540677;0.0;0.08693207;0.0;0.3901203;0.0;1.0;0.0;0.3901227;0.0;0.21747498;0.0;0.19234228;0.0;0.16914353;0.0;0.0;0.0;0.0;0.0;0.0;0.0;0.035549477;0.0;9.0;0.0;9.0;0.0;9.0;0.0;1.0;0.0;1.0;0.0;1.0;0.0;1.0;0.0;1.0;0.0;1.0;0.0;1.0;0.0;1.0;0.0;1.0;0.0;1.0;0.0;1.0;0.0;1.0;0.0;9.0;0.0;9.0;0.0;9.0;0.0;1.0;0.0;0.0;0.0;0.0
0.023405839;0.0;0.0;0.0;0.0;0.0;0.038596727;0.0;0.0339415;0.0;0.13548441;0.0;0.1540677;0.0;0.099985845;0.0;0.29434443;0.0;1.0;0.0;0.40076438;0.0;0.23052895;0.0;0.19234228;0.0;0.16914353;0.0;0.06760122;0.0;0.0;0.0;0.0;0.0;0.024907896;0.0;9.0;0.0;9.0;0.0;9.0;0.0;1.0;0.0;1.0;0.0;1.0;0.0;1.0;0.0;1.0;0.0;1.0;0.0;1.0;0.0;1.0;0.0;1.0;0.0;1.0;0.0;1.0;0.0;1.0;0.0;9.0;0.0;9.0;0.0;9.0;0.0;1.0;0.0;0.0;0.0;0.0
0.013405991;0.0;0.0;0.0;0.0;0.0;0.0;0.0;0.0339415;0.0;0.13548441;0.0;0.0;0.0;0.11303963;0.0;0.304986;0.0;1.0;0.0;0.41140604;0.0;0.24358292;0.0;0.19234228;0.0;0.16914353;0.0;0.06760122;0.0;0.0;0.0;0.0;0.0;0.014266314;0.0;9.0;0.0;9.0;0.0;9.0;0.0;9.0;0.0;1.0;0.0;1.0;0.0;1.0;0.0;1.0;0.0;1.0;0.0;1.0;0.0;1.0;0.0;1.0;0.0;1.0;0.0;1.0;0.0;1.0;0.0;9.0;0.0;9.0;0.0;9.0;0.0;1.0;0.0;0.0;0.0;0.0
0.0034061433;0.0;0.0;0.0;0.0;0.0;0.0;0.0;0.0;0.0;0.13548441;0.0;0.0;0.0;0.1260934;0.0;0.3156276;0.0;1.0;0.0;0.42204767;0.0;0.2566369;0.0;0.0;0.0;0.16914353;0.0;0.0;0.0;0.0;0.0;0.0;0.0;0.0036247305;0.0;9.0;0.0;9.0;0.0;9.0;0.0;9.0;0.0;9.0;0.0;1.0;0.0;1.0;0.0;1.0;0.0;1.0;0.0;1.0;0.0;1.0;0.0;1.0;0.0;1.0;0.0;1.0;0.0;9.0;0.0;9.0;0.0;9.0;0.0;9.0;0.0;1.0;0.0;0.0;0.0;0.0
1.0;0.0;0.0036247526;0.0;0.0044464343;0.0;0.038596727;0.0;0.0339415;0.0;0.13548441;0.0;0.0;0.0;0.1260934;0.0;0.3156276;0.0;1.0;0.0;0.42204767;0.0;0.2566369;0.0;0.0;0.0;0.16914353;0.0;0.06760122;0.0;0.076873526;0.0;0.0044463724;0.0;0.96138173;0.0;9.0;0.0;1.0;0.0;1.0;0.0;1.0;0.0;1.0;0.0;1.0;0.0;1.0;0.0;1.0;0.0;1.0;0.0;1.0;0.0;1.0;0.0;1.0;0.0;1.0;0.0;1.0;0.0;1.0;0.0;1.0;0.0;1.0;0.0;1.0;0.0;1.0;0.0;0.0;0.0;0.0
0.9934063;0.0;0.0;0.0;0.0;0.0;0.038596727;0.0;0.0339415;0.0;0.0;0.0;0.0131872175;0.0;0.13914719;0.0;0.32626918;0.0;1.0;0.0;0.43268934;0.0;0.13914919;0.0;0.013187599;0.0;0.16914353;0.0;0.06760122;0.0;0.0;0.0;0.0;0.0;0.95074016;0.0;9.0;0.0;1.0;0.0;1.0;0.0;1.0;0.0;1.0;0.0;1.0;0.0;1.0;0.0;1.0;0.0;1.0;0.0;1.0;0.0;1.0;0.0;1.0;0.0;1.0;0.0;1.0;0.0;1.0;0.0;1.0;0.0;1.0;0.0;1.0;0.0;1.0;0.0;0.0;0.0;0.0
0.9834064;0.0;0.6824764;0.0;0.0;0.0;0.038596727;0.0;0.0339415;0.0;0.0;0.0;0.033186622;0.0;0.15220097;0.0;0.33691075;0.0;1.0;0.0;0.44333094;0.0;0.15220316;0.0;0.033187583;0.0;0.0;0.0;0.06760122;0.0;0.0;0.0;0.0;0.0;0.9400986;0.0;9.0;0.0;1.0;0.0;1.0;0.0;1.0;0.0;1.0;0.0;1.0;0.0;1.0;0.0;1.0;0.0;1.0;0.0;1.0;0.0;1.0;0.0;1.0;0.0;1.0;0.0;1.0;0.0;1.0;0.0;1.0;0.0;1.0;0.0;1.0;0.0;1.0;0.0;0.0;0.0;0.0
0.9734066;0.0;0.6824764;0.0;0.0;0.0;0.0;0.0;0.0339415;0.0;0.033941604;0.0;0.0;0.0;0.16525474;0.0;0.34755233;0.0;1.0;0.0;0.45397264;0.0;0.16525713;0.0;0.053187568;0.0;0.0;0.0;0.06760122;0.0;0.0;0.0;1.0;0.0;0.929457;0.0;9.0;0.0;1.0;0.0;1.0;0.0;1.0;0.0;1.0;0.0;1.0;0.0;1.0;0.0;1.0;0.0;1.0;0.0;1.0;0.0;1.0;0.0;1.0;0.0;1.0;0.0;1.0;0.0;1.0;0.0;1.0;0.0;1.0;0.0;1.0;0.0;1.0;0.0;0.0;0.0;0.0
0.96340674;0.0;0.6824764;0.0;0.0;0.0;0.0;0.0;0.0339415;0.0;0.033941604;0.0;0.0;0.0;0.17830852;0.0;0.35819393;0.0;1.0;0.0;0.4646143;0.0;0.17831108;0.0;0.07318755;0.0;0.06760101;0.0;0.06760122;0.0;0.0;0.0;1.0;0.0;0.91881543;0.0;9.0;0.0;1.0;0.0;1.0;0.0;1.0;0.0;1.0;0.0;1.0;0.0;1.0;0.0;1.0;0.0;1.0;0.0;1.0;0.0;1.0;0.0;1.0;0.0;1.0;0.0;1.0;0.0;1.0;0.0;1.0;0.0;1.0;0.0;1.0;0.0;1.0;0.0;0.0;0.0;0.0
0.95340693;0.0;0.6824764;0.0;0.0;0.0;0.0;0.0;0.0339415;0.0;0.033941604;0.0;0.0;0.0;0.0;0.0;0.3688355;0.0;1.0;0.0;0.4752559;0.0;0.19136505;0.0;0.0;0.0;0.06760101;0.0;0.06760122;0.0;0.0;0.0;1.0;0.0;0.90817386;0.0;9.0;0.0;1.0;0.0;1.0;0.0;1.0;0.0;1.0;0.0;1.0;0.0;1.0;0.0;1.0;0.0;1.0;0.0;1.0;0.0;1.0;0.0;1.0;0.0;1.0;0.0;1.0;0.0;1.0;0.0;1.0;0.0;1.0;0.0;1.0;0.0;1.0;0.0;0.0;0.0;0.0
0.94340706;0.0;0.6824764;0.0;0.0;0.0;0.0;0.0;0.0339415;0.0;0.033941604;0.0;0.0;0.0;0.0;0.0;0.37947708;0.0;1.0;0.0;0.4858976;0.0;0.20441902;0.0;0.0;0.0;0.06760101;0.0;0.06760122;0.0;0.0;0.0;1.0;0.0;0.8975323;0.0;9.0;0.0;1.0;0.0;1.0;0.0;1.0;0.0;1.0;0.0;1.0;0.0;1.0;0.0;1.0;0.0;1.0;0.0;1.0;0.0;1.0;0.0;1.0;0.0;1.0;0.0;1.0;0.0;1.0;0.0;1.0;0.0;1.0;0.0;1.0;0.0;1.0;0.0;0.0;0.0;0.0
0.9334072;0.0;0.6824764;0.0;0.98542625;0.0;0.0;0.0;0.0339415;0.0;0.033941604;0.0;0.0;0.0;0.0;0.0;0.39011866;0.0;1.0;0.0;0.3901211;0.0;0.21747299;0.0;0.0;0.0;0.06760101;0.0;0.06760122;0.0;0.8851679;0.0;1.0;0.0;0.8868907;0.0;9.0;0.0;1.0;0.0;1.0;0.0;1.0;0.0;1.0;0.0;1.0;0.0;1.0;0.0;1.0;0.0;1.0;0.0;1.0;0.0;1.0;0.0;1.0;0.0;1.0;0.0;1.0;0.0;1.0;0.0;2.0;0.0;1.0;0.0;1.0;0.0;1.0;0.0;0.0;0.0;0.0
0.9234074;0.0;0.6824764;0.0;0.98542625;0.0;0.0;0.0;0.0;0.0;0.033941604;0.0;0.0;0.0;0.0;0.0;0.29434282;0.0;1.0;0.0;0.40076274;0.0;0.23052695;0.0;0.0;0.0;0.06760101;0.0;0.0;0.0;0.8851679;0.0;1.0;0.0;0.87624913;0.0;9.0;0.0;1.0;0.0;1.0;0.0;1.0;0.0;1.0;0.0;1.0;0.0;1.0;0.0;1.0;0.0;1.0;0.0;1.0;0.0;1.0;0.0;1.0;0.0;1.0;0.0;1.0;0.0;1.0;0.0;2.0;0.0;1.0;0.0;1.0;0.0;1.0;0.0;0.0;0.0;0.0
0.9134075;0.0;0.8656128;0.0;0.98542625;0.0;0.8268266;0.0;0.0;0.0;0.033941604;0.0;0.038597092;0.0;0.0;0.0;0.3049844;0.0;1.0;0.0;0.41140443;0.0;0.0;0.0;0.0;0.0;0.06760101;0.0;0.0;0.0;0.8851679;0.0;1.0;0.0;0.86560756;0.0;9.0;0.0;1.0;0.0;1.0;0.0;9.0;0.0;1.0;0.0;1.0;0.0;1.0;0.0;1.0;0.0;1.0;0.0;1.0;0.0;1.0;0.0;1.0;0.0;1.0;0.0;1.0;0.0;1.0;0.0;2.0;0.0;1.0;0.0;1.0;0.0;1.0;0.0;0.0;0.0;0.0
0.9034077;0.0;0.8549711;0.0;0.98542625;0.0;0.8068266;0.0;0.23702653;0.0;0.033941604;0.0;0.038597092;0.0;0.0;0.0;0.0;0.0;1.0;0.0;0.42204604;0.0;0.0;0.0;0.07687278;0.0;0.06760101;0.0;0.27068684;0.0;0.8851679;0.0;1.0;0.0;0.854966;0.0;9.0;0.0;1.0;0.0;1.0;0.0;9.0;0.0;1.0;0.0;1.0;0.0;1.0;0.0;1.0;0.0;1.0;0.0;1.0;0.0;1.0;0.0;1.0;0.0;1.0;0.0;1.0;0.0;1.0;0.0;2.0;0.0;1.0;0.0;1.0;0.0;1.0;0.0;0.0;0.0;0.0
0.89340764;0.0;0.84432924;0.0;0.98542625;0.0;0.78682625;0.0;0.23702653;0.0;0.033941604;0.0;0.038597092;0.0;0.008605664;0.0;0.0070154304;0.0;1.0;0.0;0.4326879;0.0;0.0086057875;0.0;0.07687278;0.0;0.06760101;0.0;0.27068684;0.0;0.78680354;0.0;0.8814418;0.0;0.8443241;0.0;9.0;0.0;1.0;0.0;1.0;0.0;9.0;0.0;1.0;0.0;1.0;0.0;1.0;0.0;1.0;0.0;1.0;0.0;1.0;0.0;1.0;0.0;1.0;0.0;1.0;0.0;1.0;0.0;1.0;0.0;2.0;0.0;1.0;0.0;1.0;0.0;1.0;0.0;0.0;0.0;0.0
0.8834076;0.0;0.8336874;0.0;0.98542625;0.0;0.76682585;0.0;0.23702653;0.0;0.033941604;0.0;0.038597092;0.0;0.02165969;0.0;0.017657215;0.0;1.0;0.0;0.44332975;0.0;0.021660004;0.0;0.07687278;0.0;0.06760101;0.0;0.27068684;0.0;0.76680374;0.0;0.8814418;0.0;0.83368236;0.0;9.0;0.0;1.0;0.0;1.0;0.0;9.0;0.0;1.0;0.0;1.0;0.0;1.0;0.0;1.0;0.0;1.0;0.0;1.0;0.0;1.0;0.0;1.0;0.0;1.0;0.0;1.0;0.0;1.0;0.0;2.0;0.0;1.0;0.0;1.0;0.0;1.0;0.0;0.0;0.0;0.0
0.87340754;0.0;0.82304555;0.0;1.0;0.0;0.9623529;0.0;0.23702653;0.0;0.13548441;0.0;0.038597092;0.0;0.03471372;0.0;0.028299;0.0;1.0;0.0;0.45397162;0.0;0.03471422;0.0;0.07687278;0.0;0.06760101;0.0;0.27068684;0.0;0.746804;0.0;0.8814418;0.0;0.8230406;0.0;9.0;0.0;1.0;0.0;1.0;0.0;1.0;0.0;1.0;0.0;1.0;0.0;1.0;0.0;1.0;0.0;1.0;0.0;1.0;0.0;1.0;0.0;1.0;0.0;1.0;0.0;1.0;0.0;1.0;0.0;2.0;0.0;1.0;0.0;1.0;0.0;1.0;0.0;0.0;0.0;0.0
0.8634075;0.0;0.8124038;0.0;0.9965645;0.0;0.9623529;0.0;0.23702653;0.0;0.13548441;0.0;0.038597092;0.0;0.047767747;0.0;0.038940784;0.0;1.0;0.0;0.4646135;0.0;0.047768433;0.0;0.07687278;0.0;0.16914353;0.0;0.0;0.0;0.7268042;0.0;0.8814418;0.0;0.8123988;0.0;9.0;0.0;1.0;0.0;1.0;0.0;1.0;0.0;1.0;0.0;1.0;0.0;1.0;0.0;1.0;0.0;1.0;0.0;1.0;0.0;1.0;0.0;1.0;0.0;1.0;0.0;1.0;0.0;1.0;0.0;2.0;0.0;1.0;0.0;1.0;0.0;1.0;0.0;0.0;0.0;0.0
0.8534075;0.0;0.8017619;0.0;0.8298553;0.0;0.9623529;0.0;0.0;0.0;0.0;0.0;0.038597092;0.0;0.06082177;0.0;0.049582567;0.0;1.0;0.0;0.4752553;0.0;0.060822647;0.0;0.07687278;0.0;0.16914353;0.0;0.0;0.0;0.7068044;0.0;0.8814418;0.0;0.80175704;0.0;9.0;0.0;1.0;0.0;1.0;0.0;1.0;0.0;1.0;0.0;1.0;0.0;1.0;0.0;1.0;0.0;1.0;0.0;1.0;0.0;1.0;0.0;1.0;0.0;1.0;0.0;1.0;0.0;1.0;0.0;2.0;0.0;1.0;0.0;1.0;0.0;1.0;0.0;0.0;0.0;0.0
0.84340745;0.0;0.79112005;0.0;0.8298553;0.0;0.9623529;0.0;0.0;0.0;0.0;0.0;0.038597092;0.0;0.0738758;0.0;0.060224354;0.0;1.0;0.0;0.48589715;0.0;0.073876865;0.0;0.07687278;0.0;0.0;0.0;0.24996117;0.0;0.68680465;0.0;0.8814418;0.0;0.7911152;0.0;9.0;0.0;1.0;0.0;1.0;0.0;1.0;0.0;1.0;0.0;1.0;0.0;1.0;0.0;1.0;0.0;1.0;0.0;1.0;0.0;1.0;0.0;1.0;0.0;1.0;0.0;1.0;0.0;2.0;0.0;2.0;0.0;1.0;0.0;1.0;0.0;1.0;0.0;0.0;0.0;0.0
0.8334074;0.0;0.7804782;0.0;0.8298553;0.0;0.8668269;0.0;0.19239476;0.0;0.23702721;0.0;0.038597092;0.0;0.052002013;0.0;0.07086614;0.0;1.0;0.0;0.39012092;0.0;0.08693108;0.0;0.07687278;0.0;0.27068603;0.0;0.77840096;0.0;0.8851679;0.0;0.8814418;0.0;0.7804734;0.0;9.0;0.0;1.0;0.0;1.0;0.0;1.0;0.0;1.0;0.0;1.0;0.0;1.0;0.0;1.0;0.0;1.0;0.0;1.0;0.0;1.0;0.0;1.0;0.0;1.0;0.0;1.0;0.0;2.0;0.0;2.0;0.0;1.0;0.0;1.0;0.0;1.0;0.0;0.0;0.0;0.0
0.82340735;0.0;0.7698363;0.0;0.8298553;0.0;0.84682655;0.0;0.74473906;0.0;0.23702721;0.0;0.038597092;0.0;0.052002013;0.0;0.08150792;0.0;1.0;0.0;0.40076274;0.0;0.099985294;0.0;0.07687278;0.0;0.27068603;0.0;0.77840096;0.0;0.8851679;0.0;0.8814418;0.0;0.76983166;0.0;9.0;0.0;1.0;0.0;1.0;0.0;1.0;0.0;1.0;0.0;1.0;0.0;1.0;0.0;1.0;0.0;1.0;0.0;1.0;0.0;1.0;0.0;1.0;0.0;1.0;0.0;1.0;0.0;2.0;0.0;2.0;0.0;1.0;0.0;1.0;0.0;1.0;0.0;0.0;0.0;0.0
0.8134073;0.0;0.7591945;0.0;0.8298553;0.0;0.8268262;0.0;0.74473906;0.0;0.23702721;0.0;0.1540677;0.0;0.052002013;0.0;0.092149705;0.0;1.0;0.0;0.092150286;0.0;0.11303951;0.0;0.07687278;0.0;0.27068603;0.0;0.77840096;0.0;0.8851679;0.0;0.8814418;0.0;0.75918984;0.0;9.0;0.0;1.0;0.0;1.0;0.0;1.0;0.0;1.0;0.0;1.0;0.0;1.0;0.0;1.0;0.0;1.0;0.0;1.0;0.0;1.0;0.0;1.0;0.0;1.0;0.0;1.0;0.0;2.0;0.0;2.0;0.0;1.0;0.0;1.0;0.0;1.0;0.0;0.0;0.0;0.0
0.8034073;0.0;0.7485527;0.0;0.8298553;0.0;0.8068258;0.0;0.74473906;0.0;0.23702721;0.0;0.1540677;0.0;0.052002013;0.0;0.10279149;0.0;1.0;0.0;0.10279213;0.0;0.12609372;0.0;0.19234228;0.0;0.27068603;0.0;0.77840096;0.0;0.8851679;0.0;0.8814418;0.0;0.7485481;0.0;9.0;0.0;1.0;0.0;1.0;0.0;1.0;0.0;1.0;0.0;1.0;0.0;1.0;0.0;1.0;0.0;1.0;0.0;1.0;0.0;1.0;0.0;1.0;0.0;1.0;0.0;1.0;0.0;2.0;0.0;2.0;0.0;1.0;0.0;1.0;0.0;1.0;0.0;0.0;0.0;0.0
0.79340726;0.0;0.7379108;0.0;0.8298553;0.0;0.7868255;0.0;0.74473906;0.0;0.23702721;0.0;0.1540677;0.0;0.052002013;0.0;0.11343328;0.0;1.0;0.0;0.113433994;0.0;0.103569865;0.0;0.19234228;0.0;0.27068603;0.0;0.77840096;0.0;0.78680277;0.0;0.90517247;0.0;0.73790634;0.0;9.0;0.0;1.0;0.0;1.0;0.0;1.0;0.0;1.0;0.0;1.0;0.0;1.0;0.0;1.0;0.0;1.0;0.0;1.0;0.0;1.0;0.0;1.0;0.0;1.0;0.0;1.0;0.0;2.0;0.0;2.0;0.0;1.0;0.0;1.0;0.0;1.0;0.0;0.0;0.0;0.0
0.7834072;0.0;0.72726893;0.0;0.8298553;0.0;0.7668251;0.0;0.74473906;0.0;0.23702721;0.0;0.1540677;0.0;0.052002013;0.0;0.12407507;0.0;1.0;0.0;0.124075845;0.0;0.103569865;0.0;0.19234228;0.0;0.27068603;0.0;0.77840096;0.0;0.76680297;0.0;0.89211833;0.0;0.7272645;0.0;9.0;0.0;1.0;0.0;1.0;0.0;1.0;0.0;1.0;0.0;1.0;0.0;1.0;0.0;1.0;0.0;1.0;0.0;1.0;0.0;1.0;0.0;1.0;0.0;1.0;0.0;1.0;0.0;2.0;0.0;2.0;0.0;1.0;0.0;1.0;0.0;1.0;0.0;0.0;0.0;0.0
0.77340716;0.0;0.71662706;0.0;0.8298553;0.0;0.8468833;0.0;0.74473906;0.0;0.23702721;0.0;0.1540677;0.0;0.052002013;0.0;0.13471684;0.0;1.0;0.0;0.13471769;0.0;0.103569865;0.0;0.19234228;0.0;0.27068603;0.0;0.77840096;0.0;0.7468032;0.0;0.7258678;0.0;0.7166227;0.0;9.0;0.0;1.0;0.0;1.0;0.0;1.0;0.0;1.0;0.0;1.0;0.0;1.0;0.0;1.0;0.0;1.0;0.0;1.0;0.0;1.0;0.0;1.0;0.0;1.0;0.0;1.0;0.0;2.0;0.0;2.0;0.0;1.0;0.0;1.0;0.0;1.0;0.0;0.0;0.0;0.0
0.7634071;0.0;0.7059852;0.0;0.8298553;0.0;0.8468833;0.0;0.74473906;0.0;0.23702721;0.0;0.07318468;0.0;0.052002013;0.0;0.14535864;0.0;1.0;0.0;0.14535955;0.0;0.103569865;0.0;0.19234228;0.0;0.27068603;0.0;0.77840096;0.0;0.7268034;0.0;0.7258678;0.0;0.7059809;0.0;9.0;0.0;1.0;0.0;1.0;0.0;1.0;0.0;1.0;0.0;1.0;0.0;1.0;0.0;1.0;0.0;1.0;0.0;1.0;0.0;1.0;0.0;1.0;0.0;1.0;0.0;1.0;0.0;2.0;0.0;2.0;0.0;1.0;0.0;1.0;0.0;1.0;0.0;0.0;0.0;0.0
0.7534071;0.0;0.6953434;0.0;0.8529681;0.0;0.8468833;0.0;0.74473906;0.0;0.23702721;0.0;0.093184456;0.0;0.052002013;0.0;0.1560004;0.0;1.0;0.0;0.15600139;0.0;0.103569865;0.0;0.19234228;0.0;0.27068603;0.0;0.77840096;0.0;0.7068037;0.0;0.7258678;0.0;0.69533914;0.0;9.0;0.0;1.0;0.0;1.0;0.0;1.0;0.0;1.0;0.0;1.0;0.0;1.0;0.0;1.0;0.0;1.0;0.0;1.0;0.0;1.0;0.0;1.0;0.0;1.0;0.0;1.0;0.0;2.0;0.0;2.0;0.0;1.0;0.0;1.0;0.0;1.0;0.0;0.0;0.0;0.0
0.7434071;0.0;0.68470156;0.0;0.83991396;0.0;0.8468833;0.0;0.24998327;0.0;0.23702721;0.0;0.11318425;0.0;0.052002013;0.0;0.1666422;0.0;1.0;0.0;0.16664325;0.0;0.103569865;0.0;0.11318753;0.0;0.27068603;0.0;0.24995895;0.0;0.6868039;0.0;0.7258678;0.0;0.68469733;0.0;9.0;0.0;1.0;0.0;1.0;0.0;1.0;0.0;1.0;0.0;1.0;0.0;1.0;0.0;1.0;0.0;1.0;0.0;1.0;0.0;1.0;0.0;1.0;0.0;1.0;0.0;1.0;0.0;2.0;0.0;2.0;0.0;1.0;0.0;1.0;0.0;1.0;0.0;0.0;0.0;0.0
0.733407;0.0;0.6740597;0.0;0.67428446;0.0;0.8468833;0.0;0.19239257;0.0;0.33857006;0.0;0.13318405;0.0;0.2174701;0.0;0.17728397;0.0;1.0;0.0;0.1772851;0.0;0.103569865;0.0;0.13318789;0.0;0.37222853;0.0;0.77840096;0.0;0.8851679;0.0;0.7258678;0.0;0.6740556;0.0;9.0;0.0;1.0;0.0;1.0;0.0;1.0;0.0;1.0;0.0;1.0;0.0;1.0;0.0;1.0;0.0;1.0;0.0;1.0;0.0;1.0;0.0;1.0;0.0;1.0;0.0;1.0;0.0;2.0;0.0;2.0;0.0;1.0;0.0;1.0;0.0;1.0;0.0;0.0;0.0;0.0
0.723407;0.0;0.6634178;0.0;0.67428446;0.0;0.8468833;0.0;0.84628165;0.0;0.44011283;0.0;0.15318383;0.0;0.23052414;0.0;0.18792577;0.0;1.0;0.0;0.18792695;0.0;0.103569865;0.0;0.15318826;0.0;0.37222853;0.0;0.77840096;0.0;0.8851679;0.0;0.7258678;0.0;0.4870414;0.0;9.0;0.0;1.0;0.0;1.0;0.0;1.0;0.0;1.0;0.0;1.0;0.0;1.0;0.0;1.0;0.0;1.0;0.0;1.0;0.0;1.0;0.0;1.0;0.0;1.0;0.0;1.0;0.0;2.0;0.0;2.0;0.0;1.0;0.0;1.0;0.0;1.0;0.0;0.0;0.0;0.0
0.7134069;0.0;0.652776;0.0;0.67428446;0.0;0.8468833;0.0;0.84628165;0.0;0.44011283;0.0;0.1731836;0.0;0.207576;0.0;0.19856755;0.0;1.0;0.0;0.19856879;0.0;0.103569865;0.0;0.17318861;0.0;0.47377104;0.0;0.77840096;0.0;0.8851679;0.0;0.7258678;0.0;0.4870414;0.0;9.0;0.0;1.0;0.0;1.0;0.0;1.0;0.0;1.0;0.0;1.0;0.0;1.0;0.0;1.0;0.0;1.0;0.0;1.0;0.0;1.0;0.0;1.0;0.0;1.0;0.0;1.0;0.0;2.0;0.0;2.0;0.0;1.0;0.0;1.0;0.0;1.0;0.0;0.0;0.0;0.0
0.70340693;0.0;0.64213413;0.0;0.67428446;0.0;0.8468833;0.0;0.84628165;0.0;0.54165566;0.0;0.2695383;0.0;0.207576;0.0;0.20920935;0.0;1.0;0.0;0.20921066;0.0;0.103569865;0.0;0.193189;0.0;0.47377104;0.0;0.77840096;0.0;0.8851679;0.0;0.7258678;0.0;0.4870414;0.0;9.0;0.0;1.0;0.0;1.0;0.0;1.0;0.0;1.0;0.0;1.0;0.0;1.0;0.0;1.0;0.0;1.0;0.0;1.0;0.0;1.0;0.0;1.0;0.0;1.0;0.0;1.0;0.0;2.0;0.0;2.0;0.0;1.0;0.0;1.0;0.0;1.0;0.0;0.0;0.0;0.0
0.6934069;0.0;0.63149226;0.0;0.67428446;0.0;0.8468833;0.0;0.84628165;0.0;0.54165566;0.0;0.2695383;0.0;0.207576;0.0;0.2198511;0.0;1.0;0.0;0.21985249;0.0;0.2696901;0.0;0.21318936;0.0;0.57531357;0.0;0.77840096;0.0;0.786802;0.0;0.7258678;0.0;0.4870414;0.0;9.0;0.0;1.0;0.0;1.0;0.0;1.0;0.0;1.0;0.0;1.0;0.0;1.0;0.0;1.0;0.0;1.0;0.0;1.0;0.0;1.0;0.0;1.0;0.0;1.0;0.0;1.0;0.0;2.0;0.0;2.0;0.0;1.0;0.0;1.0;0.0;1.0;0.0;0.0;0.0;0.0
0.68340683;0.0;0.62085044;0.0;0.67428446;0.0;0.8468833;0.0;0.84628165;0.0;0.6431985;0.0;0.2695383;0.0;0.207576;0.0;0.2304929;0.0;1.0;0.0;0.23049435;0.0;0.28274432;0.0;0.3078118;0.0;0.57531357;0.0;0.77840096;0.0;0.7668022;0.0;0.7258678;0.0;0.4870414;0.0;9.0;0.0;1.0;0.0;1.0;0.0;1.0;0.0;1.0;0.0;1.0;0.0;1.0;0.0;1.0;0.0;1.0;0.0;1.0;0.0;1.0;0.0;1.0;0.0;1.0;0.0;1.0;0.0;2.0;0.0;2.0;0.0;1.0;0.0;1.0;0.0;1.0;0.0;0.0;0.0;0.0
0.6734068;0.0;0.61020863;0.0;0.67428446;0.0;0.74682397;0.0;0.84628165;0.0;0.6431985;0.0;0.2695383;0.0;0.207576;0.0;0.24113469;0.0;1.0;0.0;0.24113622;0.0;0.25914067;0.0;0.3078118;0.0;0.6768561;0.0;0.77840096;0.0;0.74680245;0.0;0.74852407;0.0;0.4870414;0.0;9.0;0.0;1.0;0.0;1.0;0.0;1.0;0.0;1.0;0.0;1.0;0.0;1.0;0.0;1.0;0.0;1.0;0.0;1.0;0.0;1.0;0.0;1.0;0.0;1.0;0.0;1.0;0.0;2.0;0.0;2.0;0.0;1.0;0.0;1.0;0.0;1.0;0.0;0.0;0.0;0.0
0.6634067;0.0;0.59956676;0.0;0.67428446;0.0;0.7268237;0.0;0.36516243;0.0;0.21072212;0.0;0.2695383;0.0;0.207576;0.0;0.2517765;0.0;1.0;0.0;0.25177807;0.0;0.25914067;0.0;0.3078118;0.0;0.21074203;0.0;0.77840096;0.0;0.7268027;0.0;0.73547;0.0;0.4870414;0.0;9.0;0.0;1.0;0.0;1.0;0.0;1.0;0.0;1.0;0.0;1.0;0.0;1.0;0.0;1.0;0.0;1.0;0.0;1.0;0.0;1.0;0.0;1.0;0.0;1.0;0.0;2.0;0.0;2.0;0.0;2.0;0.0;1.0;0.0;1.0;0.0;1.0;0.0;0.0;0.0;0.0
0.65340674;0.0;0.5889249;0.0;0.67428446;0.0;0.7068233;0.0;0.30757174;0.0;0.2683073;0.0;0.2695383;0.0;0.207576;0.0;0.26241827;0.0;1.0;0.0;0.2624199;0.0;0.25914067;0.0;0.3078118;0.0;0.26833266;0.0;0.77840096;0.0;0.7068029;0.0;0.57029384;0.0;0.4870414;0.0;9.0;0.0;1.0;0.0;1.0;0.0;1.0;0.0;1.0;0.0;1.0;0.0;1.0;0.0;1.0;0.0;1.0;0.0;1.0;0.0;1.0;0.0;1.0;0.0;1.0;0.0;2.0;0.0;2.0;0.0;2.0;0.0;1.0;0.0;1.0;0.0;1.0;0.0;0.0;0.0;0.0
0.6434067;0.0;0.578283;0.0;0.67428446;0.0;0.68682295;0.0;0.84628165;0.0;0.7447413;0.0;0.2695383;0.0;0.207576;0.0;0.27306002;0.0;1.0;0.0;0.27306175;0.0;0.25914067;0.0;0.3078118;0.0;0.7783986;0.0;0.24995676;0.0;0.6868031;0.0;0.57029384;0.0;0.4870414;0.0;9.0;0.0;1.0;0.0;1.0;0.0;1.0;0.0;9.0;0.0;1.0;0.0;1.0;0.0;1.0;0.0;1.0;0.0;1.0;0.0;1.0;0.0;1.0;0.0;1.0;0.0;2.0;0.0;2.0;0.0;2.0;0.0;1.0;0.0;1.0;0.0;1.0;0.0;0.0;0.0;0.0
0.63340664;0.0;0.3901025;0.0;0.6963176;0.0;0.66682255;0.0;0.84628165;0.0;0.7447413;0.0;0.2695383;0.0;0.207576;0.0;0.28370184;0.0;1.0;0.0;0.28370363;0.0;0.25914067;0.0;0.3078118;0.0;0.7783986;0.0;0.77840096;0.0;0.8851679;0.0;0.57029384;0.0;0.4870414;0.0;9.0;0.0;1.0;0.0;1.0;0.0;1.0;0.0;9.0;0.0;1.0;0.0;1.0;0.0;1.0;0.0;1.0;0.0;1.0;0.0;1.0;0.0;1.0;0.0;1.0;0.0;2.0;0.0;2.0;0.0;2.0;0.0;1.0;0.0;1.0;0.0;1.0;0.0;0.0;0.0;0.0
0.6234066;0.0;0.3901025;0.0;0.6832634;0.0;0.8468833;0.0;0.84628165;0.0;0.7447413;0.0;0.2695383;0.0;0.207576;0.0;0.097733125;0.0;1.0;0.0;0.29434547;0.0;0.25914067;0.0;0.3078118;0.0;0.7783986;0.0;0.77840096;0.0;0.8851679;0.0;0.57029384;0.0;0.6634134;0.0;9.0;0.0;1.0;0.0;1.0;0.0;1.0;0.0;9.0;0.0;1.0;0.0;1.0;0.0;1.0;0.0;1.0;0.0;1.0;0.0;1.0;0.0;1.0;0.0;1.0;0.0;2.0;0.0;2.0;0.0;2.0;0.0;1.0;0.0;1.0;0.0;1.0;0.0;0.0;0.0;0.0
0.61340654;0.0;0.3901025;0.0;0.5187136;0.0;0.8468833;0.0;0.84628165;0.0;0.7447413;0.0;0.2695383;0.0;0.24357864;0.0;0.097733125;0.0;1.0;0.0;0.3049873;0.0;0.25914067;0.0;0.3078118;0.0;0.7783986;0.0;0.77840096;0.0;0.8851679;0.0;0.57029384;0.0;0.6527716;0.0;9.0;0.0;1.0;0.0;1.0;0.0;1.0;0.0;9.0;0.0;1.0;0.0;1.0;0.0;1.0;0.0;1.0;0.0;1.0;0.0;1.0;0.0;1.0;0.0;1.0;0.0;2.0;0.0;2.0;0.0;2.0;0.0;1.0;0.0;1.0;0.0;1.0;0.0;0.0;0.0;0.0
0.60340655;0.0;0.3901025;0.0;0.5187136;0.0;0.8468833;0.0;0.84628165;0.0;0.7447413;0.0;0.3850089;0.0;0.2566327;0.0;0.097733125;0.0;1.0;0.0;0.31562918;0.0;0.25914067;0.0;0.3078118;0.0;0.7783986;0.0;0.77840096;0.0;0.8851679;0.0;0.57029384;0.0;0.6421298;0.0;9.0;0.0;1.0;0.0;1.0;0.0;1.0;0.0;9.0;0.0;1.0;0.0;1.0;0.0;1.0;0.0;1.0;0.0;1.0;0.0;1.0;0.0;1.0;0.0;1.0;0.0;2.0;0.0;2.0;0.0;2.0;0.0;1.0;0.0;1.0;0.0;1.0;0.0;0.0;0.0;0.0
0.5934065;0.0;0.3901025;0.0;0.5187136;0.0;0.8468833;0.0;0.84628165;0.0;0.7447413;0.0;0.3850089;0.0;0.2696867;0.0;0.097733125;0.0;1.0;0.0;0.326271;0.0;0.25914067;0.0;0.3078118;0.0;0.7783986;0.0;0.77840096;0.0;0.7868012;0.0;0.57029384;0.0;0.631488;0.0;9.0;0.0;1.0;0.0;1.0;0.0;1.0;0.0;9.0;0.0;1.0;0.0;1.0;0.0;1.0;0.0;1.0;0.0;1.0;0.0;1.0;0.0;1.0;0.0;1.0;0.0;2.0;0.0;2.0;0.0;2.0;0.0;1.0;0.0;1.0;0.0;1.0;0.0;0.0;0.0;0.0
0.58340645;0.0;0.3901025;0.0;0.5187136;0.0;0.8468833;0.0;0.84628165;0.0;0.7447413;0.0;0.3850089;0.0;0.28274074;0.0;0.097733125;0.0;1.0;0.0;0.33691287;0.0;0.25914067;0.0;0.42328128;0.0;0.7783986;0.0;0.77840096;0.0;0.7668015;0.0;0.57029384;0.0;0.6208463;0.0;9.0;0.0;1.0;0.0;1.0;0.0;1.0;0.0;9.0;0.0;1.0;0.0;1.0;0.0;1.0;0.0;1.0;0.0;1.0;0.0;1.0;0.0;1.0;0.0;1.0;0.0;2.0;0.0;2.0;0.0;2.0;0.0;1.0;0.0;1.0;0.0;1.0;0.0;0.0;0.0;0.0
0.5734064;0.0;0.3901025;0.0;0.5187136;0.0;0.7468232;0.0;0.84628165;0.0;0.7447413;0.0;0.3850089;0.0;0.29579479;0.0;0.097733125;0.0;1.0;0.0;0.34755474;0.0;0.29579902;0.0;0.42328128;0.0;0.7783986;0.0;0.77840096;0.0;0.74680173;0.0;0.57029384;0.0;0.61020446;0.0;9.0;0.0;1.0;0.0;1.0;0.0;1.0;0.0;9.0;0.0;1.0;0.0;1.0;0.0;1.0;0.0;1.0;0.0;1.0;0.0;1.0;0.0;1.0;0.0;1.0;0.0;2.0;0.0;2.0;0.0;2.0;0.0;1.0;0.0;1.0;0.0;1.0;0.0;0.0;0.0;0.0
0.56340635;0.0;0.3901025;0.0;0.5187136;0.0;0.7268229;0.0;0.36516023;0.0;0.21072431;0.0;0.3850089;0.0;0.3088488;0.0;0.097733125;0.0;1.0;0.0;0.35819656;0.0;0.30885324;0.0;0.42328128;0.0;0.21074422;0.0;0.77840096;0.0;0.72680193;0.0;0.57029384;0.0;0.5995627;0.0;9.0;0.0;1.0;0.0;1.0;0.0;1.0;0.0;9.0;0.0;1.0;0.0;1.0;0.0;1.0;0.0;1.0;0.0;1.0;0.0;1.0;0.0;1.0;0.0;1.0;0.0;2.0;0.0;2.0;0.0;2.0;0.0;1.0;0.0;1.0;0.0;1.0;0.0;0.0;0.0;0.0
0.55340636;0.0;0.3901025;0.0;0.5187136;0.0;0.7068225;0.0;0.30756956;0.0;0.2683095;0.0;0.3850089;0.0;0.3219028;0.0;0.097733125;0.0;1.0;0.0;0.36883843;0.0;0.32190746;0.0;0.42328128;0.0;0.26833484;0.0;0.77840096;0.0;0.7068021;0.0;0.5918757;0.0;0.5889209;0.0;9.0;0.0;1.0;0.0;1.0;0.0;1.0;0.0;9.0;0.0;1.0;0.0;1.0;0.0;1.0;0.0;1.0;0.0;1.0;0.0;1.0;0.0;1.0;0.0;1.0;0.0;2.0;0.0;2.0;0.0;2.0;0.0;1.0;0.0;1.0;0.0;1.0;0.0;0.0;0.0;0.0
0.5434063;0.0;0.3901025;0.0;0.5187136;0.0;0.6868222;0.0;0.84628165;0.0;0.7447413;0.0;0.5004795;0.0;0.33495682;0.0;0.097733125;0.0;1.0;0.0;0.37948027;0.0;0.33496168;0.0;0.42328128;0.0;0.7783986;0.0;0.24995455;0.0;0.6868023;0.0;0.57882166;0.0;0.57827914;0.0;9.0;0.0;1.0;0.0;1.0;0.0;1.0;0.0;1.0;0.0;1.0;0.0;1.0;0.0;1.0;0.0;1.0;0.0;1.0;0.0;1.0;0.0;1.0;0.0;1.0;0.0;2.0;0.0;2.0;0.0;2.0;0.0;1.0;0.0;1.0;0.0;1.0;0.0;0.0;0.0;0.0
0.53340626;0.0;0.5676408;0.0;0.5187136;0.0;0.66682184;0.0;0.84628165;0.0;0.7447413;0.0;0.5004795;0.0;0.34801087;0.0;0.097733125;0.0;1.0;0.0;0.19464508;0.0;0.34801587;0.0;0.42328128;0.0;0.7783986;0.0;0.77840096;0.0;0.7696973;0.0;0.41471988;0.0;0.5676373;0.0;9.0;0.0;1.0;0.0;1.0;0.0;1.0;0.0;1.0;0.0;1.0;0.0;1.0;0.0;1.0;0.0;1.0;0.0;1.0;0.0;1.0;0.0;1.0;0.0;1.0;0.0;2.0;0.0;2.0;0.0;1.0;0.0;1.0;0.0;1.0;0.0;1.0;0.0;0.0;0.0;0.0
0.5234062;0.0;0.5569989;0.0;0.5187136;0.0;0.73141384;0.0;0.84628165;0.0;0.7447413;0.0;0.5004795;0.0;0.36106488;0.0;0.40076146;0.0;1.0;0.0;0.19464508;0.0;0.3610701;0.0;0.53875077;0.0;0.7783986;0.0;0.77840096;0.0;0.7696973;0.0;0.41471988;0.0;0.5569955;0.0;9.0;0.0;1.0;0.0;1.0;0.0;1.0;0.0;1.0;0.0;1.0;0.0;1.0;0.0;1.0;0.0;1.0;0.0;1.0;0.0;1.0;0.0;1.0;0.0;1.0;0.0;2.0;0.0;2.0;0.0;1.0;0.0;1.0;0.0;1.0;0.0;1.0;0.0;0.0;0.0;0.0
0.51340616;0.0;0.54635704;0.0;0.53966707;0.0;0.73141384;0.0;0.84628165;0.0;0.7447413;0.0;0.5004795;0.0;0.37411892;0.0;0.41140324;0.0;1.0;0.0;0.19464508;0.0;0.37412432;0.0;0.53875077;0.0;0.7783986;0.0;0.77840096;0.0;0.7696973;0.0;0.41471988;0.0;0.54635376;0.0;9.0;0.0;1.0;0.0;1.0;0.0;1.0;0.0;1.0;0.0;1.0;0.0;1.0;0.0;1.0;0.0;1.0;0.0;1.0;0.0;1.0;0.0;1.0;0.0;1.0;0.0;2.0;0.0;2.0;0.0;1.0;0.0;1.0;0.0;1.0;0.0;1.0;0.0;0.0;0.0;0.0
0.50340617;0.0;0.5357152;0.0;0.5266129;0.0;0.73141384;0.0;0.84628165;0.0;0.7447413;0.0;0.5004795;0.0;0.38717297;0.0;0.42204505;0.0;1.0;0.0;0.19464508;0.0;0.3871785;0.0;0.53875077;0.0;0.7783986;0.0;0.77840096;0.0;0.7696973;0.0;0.41471988;0.0;0.53571194;0.0;9.0;0.0;1.0;0.0;1.0;0.0;1.0;0.0;1.0;0.0;1.0;0.0;1.0;0.0;1.0;0.0;1.0;0.0;1.0;0.0;1.0;0.0;1.0;0.0;1.0;0.0;2.0;0.0;2.0;0.0;1.0;0.0;1.0;0.0;1.0;0.0;1.0;0.0;0.0;0.0;0.0
0.49340612;0.0;0.5250734;0.0;0.36314273;0.0;0.73141384;0.0;0.84628165;0.0;0.7447413;0.0;0.5004795;0.0;0.36315;0.0;0.4326868;0.0;1.0;0.0;0.19464508;0.0;0.40023273;0.0;0.53875077;0.0;0.7783986;0.0;0.77840096;0.0;0.7696973;0.0;0.41471988;0.0;0.5250702;0.0;9.0;0.0;1.0;0.0;1.0;0.0;1.0;0.0;1.0;0.0;1.0;0.0;1.0;0.0;1.0;0.0;1.0;0.0;1.0;0.0;1.0;0.0;1.0;0.0;1.0;0.0;2.0;0.0;2.0;0.0;1.0;0.0;1.0;0.0;1.0;0.0;1.0;0.0;0.0;0.0;0.0
0.48340607;0.0;0.51443154;0.0;0.36314273;0.0;0.73141384;0.0;0.84628165;0.0;0.7447413;0.0;0.6159501;0.0;0.36315;0.0;0.44332862;0.0;1.0;0.0;0.19464508;0.0;0.41328698;0.0;0.53875077;0.0;0.7783986;0.0;0.77840096;0.0;0.65422666;0.0;0.41471988;0.0;0.5144284;0.0;9.0;0.0;1.0;0.0;1.0;0.0;1.0;0.0;1.0;0.0;1.0;0.0;1.0;0.0;1.0;0.0;1.0;0.0;1.0;0.0;1.0;0.0;1.0;0.0;1.0;0.0;2.0;0.0;2.0;0.0;1.0;0.0;1.0;0.0;1.0;0.0;1.0;0.0;0.0;0.0;0.0
0.47340602;0.0;0.50378966;0.0;0.36314273;0.0;0.73141384;0.0;0.84628165;0.0;0.7447413;0.0;0.6159501;0.0;0.36315;0.0;0.45397037;0.0;1.0;0.0;0.19464508;0.0;0.42634115;0.0;0.53875077;0.0;0.7783986;0.0;0.77840096;0.0;0.65422666;0.0;0.41471988;0.0;0.5037866;0.0;9.0;0.0;1.0;0.0;1.0;0.0;1.0;0.0;1.0;0.0;1.0;0.0;1.0;0.0;1.0;0.0;1.0;0.0;1.0;0.0;1.0;0.0;1.0;0.0;1.0;0.0;2.0;0.0;2.0;0.0;1.0;0.0;1.0;0.0;1.0;0.0;1.0;0.0;0.0;0.0;0.0
0.463406;0.0;0.49314785;0.0;0.36314273;0.0;0.61594427;0.0;0.36515802;0.0;0.7447413;0.0;0.6159501;0.0;0.36315;0.0;0.46461216;0.0;1.0;0.0;0.19464508;0.0;0.43939537;0.0;0.6542203;0.0;0.21074641;0.0;0.77840096;0.0;0.65422666;0.0;0.41471988;0.0;0.49314484;0.0;9.0;0.0;1.0;0.0;1.0;0.0;1.0;0.0;1.0;0.0;1.0;0.0;1.0;0.0;1.0;0.0;1.0;0.0;1.0;0.0;1.0;0.0;1.0;0.0;1.0;0.0;2.0;0.0;2.0;0.0;1.0;0.0;1.0;0.0;1.0;0.0;1.0;0.0;0.0;0.0;0.0
0.45340595;0.0;0.48250598;0.0;0.36314273;0.0;0.61594427;0.0;0.30756736;0.0;0.7447413;0.0;0.6159501;0.0;0.36315;0.0;0.47525397;0.0;1.0;0.0;0.19464508;0.0;0.41471153;0.0;0.6542203;0.0;0.26833704;0.0;0.77840096;0.0;0.65422666;0.0;0.41471988;0.0;0.19465418;0.0;9.0;0.0;1.0;0.0;1.0;0.0;1.0;0.0;1.0;0.0;1.0;0.0;1.0;0.0;1.0;0.0;1.0;0.0;1.0;0.0;1.0;0.0;1.0;0.0;1.0;0.0;2.0;0.0;2.0;0.0;1.0;0.0;1.0;0.0;1.0;0.0;1.0;0.0;0.0;0.0;0.0
0.44340593;0.0;0.47186413;0.0;0.36314273;0.0;0.61594427;0.0;0.74473906;0.0;0.3258969;0.0;0.6159501;0.0;0.36315;0.0;0.48589572;0.0;1.0;0.0;0.19464508;0.0;0.41471153;0.0;0.6542203;0.0;0.7783986;0.0;0.24995236;0.0;0.65422666;0.0;0.41471988;0.0;0.19465418;0.0;9.0;0.0;1.0;0.0;1.0;0.0;1.0;0.0;1.0;0.0;1.0;0.0;1.0;0.0;1.0;0.0;1.0;0.0;1.0;0.0;1.0;0.0;1.0;0.0;1.0;0.0;2.0;0.0;2.0;0.0;1.0;0.0;1.0;0.0;1.0;0.0;1.0;0.0;0.0;0.0;0.0
0.43340588;0.0;0.46122226;0.0;0.36314273;0.0;0.61594427;0.0;0.74473906;0.0;0.8462841;0.0;0.7314207;0.0;0.36315;0.0;0.49653754;0.0;1.0;0.0;0.49654064;0.0;0.41471153;0.0;0.6542203;0.0;0.7783986;0.0;0.77840096;0.0;0.65422666;0.0;0.43522733;0.0;0.19465418;0.0;9.0;0.0;1.0;0.0;1.0;0.0;1.0;0.0;1.0;0.0;1.0;0.0;1.0;0.0;1.0;0.0;1.0;0.0;1.0;0.0;1.0;0.0;1.0;0.0;1.0;0.0;2.0;0.0;2.0;0.0;1.0;0.0;1.0;0.0;1.0;0.0;1.0;0.0;0.0;0.0;0.0
0.42340583;0.0;0.45058042;0.0;0.36314273;0.0;0.61594427;0.0;0.74473906;0.0;0.8462841;0.0;0.7314207;0.0;0.36315;0.0;0.5071793;0.0;1.0;0.0;0.5071825;0.0;0.41471153;0.0;0.6542203;0.0;0.7783986;0.0;0.77840096;0.0;0.538756;0.0;0.42217332;0.0;0.19465418;0.0;9.0;0.0;1.0;0.0;1.0;0.0;1.0;0.0;1.0;0.0;1.0;0.0;1.0;0.0;1.0;0.0;1.0;0.0;1.0;0.0;1.0;0.0;1.0;0.0;1.0;0.0;2.0;0.0;2.0;0.0;1.0;0.0;1.0;0.0;1.0;0.0;1.0;0.0;0.0;0.0;0.0
0.4134058;0.0;0.4399386;0.0;0.36314273;0.0;0.61594427;0.0;0.74473906;0.0;0.8462841;0.0;0.7314207;0.0;0.36315;0.0;0.5178211;0.0;1.0;0.0;0.51782435;0.0;0.41471153;0.0;0.76968974;0.0;0.7783986;0.0;0.77840096;0.0;0.538756;0.0;0.40911928;0.0;0.19465418;0.0;9.0;0.0;1.0;0.0;1.0;0.0;1.0;0.0;1.0;0.0;1.0;0.0;1.0;0.0;1.0;0.0;1.0;0.0;1.0;0.0;1.0;0.0;1.0;0.0;1.0;0.0;2.0;0.0;2.0;0.0;1.0;0.0;1.0;0.0;1.0;0.0;1.0;0.0;0.0;0.0;0.0
0.40340576;0.0;0.42929673;0.0;0.36314273;0.0;0.5004748;0.0;0.74473906;0.0;0.8462841;0.0;0.7314207;0.0;0.36315;0.0;0.5284629;0.0;1.0;0.0;0.52846617;0.0;0.41471153;0.0;0.76968974;0.0;0.7783986;0.0;0.77840096;0.0;0.538756;0.0;0.39606526;0.0;0.19465418;0.0;9.0;0.0;1.0;0.0;1.0;0.0;1.0;0.0;1.0;0.0;1.0;0.0;1.0;0.0;1.0;0.0;1.0;0.0;1.0;0.0;1.0;0.0;1.0;0.0;1.0;0.0;2.0;0.0;2.0;0.0;1.0;0.0;1.0;0.0;1.0;0.0;1.0;0.0;0.0;0.0;0.0
0.39340574;0.0;0.41865486;0.0;0.38301656;0.0;0.5004748;0.0;0.74473906;0.0;0.8462841;0.0;0.7314207;0.0;0.53076726;0.0;0.53910464;0.0;1.0;0.0;0.53910804;0.0;0.41471153;0.0;0.76968974;0.0;0.7783986;0.0;0.77840096;0.0;0.538756;0.0;0.38301122;0.0;0.19465418;0.0;9.0;0.0;1.0;0.0;1.0;0.0;1.0;0.0;1.0;0.0;1.0;0.0;1.0;0.0;1.0;0.0;1.0;0.0;1.0;0.0;1.0;0.0;1.0;0.0;1.0;0.0;2.0;0.0;2.0;0.0;1.0;0.0;1.0;0.0;1.0;0.0;1.0;0.0;0.0;0.0;0.0
0.3834057;0.0;0.40801302;0.0;0.36996236;0.0;0.5004748;0.0;0.74473906;0.0;0.8462841;0.0;0.7314207;0.0;0.518724;0.0;0.54974645;0.0;1.0;0.0;0.5497499;0.0;0.41471153;0.0;0.76968974;0.0;0.7783986;0.0;0.77840096;0.0;0.538756;0.0;0.3699572;0.0;0.19465418;0.0;9.0;0.0;1.0;0.0;1.0;0.0;1.0;0.0;1.0;0.0;1.0;0.0;1.0;0.0;1.0;0.0;1.0;0.0;1.0;0.0;1.0;0.0;1.0;0.0;1.0;0.0;2.0;0.0;2.0;0.0;1.0;0.0;1.0;0.0;1.0;0.0;1.0;0.0;0.0;0.0;0.0
0.37340564;0.0;0.39737117;0.0;0.35690814;0.0;0.5004748;0.0;0.74473906;0.0;0.8462841;0.0;0.6531793;0.0;0.518724;0.0;0.5603882;0.0;1.0;0.0;0.5603918;0.0;0.41471153;0.0;0.76968974;0.0;0.7783986;0.0;0.77840096;0.0;0.538756;0.0;0.35690317;0.0;0.19465418;0.0;9.0;0.0;1.0;0.0;1.0;0.0;1.0;0.0;1.0;0.0;1.0;0.0;1.0;0.0;1.0;0.0;1.0;0.0;1.0;0.0;1.0;0.0;1.0;0.0;1.0;0.0;2.0;0.0;2.0;0.0;1.0;0.0;1.0;0.0;1.0;0.0;1.0;0.0;0.0;0.0;0.0
0.36340562;0.0;0.09772861;0.0;0.34385392;0.0;0.5004748;0.0;0.74473906;0.0;0.8462841;0.0;0.67317903;0.0;0.518724;0.0;0.57103;0.0;1.0;0.0;0.5710336;0.0;0.41471153;0.0;0.76968974;0.0;0.2107486;0.0;0.77840096;0.0;0.4232854;0.0;0.34384912;0.0;0.19465418;0.0;9.0;0.0;1.0;0.0;1.0;0.0;1.0;0.0;1.0;0.0;1.0;0.0;1.0;0.0;1.0;0.0;1.0;0.0;1.0;0.0;1.0;0.0;1.0;0.0;1.0;0.0;2.0;0.0;2.0;0.0;1.0;0.0;1.0;0.0;1.0;0.0;1.0;0.0;0.0;0.0;0.0
0.35340557;0.0;0.09772861;0.0;0.33079973;0.0;0.5004748;0.0;0.74473906;0.0;0.8462841;0.0;0.69317883;0.0;0.518724;0.0;0.3901205;0.0;1.0;0.0;0.5816754;0.0;0.5829917;0.0;0.6931989;0.0;0.26833922;0.0;0.77840096;0.0;0.4232854;0.0;0.3307951;0.0;0.3760852;0.0;9.0;0.0;1.0;0.0;1.0;0.0;1.0;0.0;1.0;0.0;1.0;0.0;1.0;0.0;1.0;0.0;1.0;0.0;1.0;0.0;1.0;0.0;1.0;0.0;2.0;0.0;2.0;0.0;2.0;0.0;1.0;0.0;1.0;0.0;1.0;0.0;1.0;0.0;0.0;0.0;0.0
0.34340554;0.0;0.09772861;0.0;0.3177455;0.0;0.3850053;0.0;0.24997446;0.0;0.32589906;0.0;0.71317863;0.0;0.518724;0.0;0.3901205;0.0;1.0;0.0;0.5923173;0.0;0.57028234;0.0;0.71319926;0.0;0.7783986;0.0;0.24995017;0.0;0.4232854;0.0;0.3177411;0.0;0.3654434;0.0;9.0;0.0;1.0;0.0;1.0;0.0;1.0;0.0;1.0;0.0;9.0;0.0;1.0;0.0;1.0;0.0;1.0;0.0;1.0;0.0;1.0;0.0;1.0;0.0;2.0;0.0;2.0;0.0;2.0;0.0;1.0;0.0;1.0;0.0;1.0;0.0;1.0;0.0;0.0;0.0;0.0
0.3334055;0.0;0.09772861;0.0;0.30469128;0.0;0.3850053;0.0;0.1923838;0.0;0.8462841;0.0;0.73317844;0.0;0.518724;0.0;0.3901205;0.0;1.0;0.0;0.60295916;0.0;0.57028234;0.0;0.73319966;0.0;0.7783986;0.0;0.77840096;0.0;0.4232854;0.0;0.30468705;0.0;0.3548016;0.0;9.0;0.0;1.0;0.0;1.0;0.0;1.0;0.0;1.0;0.0;9.0;0.0;1.0;0.0;1.0;0.0;1.0;0.0;1.0;0.0;1.0;0.0;1.0;0.0;2.0;0.0;2.0;0.0;2.0;0.0;1.0;0.0;1.0;0.0;1.0;0.0;1.0;0.0;0.0;0.0;0.0
0.32340544;0.0;0.09772861;0.0;0.2916371;0.0;0.3850053;0.0;0.74473906;0.0;0.8462841;0.0;0.75317824;0.0;0.518724;0.0;0.3901205;0.0;1.0;0.0;0.613601;0.0;0.57028234;0.0;0.7532;0.0;0.7783986;0.0;0.77840096;0.0;0.4232854;0.0;0.29163304;0.0;0.34415984;0.0;9.0;0.0;1.0;0.0;1.0;0.0;1.0;0.0;1.0;0.0;9.0;0.0;1.0;0.0;1.0;0.0;1.0;0.0;1.0;0.0;1.0;0.0;1.0;0.0;2.0;0.0;2.0;0.0;2.0;0.0;1.0;0.0;1.0;0.0;1.0;0.0;1.0;0.0;0.0;0.0;0.0
0.31340542;0.0;0.09772861;0.0;0.27858287;0.0;0.3850053;0.0;0.74473906;0.0;0.8462841;0.0;0.8468913;0.0;0.518724;0.0;0.3901205;0.0;1.0;0.0;0.6242429;0.0;0.57028234;0.0;0.7732004;0.0;0.7783986;0.0;0.77840096;0.0;0.4232854;0.0;0.25914592;0.0;0.33351806;0.0;9.0;0.0;1.0;0.0;1.0;0.0;1.0;0.0;1.0;0.0;9.0;0.0;1.0;0.0;1.0;0.0;1.0;0.0;1.0;0.0;1.0;0.0;1.0;0.0;2.0;0.0;2.0;0.0;2.0;0.0;1.0;0.0;1.0;0.0;1.0;0.0;1.0;0.0;0.0;0.0;0.0
0.30340537;0.0;0.09772861;0.0;0.26552865;0.0;0.3850053;0.0;0.74473906;0.0;0.8462841;0.0;0.8468913;0.0;0.518724;0.0;0.3901205;0.0;1.0;0.0;0.6348847;0.0;0.57028234;0.0;0.79320073;0.0;0.7783986;0.0;0.77840096;0.0;0.30781478;0.0;0.25914592;0.0;0.32287627;0.0;9.0;0.0;1.0;0.0;1.0;0.0;1.0;0.0;1.0;0.0;9.0;0.0;1.0;0.0;1.0;0.0;1.0;0.0;1.0;0.0;1.0;0.0;1.0;0.0;2.0;0.0;2.0;0.0;2.0;0.0;1.0;0.0;1.0;0.0;1.0;0.0;1.0;0.0;0.0;0.0;0.0
0.29340535;0.0;0.09772861;0.0;0.25247446;0.0;0.3850053;0.0;0.74473906;0.0;0.8462841;0.0;0.8468913;0.0;0.518724;0.0;0.3901205;0.0;1.0;0.0;0.6455265;0.0;0.57028234;0.0;0.8851593;0.0;0.7783986;0.0;0.77840096;0.0;0.30781478;0.0;0.25914592;0.0;0.31223446;0.0;9.0;0.0;1.0;0.0;1.0;0.0;1.0;0.0;1.0;0.0;9.0;0.0;1.0;0.0;1.0;0.0;1.0;0.0;1.0;0.0;1.0;0.0;1.0;0.0;2.0;0.0;2.0;0.0;2.0;0.0;1.0;0.0;1.0;0.0;1.0;0.0;1.0;0.0;0.0;0.0;0.0
0.2834053;0.0;0.09772861;0.0;0.23942025;0.0;0.26953575;0.0;0.74473906;0.0;0.8462841;0.0;0.8468913;0.0;0.6743616;0.0;0.3901205;0.0;1.0;0.0;0.6561684;0.0;0.57028234;0.0;0.8851593;0.0;0.7783986;0.0;0.77840096;0.0;0.30781478;0.0;0.25914592;0.0;0.30159268;0.0;9.0;0.0;1.0;0.0;1.0;0.0;1.0;0.0;1.0;0.0;9.0;0.0;1.0;0.0;1.0;0.0;1.0;0.0;1.0;0.0;1.0;0.0;1.0;0.0;2.0;0.0;2.0;0.0;2.0;0.0;1.0;0.0;1.0;0.0;1.0;0.0;1.0;0.0;0.0;0.0;0.0
0.27340525;0.0;0.09772861;0.0;0.20757183;0.0;0.26953575;0.0;0.74473906;0.0;0.8462841;0.0;0.65318;0.0;0.6874156;0.0;0.3901205;0.0;1.0;0.0;0.6668103;0.0;0.57028234;0.0;0.8851593;0.0;0.7783986;0.0;0.77840096;0.0;0.30781478;0.0;0.25914592;0.0;0.2909509;0.0;9.0;0.0;1.0;0.0;1.0;0.0;1.0;0.0;1.0;0.0;9.0;0.0;1.0;0.0;1.0;0.0;1.0;0.0;1.0;0.0;1.0;0.0;1.0;0.0;2.0;0.0;2.0;0.0;2.0;0.0;1.0;0.0;1.0;0.0;1.0;0.0;1.0;0.0;0.0;0.0;0.0
0.26340523;0.0;0.2803108;0.0;0.20757183;0.0;0.26953575;0.0;0.74473906;0.0;0.8462841;0.0;0.6731798;0.0;0.674298;0.0;0.3901205;0.0;1.0;0.0;0.48701867;0.0;0.57028234;0.0;0.8851593;0.0;0.21075079;0.0;0.77840096;0.0;0.30781478;0.0;0.25914592;0.0;0.28030914;0.0;9.0;0.0;1.0;0.0;1.0;0.0;1.0;0.0;1.0;0.0;9.0;0.0;1.0;0.0;1.0;0.0;1.0;0.0;1.0;0.0;1.0;0.0;1.0;0.0;2.0;0.0;2.0;0.0;2.0;0.0;1.0;0.0;1.0;0.0;1.0;0.0;1.0;0.0;0.0;0.0;0.0
0.25340518;0.0;0.269669;0.0;0.20757183;0.0;0.26953575;0.0;0.74473906;0.0;0.8462841;0.0;0.6931796;0.0;0.674298;0.0;0.5816722;0.0;1.0;0.0;0.48701867;0.0;0.57028234;0.0;0.6931997;0.0;0.26834145;0.0;0.77840096;0.0;0.30781478;0.0;0.25914592;0.0;0.26966733;0.0;9.0;0.0;1.0;0.0;1.0;0.0;1.0;0.0;1.0;0.0;9.0;0.0;1.0;0.0;1.0;0.0;1.0;0.0;1.0;0.0;1.0;0.0;1.0;0.0;2.0;0.0;2.0;0.0;2.0;0.0;1.0;0.0;1.0;0.0;1.0;0.0;1.0;0.0;0.0;0.0;0.0
0.24340515;0.0;0.25902712;0.0;0.20757183;0.0;0.26953575;0.0;0.24997227;0.0;0.32590127;0.0;0.7131794;0.0;0.674298;0.0;0.592314;0.0;1.0;0.0;0.48701867;0.0;0.72658813;0.0;0.71320003;0.0;0.7783986;0.0;0.24994798;0.0;0.30781478;0.0;0.25914592;0.0;0.25902554;0.0;9.0;0.0;1.0;0.0;1.0;0.0;1.0;0.0;1.0;0.0;1.0;0.0;1.0;0.0;1.0;0.0;1.0;0.0;1.0;0.0;1.0;0.0;1.0;0.0;2.0;0.0;2.0;0.0;2.0;0.0;1.0;0.0;1.0;0.0;1.0;0.0;1.0;0.0;0.0;0.0;0.0
0.23340511;0.0;0.24838528;0.0;0.20757183;0.0;0.26953575;0.0;0.19238159;0.0;0.8462841;0.0;0.7331792;0.0;0.674298;0.0;0.60295576;0.0;1.0;0.0;0.48701867;0.0;0.7396423;0.0;0.73320043;0.0;0.7783986;0.0;0.6768581;0.0;0.30781478;0.0;0.25914592;0.0;0.24838376;0.0;9.0;0.0;1.0;0.0;1.0;0.0;1.0;0.0;1.0;0.0;1.0;0.0;1.0;0.0;1.0;0.0;1.0;0.0;1.0;0.0;1.0;0.0;1.0;0.0;2.0;0.0;2.0;0.0;1.0;0.0;1.0;0.0;1.0;0.0;1.0;0.0;1.0;0.0;0.0;0.0;0.0
0.22340508;0.0;0.23774342;0.0;0.20757183;0.0;0.26953575;0.0;0.6431966;0.0;0.8462841;0.0;0.75317895;0.0;0.674298;0.0;0.6135975;0.0;1.0;0.0;0.48701867;0.0;0.72585315;0.0;0.75320077;0.0;0.7783986;0.0;0.6768581;0.0;0.30781478;0.0;0.25914592;0.0;0.23774198;0.0;9.0;0.0;1.0;0.0;1.0;0.0;1.0;0.0;1.0;0.0;1.0;0.0;1.0;0.0;1.0;0.0;1.0;0.0;1.0;0.0;1.0;0.0;1.0;0.0;2.0;0.0;2.0;0.0;1.0;0.0;1.0;0.0;1.0;0.0;1.0;0.0;1.0;0.0;0.0;0.0;0.0
0.21340504;0.0;0.22710156;0.0;0.20757183;0.0;0.26953575;0.0;0.6431966;0.0;0.8462841;0.0;0.8468913;0.0;0.674298;0.0;0.6242393;0.0;1.0;0.0;0.48701867;0.0;0.72585315;0.0;0.7732011;0.0;0.7783986;0.0;0.5753153;0.0;0.30781478;0.0;0.2785785;0.0;0.22710018;0.0;9.0;0.0;1.0;0.0;1.0;0.0;1.0;0.0;1.0;0.0;1.0;0.0;1.0;0.0;1.0;0.0;1.0;0.0;1.0;0.0;1.0;0.0;1.0;0.0;2.0;0.0;2.0;0.0;1.0;0.0;1.0;0.0;1.0;0.0;1.0;0.0;1.0;0.0;0.0;0.0;0.0
0.203405;0.0;0.21645972;0.0;0.20757183;0.0;0.26953575;0.0;0.54165405;0.0;0.8462841;0.0;0.8468913;0.0;0.674298;0.0;0.63488114;0.0;1.0;0.0;0.48701867;0.0;0.72585315;0.0;0.7932015;0.0;0.7783986;0.0;0.5753153;0.0;0.20680693;0.0;0.26552445;0.0;0.21645841;0.0;9.0;0.0;1.0;0.0;1.0;0.0;1.0;0.0;1.0;0.0;1.0;0.0;1.0;0.0;1.0;0.0;1.0;0.0;1.0;0.0;1.0;0.0;1.0;0.0;2.0;0.0;2.0;0.0;1.0;0.0;1.0;0.0;1.0;0.0;1.0;0.0;1.0;0.0;0.0;0.0;0.0
0.19340496;0.0;0.20581786;0.0;0.20757183;0.0;0.26953575;0.0;0.44011155;0.0;0.8462841;0.0;0.8468913;0.0;0.674298;0.0;0.64552295;0.0;1.0;0.0;0.48701867;0.0;0.72585315;0.0;0.8851593;0.0;0.7783986;0.0;0.47377247;0.0;0.18680713;0.0;0.10357197;0.0;0.20581663;0.0;9.0;0.0;1.0;0.0;1.0;0.0;1.0;0.0;1.0;0.0;1.0;0.0;1.0;0.0;1.0;0.0;1.0;0.0;1.0;0.0;1.0;0.0;1.0;0.0;2.0;0.0;2.0;0.0;1.0;0.0;1.0;0.0;1.0;0.0;1.0;0.0;1.0;0.0;0.0;0.0;0.0
0.18340492;0.0;0.19517604;0.0;0.20757183;0.0;0.16681217;0.0;0.44011155;0.0;0.8462841;0.0;0.8468913;0.0;0.674298;0.0;0.6561647;0.0;1.0;0.0;0.48701867;0.0;0.72585315;0.0;0.8851593;0.0;0.7783986;0.0;0.47377247;0.0;0.16680735;0.0;0.10357197;0.0;0.19517484;0.0;9.0;0.0;1.0;0.0;1.0;0.0;1.0;0.0;1.0;0.0;1.0;0.0;1.0;0.0;1.0;0.0;1.0;0.0;1.0;0.0;1.0;0.0;1.0;0.0;2.0;0.0;2.0;0.0;1.0;0.0;1.0;0.0;1.0;0.0;1.0;0.0;1.0;0.0;0.0;0.0;0.0
0.17340489;0.0;0.18453418;0.0;0.22636554;0.0;0.14681181;0.0;0.33856902;0.0;0.8462841;0.0;0.8468913;0.0;0.674298;0.0;0.66680646;0.0;1.0;0.0;0.48701867;0.0;0.72585315;0.0;0.8851593;0.0;0.7783986;0.0;0.37222967;0.0;0.14680758;0.0;0.10357197;0.0;0.0;0.0;9.0;0.0;1.0;0.0;1.0;0.0;1.0;0.0;1.0;0.0;1.0;0.0;1.0;0.0;1.0;0.0;1.0;0.0;1.0;0.0;1.0;0.0;1.0;0.0;2.0;0.0;2.0;0.0;1.0;0.0;1.0;0.0;1.0;0.0;9.0;0.0;1.0;0.0;0.0;0.0;0.0
0.16340485;0.0;0.17389232;0.0;0.21331131;0.0;0.12681146;0.0;0.33856902;0.0;0.21073309;0.0;0.8468913;0.0;0.83100986;0.0;0.6774483;0.0;1.0;0.0;0.6774525;0.0;0.72585315;0.0;0.8851593;0.0;0.21075301;0.0;0.27068684;0.0;0.1268078;0.0;0.10357197;0.0;0.0;0.0;9.0;0.0;1.0;0.0;1.0;0.0;1.0;0.0;1.0;0.0;1.0;0.0;1.0;0.0;1.0;0.0;1.0;0.0;1.0;0.0;1.0;0.0;1.0;0.0;2.0;0.0;2.0;0.0;1.0;0.0;1.0;0.0;1.0;0.0;9.0;0.0;1.0;0.0;0.0;0.0;0.0
0.1534048;0.0;0.16325048;0.0;0.05200097;0.0;0.106811106;0.0;0.23702653;0.0;0.26831827;0.0;0.8468913;0.0;0.84406394;0.0;0.68809;0.0;1.0;0.0;0.6880944;0.0;0.72585315;0.0;0.69320047;0.0;0.26834363;0.0;0.27068684;0.0;0.19234416;0.0;0.10357197;0.0;0.0;0.0;9.0;0.0;1.0;0.0;1.0;0.0;1.0;0.0;1.0;0.0;1.0;0.0;1.0;0.0;1.0;0.0;1.0;0.0;1.0;0.0;1.0;0.0;1.0;0.0;2.0;0.0;2.0;0.0;1.0;0.0;1.0;0.0;1.0;0.0;9.0;0.0;1.0;0.0;0.0;0.0;0.0
0.14340477;0.0;0.15260862;0.0;0.05200097;0.0;0.08681075;0.0;0.23702653;0.0;0.7447413;0.0;0.8468913;0.0;0.82987195;0.0;0.69873184;0.0;1.0;0.0;0.69873625;0.0;0.72585315;0.0;0.7132008;0.0;0.7783986;0.0;0.27068684;0.0;0.19234416;0.0;0.10357197;0.0;0.0;0.0;9.0;0.0;1.0;0.0;1.0;0.0;1.0;0.0;1.0;0.0;1.0;0.0;1.0;0.0;1.0;0.0;1.0;0.0;1.0;0.0;1.0;0.0;1.0;0.0;2.0;0.0;2.0;0.0;1.0;0.0;1.0;0.0;1.0;0.0;9.0;0.0;1.0;0.0;0.0;0.0;0.0
0.13340473;0.0;0.14196678;0.0;0.05200097;0.0;0.15406623;0.0;0.23702653;0.0;0.7447413;0.0;0.8468913;0.0;0.82987195;0.0;0.7093736;0.0;1.0;0.0;0.7093781;0.0;0.72585315;0.0;0.73320115;0.0;0.7783986;0.0;0.27068684;0.0;0.19234416;0.0;0.10357197;0.0;0.0;0.0;9.0;0.0;1.0;0.0;1.0;0.0;1.0;0.0;1.0;0.0;1.0;0.0;1.0;0.0;1.0;0.0;1.0;0.0;1.0;0.0;1.0;0.0;1.0;0.0;2.0;0.0;2.0;0.0;1.0;0.0;1.0;0.0;1.0;0.0;9.0;0.0;1.0;0.0;0.0;0.0;0.0
0.1234047;0.0;0.13132492;0.0;0.05200097;0.0;0.15406623;0.0;0.23702653;0.0;0.7447413;0.0;0.8468913;0.0;0.82987195;0.0;0.7200154;0.0;1.0;0.0;0.72001994;0.0;0.8832387;0.0;0.75320154;0.0;0.7783986;0.0;0.27068684;0.0;0.19234416;0.0;0.10357197;0.0;0.0;0.0;9.0;0.0;1.0;0.0;1.0;0.0;1.0;0.0;1.0;0.0;1.0;0.0;1.0;0.0;1.0;0.0;1.0;0.0;1.0;0.0;1.0;0.0;1.0;0.0;2.0;0.0;2.0;0.0;1.0;0.0;1.0;0.0;1.0;0.0;9.0;0.0;1.0;0.0;0.0;0.0;0.0
0.113404654;0.0;0.120683074;0.0;0.05200097;0.0;0.15406623;0.0;0.23702653;0.0;0.7447413;0.0;0.77317953;0.0;0.82987195;0.0;0.7306572;0.0;1.0;0.0;0.73066175;0.0;0.89629287;0.0;0.7732019;0.0;0.7783986;0.0;0.27068684;0.0;0.19234416;0.0;0.10357197;0.0;0.0;0.0;9.0;0.0;1.0;0.0;1.0;0.0;1.0;0.0;1.0;0.0;1.0;0.0;1.0;0.0;1.0;0.0;1.0;0.0;1.0;0.0;1.0;0.0;1.0;0.0;2.0;0.0;2.0;0.0;1.0;0.0;1.0;0.0;1.0;0.0;9.0;0.0;1.0;0.0;0.0;0.0;0.0
0.10340462;0.0;0.11004122;0.0;0.05200097;0.0;0.15406623;0.0;0.23702653;0.0;0.7447413;0.0;0.79317933;0.0;0.82987195;0.0;0.741299;0.0;1.0;0.0;0.7413036;0.0;0.88142395;0.0;0.7932023;0.0;0.7783986;0.0;0.27068684;0.0;0.19234416;0.0;0.10357197;0.0;0.0;0.0;9.0;0.0;1.0;0.0;1.0;0.0;1.0;0.0;1.0;0.0;1.0;0.0;1.0;0.0;1.0;0.0;1.0;0.0;1.0;0.0;1.0;0.0;1.0;0.0;2.0;0.0;2.0;0.0;1.0;0.0;1.0;0.0;1.0;0.0;9.0;0.0;1.0;0.0;0.0;0.0;0.0
0.093404576;0.0;0.09939937;0.0;0.05200097;0.0;0.15406623;0.0;0.23702653;0.0;0.7447413;0.0;0.81317914;0.0;0.82987195;0.0;0.7519408;0.0;1.0;0.0;0.7519455;0.0;0.88142395;0.0;0.8851593;0.0;0.7783986;0.0;0.27068684;0.0;0.076873526;0.0;0.121930145;0.0;0.0;0.0;9.0;0.0;1.0;0.0;1.0;0.0;1.0;0.0;1.0;0.0;1.0;0.0;1.0;0.0;1.0;0.0;1.0;0.0;1.0;0.0;1.0;0.0;1.0;0.0;2.0;0.0;2.0;0.0;1.0;0.0;1.0;0.0;1.0;0.0;9.0;0.0;1.0;0.0;0.0;0.0;0.0
0.08340454;0.0;0.0;0.0;0.05200097;0.0;0.15406623;0.0;0.23702653;0.0;0.7447413;0.0;0.8331789;0.0;0.82987195;0.0;0.76258254;0.0;1.0;0.0;0.76258737;0.0;0.88142395;0.0;0.8851593;0.0;0.7783986;0.0;0.27068684;0.0;0.076873526;0.0;0.108876124;0.0;0.0;0.0;9.0;0.0;9.0;0.0;1.0;0.0;1.0;0.0;1.0;0.0;1.0;0.0;1.0;0.0;1.0;0.0;1.0;0.0;1.0;0.0;1.0;0.0;1.0;0.0;2.0;0.0;2.0;0.0;1.0;0.0;1.0;0.0;1.0;0.0;9.0;0.0;1.0;0.0;0.0;0.0;0.0
0.073404506;0.0;0.0;0.0;0.05200097;0.0;0.038596727;0.0;0.23702653;0.0;0.7447413;0.0;0.8531787;0.0;0.82987195;0.0;0.7732243;0.0;1.0;0.0;0.7732292;0.0;0.88142395;0.0;0.8851593;0.0;0.7783986;0.0;0.27068684;0.0;0.076873526;0.0;0.0;0.0;0.078115195;0.0;9.0;0.0;9.0;0.0;1.0;0.0;1.0;0.0;1.0;0.0;1.0;0.0;1.0;0.0;1.0;0.0;1.0;0.0;1.0;0.0;1.0;0.0;1.0;0.0;2.0;0.0;2.0;0.0;1.0;0.0;1.0;0.0;9.0;0.0;9.0;0.0;1.0;0.0;0.0;0.0;0.0
0.06340446;0.0;0.0;0.0;0.05200097;0.0;0.038596727;0.0;0.23702653;0.0;0.21073529;0.0;0.8731785;0.0;0.82987195;0.0;0.7838661;0.0;1.0;0.0;0.78387105;0.0;0.88142395;0.0;0.8851593;0.0;0.2107552;0.0;0.0;0.0;0.076873526;0.0;0.0;0.0;0.06747341;0.0;9.0;0.0;9.0;0.0;1.0;0.0;1.0;0.0;1.0;0.0;1.0;0.0;1.0;0.0;1.0;0.0;1.0;0.0;1.0;0.0;1.0;0.0;1.0;0.0;2.0;0.0;2.0;0.0;1.0;0.0;1.0;0.0;9.0;0.0;9.0;0.0;1.0;0.0;0.0;0.0;0.0
0.053404428;0.0;0.0;0.0;0.069715;0.0;0.038596727;0.0;0.0;0.0;0.0;0.0;0.96236193;0.0;0.82987195;0.0;0.79450786;0.0;1.0;0.0;0.79451287;0.0;0.88142395;0.0;0.6932012;0.0;0.26834583;0.0;0.0;0.0;0.076873526;0.0;0.0;0.0;0.056831628;0.0;9.0;0.0;9.0;0.0;1.0;0.0;1.0;0.0;1.0;0.0;1.0;0.0;1.0;0.0;1.0;0.0;1.0;0.0;1.0;0.0;1.0;0.0;1.0;0.0;2.0;0.0;2.0;0.0;1.0;0.0;1.0;0.0;9.0;0.0;9.0;0.0;1.0;0.0;0.0;0.0;0.0
0.04340439;0.0;0.0;0.0;0.05666079;0.0;0.038596727;0.0;0.0;0.0;0.0;0.0;0.96236193;0.0;0.9876582;0.0;0.8051497;0.0;1.0;0.0;0.8051547;0.0;0.88142395;0.0;0.7132016;0.0;0.0;0.0;0.16914403;0.0;0.076873526;0.0;0.0;0.0;0.04618984;0.0;9.0;0.0;9.0;0.0;1.0;0.0;1.0;0.0;1.0;0.0;1.0;0.0;1.0;0.0;1.0;0.0;1.0;0.0;1.0;0.0;1.0;0.0;1.0;0.0;2.0;0.0;1.0;0.0;1.0;0.0;1.0;0.0;9.0;0.0;9.0;0.0;1.0;0.0;0.0;0.0;0.0
0.03340435;0.0;0.0;0.0;0.0;0.0;0.038596727;0.0;0.13548401;0.0;0.23702721;0.0;0.96236193;0.0;1.0;0.0;0.8157915;0.0;1.0;0.0;0.81579655;0.0;0.88142395;0.0;0.7332019;0.0;0.27068603;0.0;0.16914403;0.0;0.0;0.0;0.0;0.0;0.035548057;0.0;9.0;0.0;9.0;0.0;9.0;0.0;1.0;0.0;1.0;0.0;1.0;0.0;1.0;0.0;1.0;0.0;1.0;0.0;1.0;0.0;1.0;0.0;1.0;0.0;2.0;0.0;1.0;0.0;1.0;0.0;9.0;0.0;9.0;0.0;9.0;0.0;1.0;0.0;0.0;0.0;0.0
0.023404311;0.0;0.0;0.0;0.0;0.0;0.038596727;0.0;0.0339415;0.0;0.23702721;0.0;0.96236193;0.0;0.985446;0.0;0.8264333;0.0;1.0;0.0;0.8264384;0.0;0.88142395;0.0;0.7532023;0.0;0.27068603;0.0;0.06760122;0.0;0.0;0.0;0.0;0.0;0.024906272;0.0;9.0;0.0;9.0;0.0;9.0;0.0;1.0;0.0;1.0;0.0;1.0;0.0;1.0;0.0;1.0;0.0;1.0;0.0;1.0;0.0;1.0;0.0;1.0;0.0;2.0;0.0;1.0;0.0;1.0;0.0;9.0;0.0;9.0;0.0;9.0;0.0;1.0;0.0;0.0;0.0;0.0
0.013404274;0.0;0.0;0.0;0.0;0.0;0.0;0.0;0.0339415;0.0;0.23702721;0.0;0.7731803;0.0;0.985446;0.0;0.83707505;0.0;1.0;0.0;0.8370803;0.0;0.88142395;0.0;0.77320266;0.0;0.27068603;0.0;0.06760122;0.0;0.0;0.0;0.0;0.0;0.014264487;0.0;9.0;0.0;9.0;0.0;9.0;0.0;9.0;0.0;1.0;0.0;1.0;0.0;9.0;0.0;1.0;0.0;1.0;0.0;1.0;0.0;1.0;0.0;1.0;0.0;2.0;0.0;1.0;0.0;1.0;0.0;9.0;0.0;9.0;0.0;9.0;0.0;1.0;0.0;0.0;0.0;0.0
0.003404236;0.0;0.0;0.0;0.0;0.0;0.0;0.0;0.0;0.0;0.23702721;0.0;0.7931801;0.0;0.985446;0.0;0.8477168;0.0;1.0;0.0;0.8477222;0.0;1.0;0.0;0.793203;0.0;0.27068603;0.0;0.0;0.0;0.0;0.0;0.0;0.0;0.003622701;0.0;9.0;0.0;9.0;0.0;9.0;0.0;9.0;0.0;9.0;0.0;1.0;0.0;9.0;0.0;1.0;0.0;1.0;0.0;1.0;0.0;1.0;0.0;1.0;0.0;2.0;0.0;1.0;0.0;9.0;0.0;9.0;0.0;9.0;0.0;9.0;0.0;1.0;0.0;0.0;0.0;0.0
1.0;0.0;0.003622723;0.0;0.0044439444;0.0;0.038596727;0.0;0.0339415;0.0;0.23702721;0.0;0.7931801;0.0;0.985446;0.0;0.8477168;0.0;1.0;0.0;0.8477222;0.0;1.0;0.0;0.793203;0.0;0.27068603;0.0;0.06760122;0.0;0.076873526;0.0;0.0044438825;0.0;0.4292925;0.0;9.0;0.0;1.0;0.0;1.0;0.0;1.0;0.0;1.0;0.0;1.0;0.0;9.0;0.0;1.0;0.0;1.0;0.0;1.0;0.0;1.0;0.0;1.0;0.0;2.0;0.0;1.0;0.0;1.0;0.0;1.0;0.0;1.0;0.0;1.0;0.0;1.0;0.0;0.0;0.0;0.0
1.0;0.0;0.0;0.0;0.0;0.0;0.038596727;0.0;0.0339415;0.0;0.0;0.0;0.81317985;0.0;0.985446;0.0;0.85835856;0.0;1.0;0.0;0.858364;0.0;1.0;0.0;0.8851593;0.0;0.27068603;0.0;0.06760122;0.0;0.0;0.0;0.0;0.0;0.41865072;0.0;9.0;0.0;1.0;0.0;1.0;0.0;1.0;0.0;1.0;0.0;1.0;0.0;9.0;0.0;1.0;0.0;1.0;0.0;1.0;0.0;1.0;0.0;1.0;0.0;2.0;0.0;1.0;0.0;1.0;0.0;1.0;0.0;1.0;0.0;1.0;0.0;1.0;0.0;0.0;0.0;0.0
1.0;0.0;0.3015933;0.0;0.0;0.0;0.038596727;0.0;0.0339415;0.0;0.0;0.0;0.83317965;0.0;0.985446;0.0;0.6825079;0.0;1.0;0.0;0.86900586;0.0;1.0;0.0;0.8851593;0.0;0.0;0.0;0.06760122;0.0;0.0;0.0;0.0;0.0;0.4080089;0.0;9.0;0.0;1.0;0.0;1.0;0.0;1.0;0.0;1.0;0.0;1.0;0.0;9.0;0.0;1.0;0.0;1.0;0.0;1.0;0.0;1.0;0.0;1.0;0.0;2.0;0.0;1.0;0.0;1.0;0.0;1.0;0.0;1.0;0.0;1.0;0.0;1.0;0.0;0.0;0.0;0.0
1.0;0.0;0.29095146;0.0;0.0;0.0;0.0;0.0;0.0339415;0.0;0.033941604;0.0;0.0;0.0;0.985446;0.0;0.6825079;0.0;1.0;0.0;0.87964773;0.0;1.0;0.0;0.8851593;0.0;0.0;0.0;0.06760122;0.0;0.0;0.0;0.2263614;0.0;0.39736715;0.0;9.0;0.0;1.0;0.0;1.0;0.0;1.0;0.0;1.0;0.0;1.0;0.0;1.0;0.0;1.0;0.0;1.0;0.0;1.0;0.0;1.0;0.0;1.0;0.0;2.0;0.0;1.0;0.0;1.0;0.0;1.0;0.0;1.0;0.0;1.0;0.0;1.0;0.0;0.0;0.0;0.0
1.0;0.0;0.3867277;0.0;0.0;0.0;0.0;0.0;0.0339415;0.0;0.033941604;0.0;0.0;0.0;0.985446;0.0;0.6825079;0.0;1.0;0.0;0.8902896;0.0;1.0;0.0;0.8851593;0.0;0.06760101;0.0;0.06760122;0.0;0.0;0.0;0.21330735;0.0;0.38672537;0.0;9.0;0.0;1.0;0.0;1.0;0.0;1.0;0.0;1.0;0.0;1.0;0.0;1.0;0.0;1.0;0.0;1.0;0.0;1.0;0.0;1.0;0.0;1.0;0.0;2.0;0.0;1.0;0.0;1.0;0.0;1.0;0.0;1.0;0.0;1.0;0.0;1.0;0.0;0.0;0.0;0.0
1.0;0.0;0.37608585;0.0;0.0;0.0;0.0;0.0;0.0339415;0.0;0.033941604;0.0;0.0;0.0;0.0;0.0;0.6825079;0.0;1.0;0.0;0.90093136;0.0;1.0;0.0;0.0;0.0;0.06760101;0.0;0.06760122;0.0;0.0;0.0;0.20025332;0.0;0.48250103;0.0;9.0;0.0;1.0;0.0;1.0;0.0;1.0;0.0;1.0;0.0;1.0;0.0;1.0;0.0;1.0;0.0;1.0;0.0;1.0;0.0;1.0;0.0;1.0;0.0;1.0;0.0;1.0;0.0;1.0;0.0;1.0;0.0;1.0;0.0;1.0;0.0;1.0;0.0;0.0;0.0;0.0
1.0;0.0;0.365444;0.0;0.0;0.0;0.0;0.0;0.0339415;0.0;0.033941604;0.0;0.0;0.0;0.0;0.0;0.6825079;0.0;1.0;0.0;0.91157323;0.0;1.0;0.0;0.0;0.0;0.06760101;0.0;0.06760122;0.0;0.0;0.0;0.1871993;0.0;0.47185922;0.0;9.0;0.0;1.0;0.0;1.0;0.0;1.0;0.0;1.0;0.0;1.0;0.0;1.0;0.0;1.0;0.0;1.0;0.0;1.0;0.0;1.0;0.0;1.0;0.0;1.0;0.0;1.0;0.0;1.0;0.0;1.0;0.0;1.0;0.0;1.0;0.0;1.0;0.0;0.0;0.0;0.0
1.0;0.0;0.35480216;0.0;0.1741477;0.0;0.0;0.0;0.0339415;0.0;0.033941604;0.0;0.0;0.0;0.0;0.0;0.6825079;0.0;1.0;0.0;0.9222151;0.0;1.0;0.0;0.0;0.0;0.06760101;0.0;0.06760122;0.0;0.06680694;0.0;0.17414527;0.0;0.46121746;0.0;9.0;0.0;1.0;0.0;1.0;0.0;1.0;0.0;1.0;0.0;1.0;0.0;1.0;0.0;1.0;0.0;1.0;0.0;1.0;0.0;1.0;0.0;1.0;0.0;1.0;0.0;1.0;0.0;1.0;0.0;1.0;0.0;1.0;0.0;1.0;0.0;1.0;0.0;0.0;0.0;0.0
1.0;0.0;0.3441603;0.0;0.16109349;0.0;0.0;0.0;0.0;0.0;0.033941604;0.0;0.0;0.0;0.0;0.0;0.6825079;0.0;1.0;0.0;0.9328569;0.0;1.0;0.0;0.0;0.0;0.06760101;0.0;0.0;0.0;0.046807162;0.0;0.16109124;0.0;0.45057565;0.0;9.0;0.0;1.0;0.0;1.0;0.0;1.0;0.0;1.0;0.0;1.0;0.0;1.0;0.0;1.0;0.0;1.0;0.0;1.0;0.0;1.0;0.0;1.0;0.0;1.0;0.0;1.0;0.0;1.0;0.0;1.0;0.0;1.0;0.0;1.0;0.0;1.0;0.0;0.0;0.0;0.0
1.0;0.0;0.33351845;0.0;0.14803927;0.0;0.026808158;0.0;0.0;0.0;0.033941604;0.0;0.038597092;0.0;0.0;0.0;0.6825079;0.0;1.0;0.0;0.9434988;0.0;0.0;0.0;0.0;0.0;0.06760101;0.0;0.0;0.0;0.026807386;0.0;0.14803721;0.0;0.43993387;0.0;9.0;0.0;1.0;0.0;1.0;0.0;1.0;0.0;1.0;0.0;1.0;0.0;1.0;0.0;1.0;0.0;1.0;0.0;1.0;0.0;1.0;0.0;1.0;0.0;1.0;0.0;1.0;0.0;1.0;0.0;1.0;0.0;1.0;0.0;1.0;0.0;1.0;0.0;0.0;0.0;0.0
1.0;0.0;0.3228766;0.0;0.13498506;0.0;0.006807803;0.0;0.13548401;0.0;0.033941604;0.0;0.038597092;0.0;0.0;0.0;0.0;0.0;1.0;0.0;0.95414066;0.0;0.0;0.0;0.07687278;0.0;0.06760101;0.0;0.16914403;0.0;0.0068076076;0.0;0.13498318;0.0;0.4292921;0.0;9.0;0.0;1.0;0.0;1.0;0.0;1.0;0.0;1.0;0.0;1.0;0.0;1.0;0.0;1.0;0.0;1.0;0.0;1.0;0.0;1.0;0.0;1.0;0.0;1.0;0.0;1.0;0.0;1.0;0.0;1.0;0.0;1.0;0.0;1.0;0.0;1.0;0.0;0.0;0.0;0.0
1.0;0.0;0.31223476;0.0;0.12193085;0.0;0.0;0.0;0.13548401;0.0;0.033941604;0.0;0.038597092;0.0;0.008610643;0.0;0.00701949;0.0;1.0;0.0;0.96478254;0.0;0.008610767;0.0;0.07687278;0.0;0.06760101;0.0;0.16914403;0.0;0.19234416;0.0;0.25246894;0.0;0.4186503;0.0;9.0;0.0;1.0;0.0;1.0;0.0;1.0;0.0;1.0;0.0;1.0;0.0;1.0;0.0;1.0;0.0;1.0;0.0;1.0;0.0;1.0;0.0;1.0;0.0;1.0;0.0;1.0;0.0;1.0;0.0;1.0;0.0;1.0;0.0;1.0;0.0;1.0;0.0;0.0;0.0;0.0
1.0;0.0;0.3015929;0.0;0.10887663;0.0;0.0;0.0;0.13548401;0.0;0.033941604;0.0;0.038597092;0.0;0.02166467;0.0;0.017661275;0.0;1.0;0.0;0.7793923;0.0;0.021664983;0.0;0.07687278;0.0;0.06760101;0.0;0.16914403;0.0;0.19234416;0.0;0.2394149;0.0;0.40800852;0.0;9.0;0.0;1.0;0.0;1.0;0.0;1.0;0.0;1.0;0.0;1.0;0.0;1.0;0.0;1.0;0.0;1.0;0.0;1.0;0.0;1.0;0.0;1.0;0.0;1.0;0.0;1.0;0.0;1.0;0.0;1.0;0.0;1.0;0.0;1.0;0.0;1.0;0.0;0.0;0.0;0.0
1.0;0.0;0.29095107;0.0;0.09582242;0.0;0.15406623;0.0;0.13548401;0.0;0.0;0.0;0.038597092;0.0;0.0347187;0.0;0.02830306;0.0;1.0;0.0;0.7793923;0.0;0.0347192;0.0;0.07687278;0.0;0.06760101;0.0;0.16914403;0.0;0.19234416;0.0;0.22636089;0.0;0.39736673;0.0;9.0;0.0;1.0;0.0;1.0;0.0;1.0;0.0;1.0;0.0;1.0;0.0;1.0;0.0;1.0;0.0;1.0;0.0;1.0;0.0;1.0;0.0;1.0;0.0;1.0;0.0;1.0;0.0;1.0;0.0;1.0;0.0;1.0;0.0;1.0;0.0;1.0;0.0;0.0;0.0;0.0
1.0;0.0;0.38672727;0.0;0.08276822;0.0;0.15406623;0.0;0.13548401;0.0;0.0;0.0;0.038597092;0.0;0.047772728;0.0;0.038944844;0.0;1.0;0.0;0.7793923;0.0;0.047773413;0.0;0.07687278;0.0;0.0;0.0;0.16914403;0.0;0.19234416;0.0;0.21330686;0.0;0.38672495;0.0;9.0;0.0;1.0;0.0;1.0;0.0;1.0;0.0;1.0;0.0;1.0;0.0;1.0;0.0;1.0;0.0;1.0;0.0;1.0;0.0;1.0;0.0;1.0;0.0;1.0;0.0;1.0;0.0;1.0;0.0;1.0;0.0;1.0;0.0;1.0;0.0;1.0;0.0;0.0;0.0;0.0
1.0;0.0;0.37608546;0.0;0.2002556;0.0;0.15406623;0.0;0.13548401;0.0;0.13548441;0.0;0.038597092;0.0;0.060826756;0.0;0.04958663;0.0;1.0;0.0;0.7793923;0.0;0.06082763;0.0;0.07687278;0.0;0.0;0.0;0.16914403;0.0;0.10680573;0.0;0.20025282;0.0;0.5889181;0.0;9.0;0.0;1.0;0.0;1.0;0.0;1.0;0.0;1.0;0.0;1.0;0.0;1.0;0.0;1.0;0.0;1.0;0.0;1.0;0.0;1.0;0.0;1.0;0.0;1.0;0.0;1.0;0.0;1.0;0.0;1.0;0.0;1.0;0.0;1.0;0.0;1.0;0.0;0.0;0.0;0.0
1.0;0.0;0.3654436;0.0;0.18720141;0.0;0.15406623;0.0;0.13548401;0.0;0.13548441;0.0;0.038597092;0.0;0.07388078;0.0;0.060228415;0.0;1.0;0.0;0.7793923;0.0;0.07388184;0.0;0.07687278;0.0;0.16914353;0.0;0.0;0.0;0.086805955;0.0;0.18719879;0.0;0.5782763;0.0;9.0;0.0;1.0;0.0;1.0;0.0;1.0;0.0;1.0;0.0;1.0;0.0;1.0;0.0;1.0;0.0;1.0;0.0;1.0;0.0;1.0;0.0;1.0;0.0;1.0;0.0;1.0;0.0;1.0;0.0;1.0;0.0;1.0;0.0;1.0;0.0;1.0;0.0;0.0;0.0;0.0
1.0;0.0;0.35480174;0.0;0.1741472;0.0;0.066808105;0.0;0.0;0.0;0.13548441;0.0;0.038597092;0.0;0.052002013;0.0;0.0708702;0.0;1.0;0.0;0.7793923;0.0;0.08693606;0.0;0.07687278;0.0;0.16914353;0.0;0.0;0.0;0.06680618;0.0;0.17414477;0.0;0.56763446;0.0;9.0;0.0;1.0;0.0;1.0;0.0;1.0;0.0;1.0;0.0;1.0;0.0;1.0;0.0;1.0;0.0;1.0;0.0;1.0;0.0;1.0;0.0;1.0;0.0;1.0;0.0;1.0;0.0;1.0;0.0;1.0;0.0;1.0;0.0;1.0;0.0;1.0;0.0;0.0;0.0;0.0
1.0;0.0;0.3441599;0.0;0.16109298;0.0;0.04680775;0.0;0.13548401;0.0;0.13548441;0.0;0.038597092;0.0;0.052002013;0.0;0.08151198;0.0;1.0;0.0;0.7793923;0.0;0.09999027;0.0;0.07687278;0.0;0.16914353;0.0;0.16914403;0.0;0.046806403;0.0;0.16109075;0.0;0.55699265;0.0;9.0;0.0;1.0;0.0;1.0;0.0;1.0;0.0;1.0;0.0;1.0;0.0;1.0;0.0;1.0;0.0;1.0;0.0;1.0;0.0;1.0;0.0;1.0;0.0;1.0;0.0;1.0;0.0;1.0;0.0;1.0;0.0;1.0;0.0;1.0;0.0;1.0;0.0;0.0;0.0;0.0
1.0;0.0;0.33351806;0.0;0.14803877;0.0;0.026807394;0.0;0.13548401;0.0;0.13548441;0.0;0.0;0.0;0.052002013;0.0;0.09215377;0.0;1.0;0.0;0.09215435;0.0;0.113044485;0.0;0.07687278;0.0;0.16914353;0.0;0.16914403;0.0;0.026806623;0.0;0.1480367;0.0;0.5463509;0.0;9.0;0.0;1.0;0.0;1.0;0.0;1.0;0.0;1.0;0.0;1.0;0.0;1.0;0.0;1.0;0.0;1.0;0.0;1.0;0.0;1.0;0.0;1.0;0.0;1.0;0.0;1.0;0.0;1.0;0.0;1.0;0.0;1.0;0.0;1.0;0.0;1.0;0.0;0.0;0.0;0.0
1.0;0.0;0.3228762;0.0;0.13498457;0.0;0.0068070404;0.0;0.13548401;0.0;0.13548441;0.0;0.0;0.0;0.052002013;0.0;0.102795556;0.0;1.0;0.0;0.1027962;0.0;0.1260987;0.0;0.0;0.0;0.16914353;0.0;0.16914403;0.0;0.0068068444;0.0;0.13498268;0.0;0.53570914;0.0;9.0;0.0;1.0;0.0;1.0;0.0;1.0;0.0;1.0;0.0;1.0;0.0;1.0;0.0;1.0;0.0;1.0;0.0;1.0;0.0;1.0;0.0;1.0;0.0;1.0;0.0;1.0;0.0;1.0;0.0;1.0;0.0;1.0;0.0;1.0;0.0;1.0;0.0;0.0;0.0;0.0
1.0;0.0;0.31223434;0.0;0.121930346;0.0;0.0;0.0;0.13548401;0.0;0.13548441;0.0;0.01319294;0.0;0.052002013;0.0;0.11343733;0.0;1.0;0.0;0.11343805;0.0;0.103569865;0.0;0.013193321;0.0;0.16914353;0.0;0.16914403;0.0;0.19234416;0.0;0.25246844;0.0;0.5250673;0.0;9.0;0.0;1.0;0.0;1.0;0.0;1.0;0.0;1.0;0.0;1.0;0.0;1.0;0.0;1.0;0.0;1.0;0.0;1.0;0.0;1.0;0.0;1.0;0.0;1.0;0.0;1.0;0.0;1.0;0.0;1.0;0.0;1.0;0.0;1.0;0.0;1.0;0.0;0.0;0.0;0.0
1.0;0.0;0.3015925;0.0;0.10887615;0.0;0.0;0.0;0.13548401;0.0;0.13548441;0.0;0.033192728;0.0;0.052002013;0.0;0.12407912;0.0;1.0;0.0;0.1240799;0.0;0.103569865;0.0;0.033193685;0.0;0.16914353;0.0;0.16914403;0.0;0.19234416;0.0;0.23941442;0.0;0.5144256;0.0;9.0;0.0;1.0;0.0;1.0;0.0;1.0;0.0;1.0;0.0;1.0;0.0;1.0;0.0;1.0;0.0;1.0;0.0;1.0;0.0;1.0;0.0;1.0;0.0;1.0;0.0;1.0;0.0;1.0;0.0;1.0;0.0;1.0;0.0;1.0;0.0;1.0;0.0;0.0;0.0;0.0
1.0;0.0;0.29095066;0.0;0.09582193;0.0;0.15406623;0.0;0.13548401;0.0;0.0;0.0;0.053192515;0.0;0.052002013;0.0;0.1347209;0.0;1.0;0.0;0.13472176;0.0;0.103569865;0.0;0.053194053;0.0;0.16914353;0.0;0.16914403;0.0;0.19234416;0.0;0.2263604;0.0;0.50378376;0.0;9.0;0.0;1.0;0.0;1.0;0.0;1.0;0.0;1.0;0.0;1.0;0.0;1.0;0.0;1.0;0.0;1.0;0.0;1.0;0.0;1.0;0.0;1.0;0.0;1.0;0.0;1.0;0.0;1.0;0.0;1.0;0.0;1.0;0.0;1.0;0.0;1.0;0.0;0.0;0.0;0.0
1.0;0.0;0.493145;0.0;0.08276772;0.0;0.15406623;0.0;0.13548401;0.0;0.0;0.0;0.1540677;0.0;0.052002013;0.0;0.14536269;0.0;1.0;0.0;0.1453636;0.0;0.103569865;0.0;0.07319442;0.0;0.0;0.0;0.16914403;0.0;0.19234416;0.0;0.21330635;0.0;0.49314198;0.0;9.0;0.0;1.0;0.0;1.0;0.0;1.0;0.0;1.0;0.0;1.0;0.0;1.0;0.0;1.0;0.0;1.0;0.0;1.0;0.0;1.0;0.0;1.0;0.0;1.0;0.0;1.0;0.0;1.0;0.0;1.0;0.0;1.0;0.0;1.0;0.0;1.0;0.0;0.0;0.0;0.0
1.0;0.0;0.48250312;0.0;0.20025511;0.0;0.15406623;0.0;0.13548401;0.0;0.13548441;0.0;0.1540677;0.0;0.052002013;0.0;0.15600447;0.0;1.0;0.0;0.15600546;0.0;0.103569865;0.0;0.09319478;0.0;0.0;0.0;0.16914403;0.0;0.10680497;0.0;0.20025234;0.0;0.48250023;0.0;9.0;0.0;1.0;0.0;1.0;0.0;1.0;0.0;1.0;0.0;1.0;0.0;1.0;0.0;1.0;0.0;1.0;0.0;1.0;0.0;1.0;0.0;1.0;0.0;1.0;0.0;1.0;0.0;1.0;0.0;1.0;0.0;1.0;0.0;1.0;0.0;1.0;0.0;0.0;0.0;0.0
1.0;0.0;0.47186127;0.0;0.1872009;0.0;0.15406623;0.0;0.13548401;0.0;0.13548441;0.0;0.1540677;0.0;0.052002013;0.0;0.16664626;0.0;1.0;0.0;0.1666473;0.0;0.103569865;0.0;0.19234228;0.0;0.16914353;0.0;0.0;0.0;0.086805195;0.0;0.18719831;0.0;0.4718584;0.0;9.0;0.0;1.0;0.0;1.0;0.0;1.0;0.0;1.0;0.0;1.0;0.0;1.0;0.0;1.0;0.0;1.0;0.0;1.0;0.0;1.0;0.0;1.0;0.0;1.0;0.0;1.0;0.0;1.0;0.0;1.0;0.0;1.0;0.0;1.0;0.0;1.0;0.0;0.0;0.0;0.0
1.0;0.0;0.46121946;0.0;0.1741467;0.0;0.066807345;0.0;0.0;0.0;0.13548441;0.0;0.1540677;0.0;0.086935304;0.0;0.17728804;0.0;1.0;0.0;0.17728916;0.0;0.103569865;0.0;0.19234228;0.0;0.16914353;0.0;0.0;0.0;0.066805415;0.0;0.17414427;0.0;0.46121663;0.0;9.0;0.0;1.0;0.0;1.0;0.0;1.0;0.0;1.0;0.0;1.0;0.0;1.0;0.0;1.0;0.0;1.0;0.0;1.0;0.0;1.0;0.0;1.0;0.0;1.0;0.0;1.0;0.0;1.0;0.0;1.0;0.0;1.0;0.0;1.0;0.0;1.0;0.0;0.0;0.0;0.0
1.0;0.0;0.4505776;0.0;0.16109249;0.0;0.046806987;0.0;0.13548401;0.0;0.13548441;0.0;0.1540677;0.0;0.09998933;0.0;0.18792984;0.0;1.0;0.0;0.18793102;0.0;0.103569865;0.0;0.19234228;0.0;0.16914353;0.0;0.16914403;0.0;0.04680564;0.0;0.16109024;0.0;0.45057482;0.0;9.0;0.0;1.0;0.0;1.0;0.0;1.0;0.0;1.0;0.0;1.0;0.0;1.0;0.0;1.0;0.0;1.0;0.0;1.0;0.0;1.0;0.0;1.0;0.0;1.0;0.0;1.0;0.0;1.0;0.0;1.0;0.0;1.0;0.0;1.0;0.0;1.0;0.0;0.0;0.0;0.0
1.0;0.0;0.43993574;0.0;0.14803828;0.0;0.026806632;0.0;0.13548401;0.0;0.13548441;0.0;0.0;0.0;0.11304335;0.0;0.19857161;0.0;1.0;0.0;0.19857286;0.0;0.103569865;0.0;0.19234228;0.0;0.16914353;0.0;0.16914403;0.0;0.026805859;0.0;0.14803621;0.0;0.43993306;0.0;9.0;0.0;1.0;0.0;1.0;0.0;1.0;0.0;1.0;0.0;1.0;0.0;1.0;0.0;1.0;0.0;1.0;0.0;1.0;0.0;1.0;0.0;1.0;0.0;1.0;0.0;1.0;0.0;1.0;0.0;1.0;0.0;1.0;0.0;1.0;0.0;1.0;0.0;0.0;0.0;0.0
1.0;0.0;0.42929387;0.0;0.13498406;0.0;0.0068062777;0.0;0.13548401;0.0;0.13548441;0.0;0.0;0.0;0.1260974;0.0;0.2092134;0.0;1.0;0.0;0.20921472;0.0;0.103569865;0.0;0.0;0.0;0.16914353;0.0;0.16914403;0.0;0.0068060816;0.0;0.13498218;0.0;0.42929125;0.0;9.0;0.0;1.0;0.0;1.0;0.0;1.0;0.0;1.0;0.0;1.0;0.0;1.0;0.0;1.0;0.0;1.0;0.0;1.0;0.0;1.0;0.0;1.0;0.0;1.0;0.0;1.0;0.0;1.0;0.0;1.0;0.0;1.0;0.0;1.0;0.0;1.0;0.0;0.0;0.0;0.0
0.9934031;0.0;0.41865206;0.0;0.12192985;0.0;0.0;0.0;0.13548401;0.0;0.13548441;0.0;0.013193702;0.0;0.13915142;0.0;0.21985519;0.0;1.0;0.0;0.21985658;0.0;0.13915342;0.0;0.013194084;0.0;0.16914353;0.0;0.16914403;0.0;0.19234416;0.0;0.25246793;0.0;0.4186495;0.0;9.0;0.0;1.0;0.0;1.0;0.0;1.0;0.0;1.0;0.0;1.0;0.0;1.0;0.0;1.0;0.0;1.0;0.0;1.0;0.0;1.0;0.0;1.0;0.0;1.0;0.0;1.0;0.0;1.0;0.0;1.0;0.0;1.0;0.0;1.0;0.0;1.0;0.0;0.0;0.0;0.0
0.983403;0.0;0.40801018;0.0;0.10887565;0.0;0.0;0.0;0.13548401;0.0;0.13548441;0.0;0.03319349;0.0;0.15220544;0.0;0.23049697;0.0;1.0;0.0;0.2304984;0.0;0.15220764;0.0;0.03319445;0.0;0.16914353;0.0;0.16914403;0.0;0.19234416;0.0;0.23941393;0.0;0.4080077;0.0;9.0;0.0;1.0;0.0;1.0;0.0;1.0;0.0;1.0;0.0;1.0;0.0;1.0;0.0;1.0;0.0;1.0;0.0;1.0;0.0;1.0;0.0;1.0;0.0;1.0;0.0;1.0;0.0;1.0;0.0;1.0;0.0;1.0;0.0;1.0;0.0;1.0;0.0;0.0;0.0;0.0
0.973403;0.0;0.39736834;0.0;0.095821425;0.0;0.15406623;0.0;0.13548401;0.0;0.0;0.0;0.05319328;0.0;0.16525947;0.0;0.24113874;0.0;1.0;0.0;0.24114028;0.0;0.16526185;0.0;0.053194813;0.0;0.16914353;0.0;0.16914403;0.0;0.19234416;0.0;0.22635989;0.0;0.3973659;0.0;9.0;0.0;1.0;0.0;1.0;0.0;1.0;0.0;1.0;0.0;1.0;0.0;1.0;0.0;1.0;0.0;1.0;0.0;1.0;0.0;1.0;0.0;1.0;0.0;1.0;0.0;1.0;0.0;1.0;0.0;1.0;0.0;1.0;0.0;1.0;0.0;1.0;0.0;0.0;0.0;0.0
0.9634029;0.0;0.38672647;0.0;0.08276722;0.0;0.15406623;0.0;0.13548401;0.0;0.0;0.0;0.1540677;0.0;0.1783135;0.0;0.25178054;0.0;1.0;0.0;0.25178212;0.0;0.17831607;0.0;0.07319518;0.0;0.0;0.0;0.16914403;0.0;0.19234416;0.0;0.21330586;0.0;0.38672414;0.0;9.0;0.0;1.0;0.0;1.0;0.0;1.0;0.0;1.0;0.0;1.0;0.0;1.0;0.0;1.0;0.0;1.0;0.0;1.0;0.0;1.0;0.0;1.0;0.0;1.0;0.0;1.0;0.0;1.0;0.0;1.0;0.0;1.0;0.0;1.0;0.0;1.0;0.0;0.0;0.0;0.0
0.9534029;0.0;0.37608463;0.0;0.20025463;0.0;0.15406623;0.0;0.13548401;0.0;0.13548441;0.0;0.1540677;0.0;0.19136752;0.0;0.26242232;0.0;1.0;0.0;0.26242396;0.0;0.19137028;0.0;0.09319554;0.0;0.0;0.0;0.16914403;0.0;0.10680421;0.0;0.20025185;0.0;0.48249978;0.0;9.0;0.0;1.0;0.0;1.0;0.0;1.0;0.0;1.0;0.0;1.0;0.0;1.0;0.0;1.0;0.0;1.0;0.0;1.0;0.0;1.0;0.0;1.0;0.0;1.0;0.0;1.0;0.0;1.0;0.0;1.0;0.0;1.0;0.0;1.0;0.0;1.0;0.0;0.0;0.0;0.0
0.9434029;0.0;0.36544278;0.0;0.18720041;0.0;0.15406623;0.0;0.13548401;0.0;0.13548441;0.0;0.1540677;0.0;0.20442155;0.0;0.2730641;0.0;1.0;0.0;0.27306584;0.0;0.2044245;0.0;0.19234228;0.0;0.16914353;0.0;0.0;0.0;0.086804435;0.0;0.1871978;0.0;0.47185802;0.0;9.0;0.0;1.0;0.0;1.0;0.0;1.0;0.0;1.0;0.0;1.0;0.0;1.0;0.0;1.0;0.0;1.0;0.0;1.0;0.0;1.0;0.0;1.0;0.0;1.0;0.0;1.0;0.0;1.0;0.0;1.0;0.0;1.0;0.0;1.0;0.0;1.0;0.0;0.0;0.0;0.0
0.93340284;0.0;0.35480094;0.0;0.1741462;0.0;0.06680658;0.0;0.0;0.0;0.13548441;0.0;0.1540677;0.0;0.0869358;0.0;0.097733125;0.0;1.0;0.0;0.28370768;0.0;0.2174787;0.0;0.19234228;0.0;0.16914353;0.0;0.0;0.0;0.066804655;0.0;0.17414378;0.0;0.4612162;0.0;9.0;0.0;1.0;0.0;1.0;0.0;1.0;0.0;1.0;0.0;1.0;0.0;1.0;0.0;1.0;0.0;1.0;0.0;1.0;0.0;1.0;0.0;1.0;0.0;1.0;0.0;1.0;0.0;1.0;0.0;1.0;0.0;1.0;0.0;1.0;0.0;1.0;0.0;0.0;0.0;0.0
0.9234028;0.0;0.34415907;0.0;0.16109198;0.0;0.046806224;0.0;0.13548401;0.0;0.13548441;0.0;0.1540677;0.0;0.09998983;0.0;0.097733125;0.0;1.0;0.0;0.29434952;0.0;0.23053293;0.0;0.19234228;0.0;0.16914353;0.0;0.16914403;0.0;0.046804875;0.0;0.16108975;0.0;0.45057446;0.0;9.0;0.0;1.0;0.0;1.0;0.0;1.0;0.0;1.0;0.0;1.0;0.0;1.0;0.0;1.0;0.0;1.0;0.0;1.0;0.0;1.0;0.0;1.0;0.0;1.0;0.0;1.0;0.0;1.0;0.0;1.0;0.0;1.0;0.0;1.0;0.0;1.0;0.0;0.0;0.0;0.0
0.91340274;0.0;0.33351725;0.0;0.14803778;0.0;0.026805868;0.0;0.13548401;0.0;0.13548441;0.0;0.0;0.0;0.11304386;0.0;0.097733125;0.0;1.0;0.0;0.30499136;0.0;0.24358714;0.0;0.19234228;0.0;0.16914353;0.0;0.16914403;0.0;0.026805097;0.0;0.14803572;0.0;0.43993264;0.0;9.0;0.0;1.0;0.0;1.0;0.0;1.0;0.0;1.0;0.0;1.0;0.0;1.0;0.0;1.0;0.0;1.0;0.0;1.0;0.0;1.0;0.0;1.0;0.0;1.0;0.0;1.0;0.0;1.0;0.0;1.0;0.0;1.0;0.0;1.0;0.0;1.0;0.0;0.0;0.0;0.0
0.9034027;0.0;0.32287538;0.0;0.13498357;0.0;0.0068055145;0.0;0.13548401;0.0;0.13548441;0.0;0.0;0.0;0.12609789;0.0;0.097733125;0.0;1.0;0.0;0.31563324;0.0;0.25664136;0.0;0.0;0.0;0.16914353;0.0;0.16914403;0.0;0.0068053184;0.0;0.13498169;0.0;0.42929086;0.0;9.0;0.0;1.0;0.0;1.0;0.0;1.0;0.0;1.0;0.0;1.0;0.0;1.0;0.0;1.0;0.0;1.0;0.0;1.0;0.0;1.0;0.0;1.0;0.0;1.0;0.0;1.0;0.0;1.0;0.0;1.0;0.0;1.0;0.0;1.0;0.0;1.0;0.0;0.0;0.0;0.0
0.8934027;0.0;0.31223354;0.0;0.12192936;0.0;0.0;0.0;0.13548401;0.0;0.13548441;0.0;0.013194466;0.0;0.1391519;0.0;0.097733125;0.0;1.0;0.0;0.32627508;0.0;0.13915391;0.0;0.013194847;0.0;0.16914353;0.0;0.16914403;0.0;0.19234416;0.0;0.25914592;0.0;0.4186491;0.0;9.0;0.0;1.0;0.0;1.0;0.0;1.0;0.0;1.0;0.0;1.0;0.0;1.0;0.0;1.0;0.0;1.0;0.0;1.0;0.0;1.0;0.0;1.0;0.0;1.0;0.0;1.0;0.0;1.0;0.0;1.0;0.0;1.0;0.0;1.0;0.0;1.0;0.0;0.0;0.0;0.0
0.88340265;0.0;0.3015917;0.0;0.10887514;0.0;0.0;0.0;0.13548401;0.0;0.13548441;0.0;0.03319425;0.0;0.15220594;0.0;0.097733125;0.0;1.0;0.0;0.33691692;0.0;0.15220812;0.0;0.033195212;0.0;0.16914353;0.0;0.16914403;0.0;0.19234416;0.0;0.25914592;0.0;0.4080073;0.0;9.0;0.0;1.0;0.0;1.0;0.0;1.0;0.0;1.0;0.0;1.0;0.0;1.0;0.0;1.0;0.0;1.0;0.0;1.0;0.0;1.0;0.0;1.0;0.0;1.0;0.0;1.0;0.0;1.0;0.0;1.0;0.0;1.0;0.0;1.0;0.0;1.0;0.0;0.0;0.0;0.0
0.8734026;0.0;0.29094985;0.0;0.09582093;0.0;0.15406623;0.0;0.13548401;0.0;0.0;0.0;0.05319404;0.0;0.16525997;0.0;0.097733125;0.0;1.0;0.0;0.3475588;0.0;0.16526234;0.0;0.053195577;0.0;0.16914353;0.0;0.16914403;0.0;0.19234416;0.0;0.25914592;0.0;0.3973655;0.0;9.0;0.0;1.0;0.0;1.0;0.0;1.0;0.0;1.0;0.0;1.0;0.0;1.0;0.0;1.0;0.0;1.0;0.0;1.0;0.0;1.0;0.0;1.0;0.0;1.0;0.0;1.0;0.0;1.0;0.0;1.0;0.0;1.0;0.0;1.0;0.0;1.0;0.0;0.0;0.0;0.0
0.86340255;0.0;0.38672608;0.0;0.08276673;0.0;0.15406623;0.0;0.13548401;0.0;0.0;0.0;0.1540677;0.0;0.178314;0.0;0.097733125;0.0;1.0;0.0;0.3582006;0.0;0.17831656;0.0;0.07319595;0.0;0.0;0.0;0.16914403;0.0;0.19234416;0.0;0.25914592;0.0;0.38672373;0.0;9.0;0.0;1.0;0.0;1.0;0.0;1.0;0.0;1.0;0.0;1.0;0.0;1.0;0.0;1.0;0.0;1.0;0.0;1.0;0.0;1.0;0.0;1.0;0.0;1.0;0.0;1.0;0.0;1.0;0.0;1.0;0.0;1.0;0.0;1.0;0.0;1.0;0.0;0.0;0.0;0.0
0.8534025;0.0;0.37608424;0.0;0.20757183;0.0;0.15406623;0.0;0.13548401;0.0;0.13548441;0.0;0.1540677;0.0;0.19136801;0.0;0.097733125;0.0;1.0;0.0;0.36884248;0.0;0.19137077;0.0;0.09319631;0.0;0.0;0.0;0.16914403;0.0;0.10680344;0.0;0.25914592;0.0;0.48249942;0.0;9.0;0.0;1.0;0.0;1.0;0.0;1.0;0.0;1.0;0.0;1.0;0.0;1.0;0.0;1.0;0.0;1.0;0.0;1.0;0.0;1.0;0.0;1.0;0.0;1.0;0.0;1.0;0.0;1.0;0.0;1.0;0.0;1.0;0.0;1.0;0.0;1.0;0.0;0.0;0.0;0.0
0.8434025;0.0;0.36544237;0.0;0.20757183;0.0;0.15406623;0.0;0.13548401;0.0;0.13548441;0.0;0.1540677;0.0;0.20442204;0.0;0.097733125;0.0;1.0;0.0;0.37948436;0.0;0.204425;0.0;0.19234228;0.0;0.16914353;0.0;0.0;0.0;0.08680367;0.0;0.25914592;0.0;0.4718576;0.0;9.0;0.0;1.0;0.0;1.0;0.0;1.0;0.0;1.0;0.0;1.0;0.0;1.0;0.0;1.0;0.0;1.0;0.0;1.0;0.0;1.0;0.0;1.0;0.0;1.0;0.0;1.0;0.0;1.0;0.0;1.0;0.0;1.0;0.0;1.0;0.0;1.0;0.0;0.0;0.0;0.0
0.83340245;0.0;0.35480052;0.0;0.20757183;0.0;0.06680582;0.0;0.0;0.0;0.13548441;0.0;0.1540677;0.0;0.0869363;0.0;0.2837063;0.0;1.0;0.0;0.19464508;0.0;0.2174792;0.0;0.19234228;0.0;0.16914353;0.0;0.0;0.0;0.06680389;0.0;0.25914592;0.0;0.46121582;0.0;9.0;0.0;1.0;0.0;1.0;0.0;1.0;0.0;1.0;0.0;1.0;0.0;1.0;0.0;1.0;0.0;1.0;0.0;1.0;0.0;1.0;0.0;1.0;0.0;1.0;0.0;1.0;0.0;1.0;0.0;1.0;0.0;1.0;0.0;1.0;0.0;1.0;0.0;0.0;0.0;0.0
0.8234024;0.0;0.34415868;0.0;0.20757183;0.0;0.046805464;0.0;0.13548401;0.0;0.13548441;0.0;0.1540677;0.0;0.09999032;0.0;0.29434806;0.0;1.0;0.0;0.19464508;0.0;0.23053344;0.0;0.19234228;0.0;0.16914353;0.0;0.16914403;0.0;0.04680411;0.0;0.25914592;0.0;0.450574;0.0;9.0;0.0;1.0;0.0;1.0;0.0;1.0;0.0;1.0;0.0;1.0;0.0;1.0;0.0;1.0;0.0;1.0;0.0;1.0;0.0;1.0;0.0;1.0;0.0;1.0;0.0;1.0;0.0;1.0;0.0;1.0;0.0;1.0;0.0;1.0;0.0;1.0;0.0;0.0;0.0;0.0
0.81340235;0.0;0.33351684;0.0;0.20757183;0.0;0.026805107;0.0;0.13548401;0.0;0.13548441;0.0;0.0;0.0;0.11304436;0.0;0.30498987;0.0;1.0;0.0;0.19464508;0.0;0.24358764;0.0;0.19234228;0.0;0.16914353;0.0;0.16914403;0.0;0.026804334;0.0;0.278575;0.0;0.43993226;0.0;9.0;0.0;1.0;0.0;1.0;0.0;1.0;0.0;1.0;0.0;1.0;0.0;1.0;0.0;1.0;0.0;1.0;0.0;1.0;0.0;1.0;0.0;1.0;0.0;1.0;0.0;1.0;0.0;1.0;0.0;1.0;0.0;1.0;0.0;1.0;0.0;1.0;0.0;0.0;0.0;0.0
0.8034023;0.0;0.32287496;0.0;0.20757183;0.0;0.0068047517;0.0;0.13548401;0.0;0.13548441;0.0;0.0;0.0;0.12609838;0.0;0.31563166;0.0;1.0;0.0;0.19464508;0.0;0.25664183;0.0;0.0;0.0;0.16914353;0.0;0.16914403;0.0;0.0068045557;0.0;0.265521;0.0;0.42929044;0.0;9.0;0.0;1.0;0.0;1.0;0.0;1.0;0.0;1.0;0.0;1.0;0.0;1.0;0.0;1.0;0.0;1.0;0.0;1.0;0.0;1.0;0.0;1.0;0.0;1.0;0.0;1.0;0.0;1.0;0.0;1.0;0.0;1.0;0.0;1.0;0.0;1.0;0.0;0.0;0.0;0.0
0.7934023;0.0;0.31223315;0.0;0.20757183;0.0;0.0;0.0;0.13548401;0.0;0.13548441;0.0;0.013195229;0.0;0.13915241;0.0;0.32627344;0.0;1.0;0.0;0.19464508;0.0;0.1391544;0.0;0.01319561;0.0;0.16914353;0.0;0.16914403;0.0;0.18680179;0.0;0.25246698;0.0;0.41864866;0.0;9.0;0.0;1.0;0.0;1.0;0.0;1.0;0.0;1.0;0.0;1.0;0.0;1.0;0.0;1.0;0.0;1.0;0.0;1.0;0.0;1.0;0.0;1.0;0.0;1.0;0.0;1.0;0.0;1.0;0.0;1.0;0.0;1.0;0.0;1.0;0.0;1.0;0.0;0.0;0.0;0.0
0.78340226;0.0;0.30159128;0.0;0.20757183;0.0;0.0;0.0;0.13548401;0.0;0.13548441;0.0;0.033195015;0.0;0.15220644;0.0;0.33691522;0.0;1.0;0.0;0.19464508;0.0;0.15220863;0.0;0.033195976;0.0;0.16914353;0.0;0.16914403;0.0;0.16680202;0.0;0.23941293;0.0;0.4080069;0.0;9.0;0.0;1.0;0.0;1.0;0.0;1.0;0.0;1.0;0.0;1.0;0.0;1.0;0.0;1.0;0.0;1.0;0.0;1.0;0.0;1.0;0.0;1.0;0.0;1.0;0.0;1.0;0.0;1.0;0.0;1.0;0.0;1.0;0.0;1.0;0.0;1.0;0.0;0.0;0.0;0.0
0.7734022;0.0;0.2909494;0.0;0.22636203;0.0;0.26953575;0.0;0.13548401;0.0;0.0;0.0;0.053194802;0.0;0.16526046;0.0;0.347557;0.0;1.0;0.0;0.19464508;0.0;0.16526285;0.0;0.05319634;0.0;0.16914353;0.0;0.16914403;0.0;0.14680223;0.0;0.22635889;0.0;0.3973651;0.0;9.0;0.0;1.0;0.0;1.0;0.0;1.0;0.0;1.0;0.0;1.0;0.0;1.0;0.0;1.0;0.0;1.0;0.0;1.0;0.0;1.0;0.0;1.0;0.0;1.0;0.0;1.0;0.0;1.0;0.0;1.0;0.0;1.0;0.0;1.0;0.0;0.0;0.0;1.0;0.0;0.0
0.7738734;0.0;0.3926194;0.0;0.220052;0.0;0.27524936;0.0;0.13640647;0.0;0.0;0.0;0.15111485;0.0;0.17035276;0.0;0.3522458;0.0;1.0;0.0;0.21543255;0.0;0.16065599;0.0;0.05019284;0.0;0.17029515;0.0;0.16821131;0.0;0.15634812;0.0;0.23333386;0.0;0.40272585;0.0;9.0;0.0;1.0;0.0;1.0;0.0;1.0;0.0;1.0;0.0;1.0;0.0;1.0;0.0;1.0;0.0;1.0;0.0;1.0;0.0;1.0;0.0;1.0;0.0;1.0;0.0;1.0;0.0;1.0;0.0;1.0;0.0;1.0;0.0;1.0;0.0;0.0;0.0;1.0;0.0;0.0
0.7752903;0.0;0.38845107;0.0;0.21433826;0.0;0.2815609;0.0;0.13751025;0.0;0.13416097;0.0;0.14845055;0.0;0.17599009;0.0;0.24804115;0.0;0.42763925;0.0;0.44379058;0.0;0.28009206;0.0;0.047565218;0.0;0.17167316;0.0;0.1674918;0.0;0.16743998;0.0;0.24105534;0.0;0.408738;0.0;9.0;0.0;1.0;0.0;1.0;0.0;1.0;0.0;1.0;0.0;1.0;0.0;1.0;0.0;1.0;0.0;1.0;0.0;1.0;0.0;1.0;0.0;1.0;0.0;1.0;0.0;1.0;0.0;1.0;0.0;1.0;0.0;1.0;0.0;1.0;0.0;0.0;0.0;1.0;0.0;0.0
0.7776616;0.0;0.48789588;0.0;0.20916209;0.0;0.28852847;0.0;0.13880253;0.0;0.1337518;0.0;0.1460534;0.0;0.1854855;0.0;0.252112;0.0;0.42894715;0.0;0.4396585;0.0;0.27332798;0.0;0.04525141;0.0;0.1732865;0.0;0.16698095;0.0;0.29180285;0.0;0.2315673;0.0;0.3041865;0.0;1.0;0.0;1.0;0.0;1.0;0.0;1.0;0.0;1.0;0.0;1.0;0.0;1.0;0.0;1.0;0.0;1.0;0.0;1.0;0.0;1.0;0.0;1.0;0.0;1.0;0.0;1.0;0.0;1.0;0.0;1.0;0.0;1.0;0.0;1.0;0.0;0.0;0.0;1.0;0.0;0.0
0.7810019;0.0;0.58621347;0.0;0.20447329;0.0;0.16931874;0.0;0.0;0.0;0.13350728;0.0;0.143905;0.0;0.039749347;0.0;0.25663656;0.0;0.43078965;0.0;0.4361291;0.0;0.26720077;0.0;0.21138406;0.0;0.17514585;0.0;0.16667569;0.0;0.0;0.0;0.22414944;0.0;0.30964562;0.0;1.0;0.0;1.0;0.0;1.0;0.0;1.0;0.0;1.0;0.0;1.0;0.0;1.0;0.0;1.0;0.0;1.0;0.0;1.0;0.0;1.0;0.0;1.0;0.0;1.0;0.0;1.0;0.0;1.0;0.0;1.0;0.0;1.0;0.0;1.0;0.0;0.0;0.0;1.0;0.0;0.0
0.7853319;0.0;0.68379164;0.0;0.20022869;0.0;0.17417383;0.0;0.0;0.0;0.1334259;0.0;0.14198937;0.0;0.04137833;0.0;0.26165113;0.0;0.43317804;0.0;0.43317947;0.0;0.26165402;0.0;0.21744533;0.0;0.17726386;0.0;0.16657409;0.0;0.0;0.0;0.21744879;0.0;0.31569594;0.0;1.0;0.0;1.0;0.0;1.0;0.0;1.0;0.0;1.0;0.0;1.0;0.0;1.0;0.0;1.0;0.0;1.0;0.0;1.0;0.0;1.0;0.0;1.0;0.0;1.0;0.0;1.0;0.0;1.0;0.0;1.0;0.0;1.0;0.0;1.0;0.0;0.0;0.0;1.0;0.0;0.0
0.32021794;0.0;0.7810039;0.0;0.19639114;0.0;0.17954077;0.0;0.0;0.0;0.13350719;0.0;0.14029273;0.0;0.04320142;0.0;0.14928046;0.0;0.43612733;0.0;0.4307908;0.0;0.25663918;0.0;0.18919942;0.0;0.17965527;0.0;0.16667557;0.0;0.0;0.0;0.21138719;0.0;0.20447092;0.0;1.0;0.0;1.0;0.0;1.0;0.0;1.0;0.0;1.0;0.0;1.0;0.0;1.0;0.0;1.0;0.0;1.0;0.0;1.0;0.0;1.0;0.0;1.0;0.0;1.0;0.0;1.0;0.0;1.0;0.0;1.0;0.0;1.0;0.0;1.0;0.0;0.0;0.0;1.0;0.0;0.0
0.5909547;0.0;0.7776631;0.0;0.30418926;0.0;0.18548214;0.0;0.0;0.0;0.13375162;0.0;0.13880327;0.0;0.04525023;0.0;0.1527035;0.0;0.4396564;0.0;1.0;0.0;0.36337507;0.0;0.1822465;0.0;0.18233727;0.0;0.16698074;0.0;0.0;0.0;0.20589837;0.0;0.20915946;0.0;1.0;0.0;1.0;0.0;1.0;0.0;1.0;0.0;1.0;0.0;1.0;0.0;1.0;0.0;1.0;0.0;1.0;0.0;1.0;0.0;1.0;0.0;1.0;0.0;1.0;0.0;1.0;0.0;1.0;0.0;1.0;0.0;1.0;0.0;1.0;0.0;0.0;0.0;1.0;0.0;0.0
0.5965083;0.0;0.7752913;0.0;0.29927728;0.0;0.19207221;0.0;0.0;0.0;0.13416071;0.0;0.1375109;0.0;0.047563873;0.0;0.15648231;0.0;0.12127198;0.0;1.0;0.0;0.35750738;0.0;0.17599332;0.0;0.060675353;0.0;0.0;0.0;0.17167397;0.0;0.20092604;0.0;0.21433537;0.0;1.0;0.0;1.0;0.0;1.0;0.0;1.0;0.0;1.0;0.0;1.0;0.0;1.0;0.0;1.0;0.0;1.0;0.0;1.0;0.0;1.0;0.0;1.0;0.0;1.0;0.0;1.0;0.0;1.0;0.0;1.0;0.0;1.0;0.0;1.0;0.0;0.0;0.0;1.0;0.0;0.0
0.49776292;0.0;0.7738739;0.0;0.29487497;0.0;0.19939971;0.0;0.0;0.0;0.13473697;0.0;0.13640702;0.0;0.050191306;0.0;0.16065359;0.0;0.34340408;0.0;1.0;0.0;0.3522485;0.0;0.17035569;0.0;0.056655806;0.0;0.0;0.0;0.17029585;0.0;0.13851355;0.0;0.22004882;0.0;1.0;0.0;9.0;0.0;1.0;0.0;1.0;0.0;1.0;0.0;1.0;0.0;1.0;0.0;1.0;0.0;1.0;0.0;1.0;0.0;1.0;0.0;1.0;0.0;1.0;0.0;1.0;0.0;1.0;0.0;1.0;0.0;1.0;0.0;1.0;0.0;0.0;0.0;1.0;0.0;0.0
0.39736485;0.0;0.7734022;0.0;0.29094964;0.0;0.22636242;0.0;0.2695354;0.0;0.13548395;0.0;0.0;0.0;0.05319459;0.0;0.1652602;0.0;0.34755677;0.0;1.0;0.0;0.19464406;0.0;0.1652631;0.0;0.05319652;0.0;0.16914347;0.0;0.1691441;0.0;0.14680174;0.0;0.22635853;0.0;1.0;0.0;9.0;0.0;1.0;0.0;1.0;0.0;1.0;0.0;1.0;0.0;1.0;0.0;1.0;0.0;1.0;0.0;1.0;0.0;1.0;0.0;1.0;0.0;1.0;0.0;1.0;0.0;1.0;0.0;1.0;0.0;1.0;0.0;1.0;0.0;0.0;0.0;1.0;0.0;0.0
0.40272555;0.0;0.7738733;0.0;0.39261964;0.0;0.22005233;0.0;0.27524894;0.0;0.1364064;0.0;0.0;0.0;0.15111506;0.0;0.17035246;0.0;0.35224554;0.0;1.0;0.0;0.21543129;0.0;0.16065621;0.0;0.05019299;0.0;0.17029506;0.0;0.16821137;0.0;0.15634754;0.0;0.23333344;0.0;1.0;0.0;9.0;0.0;1.0;0.0;1.0;0.0;1.0;0.0;1.0;0.0;1.0;0.0;1.0;0.0;1.0;0.0;1.0;0.0;1.0;0.0;1.0;0.0;1.0;0.0;1.0;0.0;1.0;0.0;1.0;0.0;1.0;0.0;1.0;0.0;0.0;0.0;1.0;0.0;0.0
0.40873766;0.0;0.7752902;0.0;0.38845128;0.0;0.21433854;0.0;0.28156048;0.0;0.13751018;0.0;0.134161;0.0;0.14845072;0.0;0.17598976;0.0;0.24804096;0.0;0.4276392;0.0;0.44379082;0.0;0.28009245;0.0;0.04756535;0.0;0.17167306;0.0;0.16749182;0.0;0.16743931;0.0;0.24105492;0.0;1.0;0.0;9.0;0.0;1.0;0.0;1.0;0.0;1.0;0.0;1.0;0.0;1.0;0.0;1.0;0.0;1.0;0.0;1.0;0.0;1.0;0.0;1.0;0.0;1.0;0.0;1.0;0.0;1.0;0.0;1.0;0.0;1.0;0.0;1.0;0.0;0.0;0.0;1.0;0.0;0.0
0.30418625;0.0;0.77766144;0.0;0.48789605;0.0;0.20916235;0.0;0.288528;0.0;0.13880245;0.0;0.13375182;0.0;0.14605358;0.0;0.18548584;0.0;0.25211176;0.0;0.42894712;0.0;0.4396587;0.0;0.27332833;0.0;0.04525153;0.0;0.17328638;0.0;0.166981;0.0;0.29180312;0.0;0.23156771;0.0;1.0;0.0;1.0;0.0;1.0;0.0;1.0;0.0;1.0;0.0;1.0;0.0;1.0;0.0;1.0;0.0;1.0;0.0;1.0;0.0;1.0;0.0;1.0;0.0;1.0;0.0;1.0;0.0;1.0;0.0;1.0;0.0;1.0;0.0;1.0;0.0;0.0;0.0;1.0;0.0;0.0
0.30964535;0.0;0.7810017;0.0;0.5862137;0.0;0.20447353;0.0;0.16931842;0.0;0.0;0.0;0.13350728;0.0;0.14390513;0.0;0.039749265;0.0;0.25663632;0.0;0.43078953;0.0;0.43612924;0.0;0.26720107;0.0;0.21138373;0.0;0.17514572;0.0;0.1666757;0.0;0.0;0.0;0.22414982;0.0;1.0;0.0;1.0;0.0;1.0;0.0;1.0;0.0;1.0;0.0;1.0;0.0;1.0;0.0;1.0;0.0;1.0;0.0;1.0;0.0;1.0;0.0;1.0;0.0;1.0;0.0;1.0;0.0;1.0;0.0;1.0;0.0;1.0;0.0;1.0;0.0;0.0;0.0;1.0;0.0;0.0
0.31569564;0.0;0.7853316;0.0;0.6837919;0.0;0.2002289;0.0;0.17417349;0.0;0.0;0.0;0.1334259;0.0;0.14198948;0.0;0.041378237;0.0;0.26165086;0.0;0.43317786;0.0;0.43317962;0.0;0.26165432;0.0;0.21744499;0.0;0.1772637;0.0;0.16657409;0.0;0.0;0.0;0.21744911;0.0;1.0;0.0;1.0;0.0;1.0;0.0;1.0;0.0;1.0;0.0;1.0;0.0;1.0;0.0;1.0;0.0;1.0;0.0;1.0;0.0;1.0;0.0;1.0;0.0;1.0;0.0;1.0;0.0;1.0;0.0;1.0;0.0;1.0;0.0;1.0;0.0;0.0;0.0;1.0;0.0;0.0
0.20447068;0.0;0.3202208;0.0;0.7810041;0.0;0.19639133;0.0;0.17954038;0.0;0.0;0.0;0.13350718;0.0;0.14029284;0.0;0.043201312;0.0;0.14928028;0.0;0.43612713;0.0;0.4307909;0.0;0.25663942;0.0;0.18919984;0.0;0.1796551;0.0;0.16667555;0.0;0.0;0.0;0.21138749;0.0;1.0;0.0;1.0;0.0;1.0;0.0;1.0;0.0;1.0;0.0;1.0;0.0;1.0;0.0;1.0;0.0;1.0;0.0;1.0;0.0;1.0;0.0;1.0;0.0;1.0;0.0;1.0;0.0;1.0;0.0;1.0;0.0;1.0;0.0;1.0;0.0;0.0;0.0;0.0;1.0;0.0
0.31569564;0.0;0.7853316;0.0;0.6837919;0.0;0.2002289;0.0;0.17417349;0.0;0.0;0.0;0.1334259;0.0;0.14198948;0.0;0.041378237;0.0;0.26165086;0.0;0.43317786;0.0;0.43317962;0.0;0.26165432;0.0;0.21744499;0.0;0.1772637;0.0;0.16657409;0.0;0.0;0.0;0.21744911;0.0;1.0;0.0;1.0;0.0;1.0;0.0;1.0;0.0;1.0;0.0;1.0;0.0;1.0;0.0;1.0;0.0;1.0;0.0;1.0;0.0;1.0;0.0;1.0;0.0;1.0;0.0;1.0;0.0;1.0;0.0;1.0;0.0;1.0;0.0;1.0;0.0;0.0;0.0;0.0;1.0;0.0
0.30964535;0.0;0.7810017;0.0;0.5862137;0.0;0.20447353;0.0;0.16931842;0.0;0.0;0.0;0.13350728;0.0;0.14390513;0.0;0.039749265;0.0;0.25663632;0.0;0.43078953;0.0;0.43612924;0.0;0.26720107;0.0;0.21138373;0.0;0.17514572;0.0;0.1666757;0.0;0.0;0.0;0.22414982;0.0;1.0;0.0;1.0;0.0;1.0;0.0;1.0;0.0;1.0;0.0;1.0;0.0;1.0;0.0;1.0;0.0;1.0;0.0;1.0;0.0;1.0;0.0;1.0;0.0;1.0;0.0;1.0;0.0;1.0;0.0;1.0;0.0;1.0;0.0;1.0;0.0;0.0;0.0;0.0;1.0;0.0
0.30418625;0.0;0.77766144;0.0;0.48789605;0.0;0.20916235;0.0;0.288528;0.0;0.13880245;0.0;0.13375182;0.0;0.14605358;0.0;0.18548584;0.0;0.25211176;0.0;0.42894712;0.0;0.4396587;0.0;0.27332833;0.0;0.04525153;0.0;0.17328638;0.0;0.166981;0.0;0.29180312;0.0;0.23156771;0.0;1.0;0.0;1.0;0.0;1.0;0.0;1.0;0.0;1.0;0.0;1.0;0.0;1.0;0.0;1.0;0.0;1.0;0.0;1.0;0.0;1.0;0.0;1.0;0.0;1.0;0.0;1.0;0.0;1.0;0.0;1.0;0.0;1.0;0.0;1.0;0.0;0.0;0.0;0.0;1.0;0.0
0.40873766;0.0;0.7752902;0.0;0.38845128;0.0;0.21433854;0.0;0.28156048;0.0;0.13751018;0.0;0.134161;0.0;0.14845072;0.0;0.17598976;0.0;0.24804096;0.0;0.4276392;0.0;0.44379082;0.0;0.28009245;0.0;0.04756535;0.0;0.17167306;0.0;0.16749182;0.0;0.16743931;0.0;0.24105492;0.0;1.0;0.0;9.0;0.0;1.0;0.0;1.0;0.0;1.0;0.0;1.0;0.0;1.0;0.0;1.0;0.0;1.0;0.0;1.0;0.0;1.0;0.0;1.0;0.0;1.0;0.0;1.0;0.0;1.0;0.0;1.0;0.0;1.0;0.0;1.0;0.0;0.0;0.0;0.0;1.0;0.0
0.40272555;0.0;0.7738733;0.0;0.39261964;0.0;0.22005233;0.0;0.27524894;0.0;0.1364064;0.0;0.0;0.0;0.15111506;0.0;0.17035246;0.0;0.35224554;0.0;1.0;0.0;0.21543129;0.0;0.16065621;0.0;0.05019299;0.0;0.17029506;0.0;0.16821137;0.0;0.15634754;0.0;0.23333344;0.0;1.0;0.0;9.0;0.0;1.0;0.0;1.0;0.0;1.0;0.0;1.0;0.0;1.0;0.0;1.0;0.0;1.0;0.0;1.0;0.0;1.0;0.0;1.0;0.0;1.0;0.0;1.0;0.0;1.0;0.0;1.0;0.0;1.0;0.0;1.0;0.0;0.0;0.0;0.0;1.0;0.0
0.39736485;0.0;0.7734022;0.0;0.29094964;0.0;0.22636242;0.0;0.2695354;0.0;0.13548395;0.0;0.0;0.0;0.05319459;0.0;0.1652602;0.0;0.34755677;0.0;1.0;0.0;0.19464406;0.0;0.1652631;0.0;0.05319652;0.0;0.16914347;0.0;0.1691441;0.0;0.14680174;0.0;0.22635853;0.0;1.0;0.0;9.0;0.0;1.0;0.0;1.0;0.0;1.0;0.0;1.0;0.0;1.0;0.0;1.0;0.0;1.0;0.0;1.0;0.0;1.0;0.0;1.0;0.0;1.0;0.0;1.0;0.0;1.0;0.0;1.0;0.0;1.0;0.0;1.0;0.0;0.0;0.0;0.0;1.0;0.0
0.49776292;0.0;0.7738739;0.0;0.29487497;0.0;0.19939971;0.0;0.0;0.0;0.13473697;0.0;0.13640702;0.0;0.050191306;0.0;0.16065359;0.0;0.34340408;0.0;1.0;0.0;0.3522485;0.0;0.17035569;0.0;0.056655806;0.0;0.0;0.0;0.17029585;0.0;0.13851355;0.0;0.22004882;0.0;1.0;0.0;9.0;0.0;1.0;0.0;1.0;0.0;1.0;0.0;1.0;0.0;1.0;0.0;1.0;0.0;1.0;0.0;1.0;0.0;1.0;0.0;1.0;0.0;1.0;0.0;1.0;0.0;1.0;0.0;1.0;0.0;1.0;0.0;1.0;0.0;0.0;0.0;0.0;1.0;0.0
0.5965083;0.0;0.7752913;0.0;0.29927728;0.0;0.19207221;0.0;0.0;0.0;0.13416071;0.0;0.1375109;0.0;0.047563873;0.0;0.15648231;0.0;0.12127198;0.0;1.0;0.0;0.35750738;0.0;0.17599332;0.0;0.060675353;0.0;0.0;0.0;0.17167397;0.0;0.20092604;0.0;0.21433537;0.0;1.0;0.0;1.0;0.0;1.0;0.0;1.0;0.0;1.0;0.0;1.0;0.0;1.0;0.0;1.0;0.0;1.0;0.0;1.0;0.0;1.0;0.0;1.0;0.0;1.0;0.0;1.0;0.0;1.0;0.0;1.0;0.0;1.0;0.0;1.0;0.0;0.0;0.0;0.0;1.0;0.0
0.5909547;0.0;0.7776631;0.0;0.30418926;0.0;0.18548214;0.0;0.0;0.0;0.13375162;0.0;0.13880327;0.0;0.04525023;0.0;0.1527035;0.0;0.4396564;0.0;1.0;0.0;0.36337507;0.0;0.1822465;0.0;0.18233727;0.0;0.16698074;0.0;0.0;0.0;0.20589837;0.0;0.20915946;0.0;1.0;0.0;1.0;0.0;1.0;0.0;1.0;0.0;1.0;0.0;1.0;0.0;1.0;0.0;1.0;0.0;1.0;0.0;1.0;0.0;1.0;0.0;1.0;0.0;1.0;0.0;1.0;0.0;1.0;0.0;1.0;0.0;1.0;0.0;1.0;0.0;0.0;0.0;0.0;1.0;0.0
0.32021794;0.0;0.7810039;0.0;0.19639114;0.0;0.17954077;0.0;0.0;0.0;0.13350719;0.0;0.14029273;0.0;0.04320142;0.0;0.14928046;0.0;0.43612733;0.0;0.4307908;0.0;0.25663918;0.0;0.18919942;0.0;0.17965527;0.0;0.16667557;0.0;0.0;0.0;0.21138719;0.0;0.20447092;0.0;1.0;0.0;1.0;0.0;1.0;0.0;1.0;0.0;1.0;0.0;1.0;0.0;1.0;0.0;1.0;0.0;1.0;0.0;1.0;0.0;1.0;0.0;1.0;0.0;1.0;0.0;1.0;0.0;1.0;0.0;1.0;0.0;1.0;0.0;1.0;0.0;0.0;0.0;0.0;1.0;0.0
0.7853319;0.0;0.68379164;0.0;0.20022869;0.0;0.17417383;0.0;0.0;0.0;0.1334259;0.0;0.14198937;0.0;0.04137833;0.0;0.26165113;0.0;0.43317804;0.0;0.43317947;0.0;0.26165402;0.0;0.21744533;0.0;0.17726386;0.0;0.16657409;0.0;0.0;0.0;0.21744879;0.0;0.31569594;0.0;1.0;0.0;1.0;0.0;1.0;0.0;1.0;0.0;1.0;0.0;1.0;0.0;1.0;0.0;1.0;0.0;1.0;0.0;1.0;0.0;1.0;0.0;1.0;0.0;1.0;0.0;1.0;0.0;1.0;0.0;1.0;0.0;1.0;0.0;1.0;0.0;0.0;0.0;0.0;1.0;0.0
0.7810019;0.0;0.58621347;0.0;0.20447329;0.0;0.16931874;0.0;0.0;0.0;0.13350728;0.0;0.143905;0.0;0.039749347;0.0;0.25663656;0.0;0.43078965;0.0;0.4361291;0.0;0.26720077;0.0;0.21138406;0.0;0.17514585;0.0;0.16667569;0.0;0.0;0.0;0.22414944;0.0;0.30964562;0.0;1.0;0.0;1.0;0.0;1.0;0.0;1.0;0.0;1.0;0.0;1.0;0.0;1.0;0.0;1.0;0.0;1.0;0.0;1.0;0.0;1.0;0.0;1.0;0.0;1.0;0.0;1.0;0.0;1.0;0.0;1.0;0.0;1.0;0.0;1.0;0.0;0.0;0.0;0.0;1.0;0.0
0.7776616;0.0;0.48789588;0.0;0.20916209;0.0;0.28852847;0.0;0.13880253;0.0;0.1337518;0.0;0.1460534;0.0;0.1854855;0.0;0.252112;0.0;0.42894715;0.0;0.4396585;0.0;0.27332798;0.0;0.04525141;0.0;0.1732865;0.0;0.16698095;0.0;0.29180285;0.0;0.2315673;0.0;0.3041865;0.0;1.0;0.0;1.0;0.0;1.0;0.0;1.0;0.0;1.0;0.0;1.0;0.0;1.0;0.0;1.0;0.0;1.0;0.0;1.0;0.0;1.0;0.0;1.0;0.0;1.0;0.0;1.0;0.0;1.0;0.0;1.0;0.0;1.0;0.0;1.0;0.0;0.0;0.0;0.0;1.0;0.0
0.7752903;0.0;0.38845107;0.0;0.21433826;0.0;0.2815609;0.0;0.13751025;0.0;0.13416097;0.0;0.14845055;0.0;0.17599009;0.0;0.24804115;0.0;0.42763925;0.0;0.44379058;0.0;0.28009206;0.0;0.047565218;0.0;0.17167316;0.0;0.1674918;0.0;0.16743998;0.0;0.24105534;0.0;0.408738;0.0;9.0;0.0;1.0;0.0;1.0;0.0;1.0;0.0;1.0;0.0;1.0;0.0;1.0;0.0;1.0;0.0;1.0;0.0;1.0;0.0;1.0;0.0;1.0;0.0;1.0;0.0;1.0;0.0;1.0;0.0;1.0;0.0;1.0;0.0;1.0;0.0;0.0;0.0;0.0;1.0;0.0
0.7738734;0.0;0.3926194;0.0;0.220052;0.0;0.27524936;0.0;0.13640647;0.0;0.0;0.0;0.15111485;0.0;0.17035276;0.0;0.3522458;0.0;1.0;0.0;0.21543255;0.0;0.16065599;0.0;0.05019284;0.0;0.17029515;0.0;0.16821131;0.0;0.15634812;0.0;0.23333386;0.0;0.40272585;0.0;9.0;0.0;1.0;0.0;1.0;0.0;1.0;0.0;1.0;0.0;1.0;0.0;1.0;0.0;1.0;0.0;1.0;0.0;1.0;0.0;1.0;0.0;1.0;0.0;1.0;0.0;1.0;0.0;1.0;0.0;1.0;0.0;1.0;0.0;1.0;0.0;0.0;0.0;0.0;1.0;0.0
0.7734022;0.0;0.2909494;0.0;0.22636203;0.0;0.26953575;0.0;0.13548401;0.0;0.0;0.0;0.053194802;0.0;0.16526046;0.0;0.347557;0.0;1.0;0.0;0.19464508;0.0;0.16526285;0.0;0.05319634;0.0;0.16914353;0.0;0.16914403;0.0;0.14680223;0.0;0.22635889;0.0;0.3973651;0.0;9.0;0.0;1.0;0.0;1.0;0.0;1.0;0.0;1.0;0.0;1.0;0.0;1.0;0.0;1.0;0.0;1.0;0.0;1.0;0.0;1.0;0.0;1.0;0.0;1.0;0.0;1.0;0.0;1.0;0.0;1.0;0.0;1.0;0.0;1.0;0.0;1.0;0.0;0.0;0.0;0.0
0.76340216;0.0;0.38672566;0.0;0.21330783;0.0;0.26953575;0.0;0.13548401;0.0;0.0;0.0;0.1540677;0.0;0.17831449;0.0;0.3581988;0.0;1.0;0.0;0.19464508;0.0;0.17831706;0.0;0.07319671;0.0;0.0;0.0;0.16914403;0.0;0.12680246;0.0;0.21330488;0.0;0.38672334;0.0;9.0;0.0;1.0;0.0;1.0;0.0;1.0;0.0;1.0;0.0;1.0;0.0;1.0;0.0;1.0;0.0;1.0;0.0;1.0;0.0;1.0;0.0;1.0;0.0;1.0;0.0;1.0;0.0;1.0;0.0;1.0;0.0;1.0;0.0;1.0;0.0;1.0;0.0;0.0;0.0;0.0
0.7534021;0.0;0.37608382;0.0;0.20025364;0.0;0.26953575;0.0;0.13548401;0.0;0.13548441;0.0;0.1540677;0.0;0.19136852;0.0;0.36884058;0.0;1.0;0.0;0.19464508;0.0;0.19137128;0.0;0.09319707;0.0;0.0;0.0;0.16914403;0.0;0.19234416;0.0;0.20025083;0.0;0.48249897;0.0;9.0;0.0;1.0;0.0;1.0;0.0;1.0;0.0;1.0;0.0;1.0;0.0;1.0;0.0;1.0;0.0;1.0;0.0;1.0;0.0;1.0;0.0;1.0;0.0;1.0;0.0;1.0;0.0;1.0;0.0;1.0;0.0;1.0;0.0;1.0;0.0;1.0;0.0;0.0;0.0;0.0
0.7434021;0.0;0.36544198;0.0;0.18719941;0.0;0.26953575;0.0;0.13548401;0.0;0.13548441;0.0;0.1540677;0.0;0.20442255;0.0;0.37948236;0.0;1.0;0.0;0.19464508;0.0;0.20442548;0.0;0.19234228;0.0;0.16914353;0.0;0.0;0.0;0.19234416;0.0;0.1871968;0.0;0.47185722;0.0;9.0;0.0;1.0;0.0;1.0;0.0;1.0;0.0;1.0;0.0;1.0;0.0;1.0;0.0;1.0;0.0;1.0;0.0;1.0;0.0;1.0;0.0;1.0;0.0;1.0;0.0;1.0;0.0;1.0;0.0;1.0;0.0;1.0;0.0;1.0;0.0;1.0;0.0;0.0;0.0;0.0
0.7334021;0.0;0.35480013;0.0;0.17414519;0.0;0.15406623;0.0;0.0;0.0;0.13548441;0.0;0.1540677;0.0;0.0869368;0.0;0.28370672;0.0;1.0;0.0;0.3901266;0.0;0.2174797;0.0;0.19234228;0.0;0.16914353;0.0;0.0;0.0;0.19234416;0.0;0.17414278;0.0;0.4612154;0.0;9.0;0.0;1.0;0.0;1.0;0.0;1.0;0.0;1.0;0.0;1.0;0.0;1.0;0.0;1.0;0.0;1.0;0.0;1.0;0.0;1.0;0.0;1.0;0.0;1.0;0.0;1.0;0.0;1.0;0.0;1.0;0.0;1.0;0.0;1.0;0.0;1.0;0.0;0.0;0.0;0.0
0.723402;0.0;0.34415826;0.0;0.161091;0.0;0.15406623;0.0;0.33856902;0.0;0.13548441;0.0;0.1540677;0.0;0.09999083;0.0;0.29434848;0.0;1.0;0.0;0.40076843;0.0;0.23053391;0.0;0.19234228;0.0;0.16914353;0.0;0.27068684;0.0;0.19234416;0.0;0.16108875;0.0;0.45057362;0.0;9.0;0.0;1.0;0.0;1.0;0.0;1.0;0.0;1.0;0.0;1.0;0.0;1.0;0.0;1.0;0.0;1.0;0.0;1.0;0.0;1.0;0.0;1.0;0.0;1.0;0.0;1.0;0.0;1.0;0.0;1.0;0.0;1.0;0.0;1.0;0.0;1.0;0.0;0.0;0.0;0.0
0.713402;0.0;0.33351642;0.0;0.14803678;0.0;0.15406623;0.0;0.33856902;0.0;0.13548441;0.0;0.0;0.0;0.11304486;0.0;0.30499026;0.0;1.0;0.0;0.41141027;0.0;0.24358813;0.0;0.19234228;0.0;0.16914353;0.0;0.27068684;0.0;0.19234416;0.0;0.14803472;0.0;0.4399318;0.0;9.0;0.0;1.0;0.0;1.0;0.0;1.0;0.0;1.0;0.0;1.0;0.0;1.0;0.0;1.0;0.0;1.0;0.0;1.0;0.0;1.0;0.0;1.0;0.0;1.0;0.0;1.0;0.0;1.0;0.0;1.0;0.0;1.0;0.0;1.0;0.0;1.0;0.0;0.0;0.0;0.0
0.7034019;0.0;0.32287458;0.0;0.13498257;0.0;0.15406623;0.0;0.33856902;0.0;0.13548441;0.0;0.0;0.0;0.12609889;0.0;0.31563205;0.0;1.0;0.0;0.42205215;0.0;0.25664234;0.0;0.0;0.0;0.16914353;0.0;0.27068684;0.0;0.19234416;0.0;0.1349807;0.0;0.42929006;0.0;9.0;0.0;1.0;0.0;1.0;0.0;1.0;0.0;1.0;0.0;1.0;0.0;1.0;0.0;1.0;0.0;1.0;0.0;1.0;0.0;1.0;0.0;1.0;0.0;1.0;0.0;1.0;0.0;1.0;0.0;1.0;0.0;1.0;0.0;1.0;0.0;1.0;0.0;0.0;0.0;0.0
0.69340193;0.0;0.31223273;0.0;0.12192836;0.0;0.15406623;0.0;0.33856902;0.0;0.13548441;0.0;0.0131959915;0.0;0.13915291;0.0;0.32627386;0.0;1.0;0.0;0.43269402;0.0;0.13915491;0.0;0.013196373;0.0;0.16914353;0.0;0.27068684;0.0;0.19234416;0.0;0.25246647;0.0;0.4186483;0.0;9.0;0.0;1.0;0.0;1.0;0.0;1.0;0.0;1.0;0.0;1.0;0.0;1.0;0.0;1.0;0.0;1.0;0.0;1.0;0.0;1.0;0.0;1.0;0.0;1.0;0.0;1.0;0.0;1.0;0.0;1.0;0.0;1.0;0.0;1.0;0.0;1.0;0.0;0.0;0.0;0.0
0.6834019;0.0;0.30159086;0.0;0.10887414;0.0;0.15406623;0.0;0.33856902;0.0;0.13548441;0.0;0.03319578;0.0;0.15220693;0.0;0.33691564;0.0;1.0;0.0;0.44333586;0.0;0.15220913;0.0;0.03319674;0.0;0.16914353;0.0;0.27068684;0.0;0.19234416;0.0;0.23941243;0.0;0.4080065;0.0;9.0;0.0;1.0;0.0;1.0;0.0;1.0;0.0;1.0;0.0;1.0;0.0;1.0;0.0;1.0;0.0;1.0;0.0;1.0;0.0;1.0;0.0;1.0;0.0;1.0;0.0;1.0;0.0;1.0;0.0;1.0;0.0;1.0;0.0;1.0;0.0;1.0;0.0;0.0;0.0;0.0
0.67340183;0.0;0.29094902;0.0;0.095819935;0.0;0.15406623;0.0;0.0;0.0;0.13548441;0.0;0.053195566;0.0;0.16526096;0.0;0.3475574;0.0;1.0;0.0;0.45397767;0.0;0.16526334;0.0;0.053197104;0.0;0.16914353;0.0;0.27068684;0.0;0.19234416;0.0;0.22635838;0.0;0.39736468;0.0;9.0;0.0;1.0;0.0;1.0;0.0;1.0;0.0;1.0;0.0;1.0;0.0;1.0;0.0;1.0;0.0;1.0;0.0;1.0;0.0;1.0;0.0;1.0;0.0;1.0;0.0;1.0;0.0;1.0;0.0;1.0;0.0;1.0;0.0;1.0;0.0;1.0;0.0;0.0;0.0;0.0
0.6634018;0.0;0.38672525;0.0;0.08276573;0.0;0.15406623;0.0;0.0;0.0;0.13548441;0.0;0.1540677;0.0;0.178315;0.0;0.35819918;0.0;1.0;0.0;0.46461955;0.0;0.17831756;0.0;0.07319747;0.0;0.16914353;0.0;0.0;0.0;0.19234416;0.0;0.21330437;0.0;0.38672292;0.0;9.0;0.0;1.0;0.0;1.0;0.0;1.0;0.0;1.0;0.0;1.0;0.0;1.0;0.0;1.0;0.0;1.0;0.0;1.0;0.0;1.0;0.0;1.0;0.0;1.0;0.0;1.0;0.0;1.0;0.0;1.0;0.0;1.0;0.0;1.0;0.0;1.0;0.0;0.0;0.0;0.0
0.65340173;0.0;0.37608343;0.0;0.20025313;0.0;0.15406623;0.0;0.23702653;0.0;0.23702721;0.0;0.1540677;0.0;0.19136903;0.0;0.368841;0.0;1.0;0.0;0.4752614;0.0;0.19137177;0.0;0.09319784;0.0;0.16914353;0.0;0.0;0.0;0.10680191;0.0;0.20025034;0.0;0.48249856;0.0;9.0;0.0;1.0;0.0;1.0;0.0;1.0;0.0;1.0;0.0;1.0;0.0;1.0;0.0;1.0;0.0;1.0;0.0;1.0;0.0;1.0;0.0;1.0;0.0;1.0;0.0;1.0;0.0;1.0;0.0;1.0;0.0;1.0;0.0;1.0;0.0;0.0;0.0;0.0;1.0;0.0
0.6538002;0.0;0.27330345;0.0;0.071859665;0.0;0.15111355;0.0;0.0;0.0;0.13640696;0.0;0.15733375;0.0;0.18603459;0.0;0.36443397;0.0;1.0;0.0;0.3738195;0.0;0.19726886;0.0;0.188656;0.0;0.0;0.0;0.17029576;0.0;0.10077202;0.0;0.19466835;0.0;0.47673354;0.0;9.0;0.0;1.0;0.0;1.0;0.0;1.0;0.0;1.0;0.0;1.0;0.0;1.0;0.0;1.0;0.0;1.0;0.0;1.0;0.0;1.0;0.0;1.0;0.0;1.0;0.0;1.0;0.0;1.0;0.0;1.0;0.0;1.0;0.0;1.0;0.0;0.0;0.0;0.0;1.0;0.0
0.6549977;0.0;0.27738374;0.0;0.074237734;0.0;0.14844936;0.0;0.33526224;0.0;0.13751082;0.0;0.08333027;0.0;0.18120429;0.0;0.46459478;0.0;1.0;0.0;0.3794004;0.0;0.20379713;0.0;0.18532994;0.0;0.26804224;0.0;0.1716739;0.0;0.095496744;0.0;0.18961388;0.0;0.5757022;0.0;1.0;0.0;1.0;0.0;1.0;0.0;1.0;0.0;1.0;0.0;1.0;0.0;1.0;0.0;1.0;0.0;1.0;0.0;1.0;0.0;1.0;0.0;1.0;0.0;1.0;0.0;1.0;0.0;1.0;0.0;1.0;0.0;1.0;0.0;1.0;0.0;0.0;0.0;0.0;1.0;0.0
0.6570014;0.0;0.28193635;0.0;0.07687544;0.0;0.14605235;0.0;0.3342399;0.0;0.13880321;0.0;0.07927682;0.0;0.17682846;0.0;0.4602693;0.0;0.54960954;0.0;0.27436674;0.0;0.21103816;0.0;0.18233743;0.0;0.26722488;0.0;0.17328733;0.0;0.09085149;0.0;0.18503496;0.0;0.2751971;0.0;1.0;0.0;1.0;0.0;1.0;0.0;1.0;0.0;1.0;0.0;1.0;0.0;1.0;0.0;1.0;0.0;1.0;0.0;1.0;0.0;1.0;0.0;1.0;0.0;1.0;0.0;1.0;0.0;1.0;0.0;1.0;0.0;1.0;0.0;1.0;0.0;0.0;0.0;0.0;1.0;0.0
0.6598238;0.0;0.17373893;0.0;0.07980832;0.0;0.14390406;0.0;0.33362907;0.0;0.14029264;0.0;0.075687364;0.0;0.17286463;0.0;0.16077565;0.0;0.5519706;0.0;0.2792909;0.0;0.22414601;0.0;0.1796554;0.0;0.2667365;0.0;0.17514682;0.0;0.08673796;0.0;0.29880443;0.0;0.6679981;0.0;1.0;0.0;1.0;0.0;1.0;0.0;1.0;0.0;1.0;0.0;1.0;0.0;1.0;0.0;1.0;0.0;1.0;0.0;1.0;0.0;1.0;0.0;1.0;0.0;1.0;0.0;1.0;0.0;1.0;0.0;1.0;0.0;1.0;0.0;1.0;0.0;0.0;0.0;0.0;1.0;0.0
0.66348237;0.0;0.17713383;0.0;0.083079085;0.0;0.14198852;0.0;0.3334259;0.0;0.14198926;0.0;0.07249336;0.0;0.16927633;0.0;0.55502963;0.0;0.5550312;0.0;0.28474838;0.0;0.07249464;0.0;0.17726398;0.0;0.26657408;0.0;0.17726496;0.0;0.083077624;0.0;0.29260188;0.0;0.66348064;0.0;1.0;0.0;1.0;0.0;1.0;0.0;1.0;0.0;1.0;0.0;1.0;0.0;1.0;0.0;1.0;0.0;1.0;0.0;1.0;0.0;1.0;0.0;1.0;0.0;1.0;0.0;1.0;0.0;1.0;0.0;1.0;0.0;1.0;0.0;1.0;0.0;0.0;0.0;0.0;1.0;0.0
0.5657659;0.0;0.18088883;0.0;0.0867396;0.0;0.14029199;0.0;0.33362922;0.0;0.1439049;0.0;0.06963943;0.0;0.27928868;0.0;0.5519694;0.0;0.5588104;0.0;0.29078466;0.0;0.075688794;0.0;0.17514595;0.0;0.26673666;0.0;0.17965649;0.0;0.079807006;0.0;0.2869941;0.0;0.65982246;0.0;1.0;0.0;1.0;0.0;1.0;0.0;1.0;0.0;1.0;0.0;1.0;0.0;1.0;0.0;1.0;0.0;1.0;0.0;1.0;0.0;1.0;0.0;1.0;0.0;1.0;0.0;1.0;0.0;1.0;0.0;1.0;0.0;1.0;0.0;1.0;0.0;0.0;0.0;0.0;1.0;0.0
0.46728283;0.0;0.1850368;0.0;0.09085333;0.0;0.13880262;0.0;0.33424026;0.0;0.14605328;0.0;0.06708033;0.0;0.2743647;0.0;0.54960865;0.0;0.5633326;0.0;0.29745263;0.0;0.07927844;0.0;0.17328659;0.0;0.26722518;0.0;0.18233864;0.0;0.22082885;0.0;0.2819343;0.0;0.6570004;0.0;1.0;0.0;1.0;0.0;1.0;0.0;1.0;0.0;1.0;0.0;1.0;0.0;1.0;0.0;1.0;0.0;1.0;0.0;1.0;0.0;1.0;0.0;1.0;0.0;1.0;0.0;1.0;0.0;1.0;0.0;1.0;0.0;1.0;0.0;1.0;0.0;0.0;0.0;0.0;1.0;0.0
0.4716745;0.0;0.1896159;0.0;0.095498845;0.0;0.13751033;0.0;0.33526275;0.0;0.1484504;0.0;0.06477876;0.0;0.26993454;0.0;0.54793274;0.0;0.24152198;0.0;0.1812063;0.0;0.0833321;0.0;0.17167324;0.0;0.26804265;0.0;0.1853313;0.0;0.2132521;0.0;0.38684517;0.0;0.654997;0.0;1.0;0.0;1.0;0.0;1.0;0.0;1.0;0.0;1.0;0.0;1.0;0.0;1.0;0.0;1.0;0.0;1.0;0.0;1.0;0.0;1.0;0.0;1.0;0.0;1.0;0.0;1.0;0.0;1.0;0.0;1.0;0.0;1.0;0.0;9.0;0.0;0.0;0.0;0.0;1.0;0.0
0.37158936;0.0;0.19467059;0.0;0.15733233;0.0;0.23864047;0.0;0.23572013;0.0;0.1511147;0.0;0.19726625;0.0;0.26596403;0.0;1.0;0.0;0.46958223;0.0;0.18603683;0.0;0.08793555;0.0;0.17029521;0.0;0.26919413;0.0;0.18865752;0.0;0.20642117;0.0;0.38115504;0.0;0.6537999;0.0;1.0;0.0;1.0;0.0;1.0;0.0;1.0;0.0;1.0;0.0;1.0;0.0;1.0;0.0;1.0;0.0;1.0;0.0;1.0;0.0;1.0;0.0;1.0;0.0;1.0;0.0;1.0;0.0;1.0;0.0;1.0;0.0;1.0;0.0;9.0;0.0;0.0;0.0;0.0;1.0;0.0
0.37608317;0.0;0.20025282;0.0;0.15406641;0.0;0.23702662;0.0;0.23702714;0.0;0.15406753;0.0;0.1913694;0.0;0.36884123;0.0;1.0;0.0;0.47526106;0.0;0.19137147;0.0;0.09319753;0.0;0.16914359;0.0;0.0;0.0;0.10680226;0.0;0.20025066;0.0;0.48249894;0.0;0.65340173;0.0;1.0;0.0;1.0;0.0;1.0;0.0;1.0;0.0;1.0;0.0;1.0;0.0;1.0;0.0;1.0;0.0;1.0;0.0;1.0;0.0;1.0;0.0;1.0;0.0;1.0;0.0;1.0;0.0;1.0;0.0;1.0;0.0;1.0;0.0;9.0;0.0;0.0;0.0;0.0;1.0;0.0
0.27330327;0.0;0.07185954;0.0;0.15111372;0.0;0.0;0.0;0.1364069;0.0;0.15733355;0.0;0.18603495;0.0;0.36443418;0.0;1.0;0.0;0.3738192;0.0;0.19726852;0.0;0.1886562;0.0;0.0;0.0;0.17029569;0.0;0.10077232;0.0;0.19466865;0.0;0.47673383;0.0;0.6538002;0.0;1.0;0.0;1.0;0.0;1.0;0.0;1.0;0.0;1.0;0.0;1.0;0.0;1.0;0.0;1.0;0.0;1.0;0.0;1.0;0.0;1.0;0.0;1.0;0.0;1.0;0.0;1.0;0.0;1.0;0.0;1.0;0.0;1.0;0.0;9.0;0.0;0.0;0.0;0.0;1.0;0.0
0.2773835;0.0;0.07423759;0.0;0.14844951;0.0;0.3352623;0.0;0.13751076;0.0;0.083330505;0.0;0.18120462;0.0;0.46459508;0.0;1.0;0.0;0.37940007;0.0;0.20379674;0.0;0.18533012;0.0;0.2680423;0.0;0.17167379;0.0;0.09549702;0.0;0.18961413;0.0;0.57570255;0.0;0.6549976;0.0;1.0;0.0;1.0;0.0;1.0;0.0;1.0;0.0;1.0;0.0;1.0;0.0;1.0;0.0;1.0;0.0;1.0;0.0;1.0;0.0;1.0;0.0;1.0;0.0;1.0;0.0;1.0;0.0;1.0;0.0;1.0;0.0;1.0;0.0;1.0;0.0;0.0;0.0;0.0;1.0;0.0
0.28193608;0.0;0.07687529;0.0;0.14605248;0.0;0.33423996;0.0;0.13880312;0.0;0.07927703;0.0;0.17682876;0.0;0.46026954;0.0;0.5496094;0.0;0.27436647;0.0;0.21103776;0.0;0.18233758;0.0;0.26722494;0.0;0.17328723;0.0;0.09085173;0.0;0.1850352;0.0;0.275195;0.0;0.6570013;0.0;1.0;0.0;1.0;0.0;1.0;0.0;1.0;0.0;1.0;0.0;1.0;0.0;1.0;0.0;1.0;0.0;1.0;0.0;1.0;0.0;1.0;0.0;1.0;0.0;1.0;0.0;1.0;0.0;1.0;0.0;1.0;0.0;1.0;0.0;1.0;0.0;0.0;0.0;0.0;1.0;0.0
0.17373875;0.0;0.07980815;0.0;0.14390416;0.0;0.33362907;0.0;0.14029256;0.0;0.07568755;0.0;0.17286488;0.0;0.16077422;0.0;0.5519704;0.0;0.27929065;0.0;0.2241464;0.0;0.17965554;0.0;0.26673654;0.0;0.17514668;0.0;0.08673817;0.0;0.2988048;0.0;0.6679983;0.0;0.65982366;0.0;1.0;0.0;1.0;0.0;1.0;0.0;1.0;0.0;1.0;0.0;1.0;0.0;1.0;0.0;1.0;0.0;1.0;0.0;1.0;0.0;1.0;0.0;1.0;0.0;1.0;0.0;1.0;0.0;1.0;0.0;1.0;0.0;1.0;0.0;1.0;0.0;0.0;0.0;0.0;1.0;0.0
0.17713363;0.0;0.0830789;0.0;0.1419886;0.0;0.3334259;0.0;0.14198916;0.0;0.07249353;0.0;0.16927655;0.0;0.5550298;0.0;0.55503094;0.0;0.28474805;0.0;0.07249448;0.0;0.17726411;0.0;0.26657408;0.0;0.17726478;0.0;0.08307782;0.0;0.29260218;0.0;0.6634809;0.0;0.6634822;0.0;1.0;0.0;1.0;0.0;1.0;0.0;1.0;0.0;1.0;0.0;1.0;0.0;1.0;0.0;1.0;0.0;1.0;0.0;1.0;0.0;1.0;0.0;1.0;0.0;1.0;0.0;1.0;0.0;1.0;0.0;1.0;0.0;1.0;0.0;1.0;0.0;0.0;0.0;0.0;1.0;0.0
0.18088862;0.0;0.08673939;0.0;0.14029208;0.0;0.3336292;0.0;0.14390478;0.0;0.06963958;0.0;0.27928904;0.0;0.5519696;0.0;0.55881023;0.0;0.2907843;0.0;0.075688615;0.0;0.17514607;0.0;0.26673663;0.0;0.17965631;0.0;0.07980718;0.0;0.2869944;0.0;0.6598226;0.0;0.56576574;0.0;1.0;0.0;1.0;0.0;1.0;0.0;1.0;0.0;1.0;0.0;1.0;0.0;1.0;0.0;1.0;0.0;1.0;0.0;1.0;0.0;1.0;0.0;1.0;0.0;1.0;0.0;1.0;0.0;1.0;0.0;1.0;0.0;1.0;0.0;1.0;0.0;0.0;0.0;0.0;1.0;0.0
0.18503655;0.0;0.090853095;0.0;0.1388027;0.0;0.3342402;0.0;0.14605317;0.0;0.06708045;0.0;0.274365;0.0;0.54960877;0.0;0.5633323;0.0;0.29745227;0.0;0.07927823;0.0;0.17328668;0.0;0.26722512;0.0;0.18233845;0.0;0.22082928;0.0;0.28193456;0.0;0.6570005;0.0;0.46728262;0.0;1.0;0.0;1.0;0.0;1.0;0.0;1.0;0.0;1.0;0.0;1.0;0.0;1.0;0.0;1.0;0.0;1.0;0.0;1.0;0.0;1.0;0.0;1.0;0.0;1.0;0.0;1.0;0.0;1.0;0.0;1.0;0.0;1.0;0.0;1.0;0.0;0.0;0.0;0.0;1.0;0.0
0.18961564;0.0;0.09549857;0.0;0.1375104;0.0;0.33526266;0.0;0.14845027;0.0;0.06477888;0.0;0.26993483;0.0;0.54793274;0.0;0.24152355;0.0;0.18120606;0.0;0.08333187;0.0;0.17167333;0.0;0.26804262;0.0;0.18533109;0.0;0.21325247;0.0;0.38684553;0.0;0.65499705;0.0;0.47167426;0.0;1.0;0.0;1.0;0.0;1.0;0.0;1.0;0.0;1.0;0.0;1.0;0.0;1.0;0.0;1.0;0.0;1.0;0.0;1.0;0.0;1.0;0.0;1.0;0.0;1.0;0.0;1.0;0.0;1.0;0.0;1.0;0.0;9.0;0.0;1.0;0.0;0.0;0.0;0.0;1.0;0.0
0.1946703;0.0;0.15733251;0.0;0.23864055;0.0;0.23572007;0.0;0.15111455;0.0;0.19726658;0.0;0.2659643;0.0;1.0;0.0;0.46958193;0.0;0.18603654;0.0;0.087935284;0.0;0.17029528;0.0;0.26919404;0.0;0.18865728;0.0;0.2064215;0.0;0.3811553;0.0;0.6537999;0.0;0.37158915;0.0;1.0;0.0;1.0;0.0;1.0;0.0;1.0;0.0;1.0;0.0;1.0;0.0;1.0;0.0;1.0;0.0;1.0;0.0;1.0;0.0;1.0;0.0;1.0;0.0;1.0;0.0;1.0;0.0;1.0;0.0;1.0;0.0;9.0;0.0;1.0;0.0;0.0;0.0;0.0;1.0;0.0
0.20025249;0.0;0.15406659;0.0;0.23702672;0.0;0.23702705;0.0;0.15406737;0.0;0.1913697;0.0;0.36884156;0.0;1.0;0.0;0.47526073;0.0;0.19137117;0.0;0.09319722;0.0;0.16914365;0.0;0.0;0.0;0.10680272;0.0;0.20025098;0.0;0.48249927;0.0;0.65340173;0.0;0.37608293;0.0;1.0;0.0;1.0;0.0;1.0;0.0;1.0;0.0;1.0;0.0;1.0;0.0;1.0;0.0;1.0;0.0;1.0;0.0;1.0;0.0;1.0;0.0;1.0;0.0;1.0;0.0;1.0;0.0;1.0;0.0;1.0;0.0;9.0;0.0;1.0;0.0;0.0;0.0;0.0;1.0;0.0
0.07185942;0.0;0.15111385;0.0;0.0;0.0;0.13640682;0.0;0.15733336;0.0;0.18603523;0.0;0.36443448;0.0;1.0;0.0;0.37381893;0.0;0.19726814;0.0;0.18865639;0.0;0.0;0.0;0.17029561;0.0;0.100772716;0.0;0.19466892;0.0;0.4767341;0.0;0.65380013;0.0;0.2733031;0.0;1.0;0.0;1.0;0.0;1.0;0.0;1.0;0.0;1.0;0.0;1.0;0.0;1.0;0.0;1.0;0.0;1.0;0.0;1.0;0.0;1.0;0.0;1.0;0.0;1.0;0.0;1.0;0.0;1.0;0.0;1.0;0.0;9.0;0.0;1.0;0.0;0.0;0.0;0.0;1.0;0.0
0.07423745;0.0;0.14844964;0.0;0.33526236;0.0;0.13751069;0.0;0.08333074;0.0;0.18120486;0.0;0.46459538;0.0;1.0;0.0;0.37939975;0.0;0.20379631;0.0;0.1853303;0.0;0.26804236;0.0;0.1716737;0.0;0.095497355;0.0;0.18961439;0.0;0.5757028;0.0;0.65499747;0.0;0.27738327;0.0;1.0;0.0;1.0;0.0;1.0;0.0;1.0;0.0;1.0;0.0;1.0;0.0;1.0;0.0;1.0;0.0;1.0;0.0;1.0;0.0;1.0;0.0;1.0;0.0;1.0;0.0;1.0;0.0;1.0;0.0;1.0;0.0;1.0;0.0;1.0;0.0;0.0;0.0;0.0;1.0;0.0
0.076875135;0.0;0.1460526;0.0;0.33424002;0.0;0.13880304;0.0;0.07927724;0.0;0.17682898;0.0;0.46026984;0.0;0.5496093;0.0;0.27436623;0.0;0.21103728;0.0;0.18233773;0.0;0.26722497;0.0;0.17328712;0.0;0.09085203;0.0;0.18503544;0.0;0.2751929;0.0;0.65700114;0.0;0.28193584;0.0;1.0;0.0;1.0;0.0;1.0;0.0;1.0;0.0;1.0;0.0;1.0;0.0;1.0;0.0;1.0;0.0;1.0;0.0;1.0;0.0;1.0;0.0;1.0;0.0;1.0;0.0;1.0;0.0;1.0;0.0;1.0;0.0;1.0;0.0;1.0;0.0;0.0;0.0;0.0;1.0;0.0
0.07980798;0.0;0.14390428;0.0;0.3336291;0.0;0.14029244;0.0;0.075687736;0.0;0.1728651;0.0;0.16077241;0.0;0.5519703;0.0;0.27929038;0.0;0.22414681;0.0;0.17965569;0.0;0.26673657;0.0;0.17514658;0.0;0.08673844;0.0;0.29880515;0.0;0.6679986;0.0;0.6598235;0.0;0.17373857;0.0;1.0;0.0;1.0;0.0;1.0;0.0;1.0;0.0;1.0;0.0;1.0;0.0;1.0;0.0;1.0;0.0;1.0;0.0;1.0;0.0;1.0;0.0;1.0;0.0;1.0;0.0;1.0;0.0;1.0;0.0;1.0;0.0;1.0;0.0;1.0;0.0;0.0;0.0;0.0;1.0;0.0
0.08307871;0.0;0.14198871;0.0;0.3334259;0.0;0.14198904;0.0;0.07249369;0.0;0.16927674;0.0;0.55503005;0.0;0.55503076;0.0;0.28474775;0.0;0.07249429;0.0;0.17726423;0.0;0.26657408;0.0;0.17726468;0.0;0.08307805;0.0;0.2926025;0.0;0.6634811;0.0;0.66348195;0.0;0.17713346;0.0;1.0;0.0;1.0;0.0;1.0;0.0;1.0;0.0;1.0;0.0;1.0;0.0;1.0;0.0;1.0;0.0;1.0;0.0;1.0;0.0;1.0;0.0;1.0;0.0;1.0;0.0;1.0;0.0;1.0;0.0;1.0;0.0;1.0;0.0;1.0;0.0;0.0;0.0;0.0;1.0;0.0
0.08673917;0.0;0.14029215;0.0;0.3336292;0.0;0.14390464;0.0;0.06963973;0.0;0.2792893;0.0;0.5519697;0.0;0.55881;0.0;0.29078394;0.0;0.07568841;0.0;0.17514618;0.0;0.2667366;0.0;0.17965618;0.0;0.07980739;0.0;0.2869947;0.0;0.6598228;0.0;0.5657655;0.0;0.18088843;0.0;1.0;0.0;1.0;0.0;1.0;0.0;1.0;0.0;1.0;0.0;1.0;0.0;1.0;0.0;1.0;0.0;1.0;0.0;1.0;0.0;1.0;0.0;1.0;0.0;1.0;0.0;1.0;0.0;1.0;0.0;1.0;0.0;1.0;0.0;1.0;0.0;0.0;0.0;0.0;1.0;0.0
0.09085286;0.0;0.13880278;0.0;0.33424017;0.0;0.14605302;0.0;0.067080595;0.0;0.27436528;0.0;0.5496089;0.0;0.5633321;0.0;0.2974519;0.0;0.079278;0.0;0.17328678;0.0;0.2672251;0.0;0.1823383;0.0;0.22082981;0.0;0.2819348;0.0;0.65700066;0.0;0.46728238;0.0;0.18503633;0.0;1.0;0.0;1.0;0.0;1.0;0.0;1.0;0.0;1.0;0.0;1.0;0.0;1.0;0.0;1.0;0.0;1.0;0.0;1.0;0.0;1.0;0.0;1.0;0.0;1.0;0.0;1.0;0.0;1.0;0.0;1.0;0.0;1.0;0.0;1.0;0.0;0.0;0.0;0.0;1.0;0.0
0.09549831;0.0;0.13751046;0.0;0.3352626;0.0;0.1484501;0.0;0.064779;0.0;0.26993504;0.0;0.54793286;0.0;0.24152517;0.0;0.18120581;0.0;0.0833316;0.0;0.1716734;0.0;0.26804253;0.0;0.18533091;0.0;0.21325298;0.0;0.38684586;0.0;0.65499717;0.0;0.47167403;0.0;0.1896154;0.0;1.0;0.0;1.0;0.0;1.0;0.0;1.0;0.0;1.0;0.0;1.0;0.0;1.0;0.0;1.0;0.0;1.0;0.0;1.0;0.0;1.0;0.0;1.0;0.0;1.0;0.0;1.0;0.0;1.0;0.0;9.0;0.0;1.0;0.0;1.0;0.0;0.0;0.0;0.0;1.0;0.0
0.1573327;0.0;0.23864067;0.0;0.23572;0.0;0.15111437;0.0;0.1972669;0.0;0.2659645;0.0;1.0;0.0;0.46958166;0.0;0.18603626;0.0;0.08793498;0.0;0.17029536;0.0;0.26919398;0.0;0.18865709;0.0;0.20642194;0.0;0.38115564;0.0;0.65379995;0.0;0.37158895;0.0;0.19467005;0.0;1.0;0.0;1.0;0.0;1.0;0.0;1.0;0.0;1.0;0.0;1.0;0.0;1.0;0.0;1.0;0.0;1.0;0.0;1.0;0.0;1.0;0.0;1.0;0.0;1.0;0.0;1.0;0.0;1.0;0.0;9.0;0.0;1.0;0.0;1.0;0.0;0.0;0.0;0.0;1.0;0.0
0.15406676;0.0;0.23702678;0.0;0.23702697;0.0;0.15406714;0.0;0.19137001;0.0;0.36884183;0.0;1.0;0.0;0.4752604;0.0;0.19137084;0.0;0.09319688;0.0;0.16914369;0.0;0.0;0.0;0.106803074;0.0;0.20025137;0.0;0.4824996;0.0;0.65340173;0.0;0.37608266;0.0;0.2002522;0.0;1.0;0.0;1.0;0.0;1.0;0.0;1.0;0.0;1.0;0.0;1.0;0.0;1.0;0.0;1.0;0.0;1.0;0.0;1.0;0.0;1.0;0.0;1.0;0.0;1.0;0.0;1.0;0.0;1.0;0.0;9.0;0.0;1.0;0.0;1.0;0.0;0.0;0.0;0.0;1.0;0.0
0.15111402;0.0;0.0;0.0;0.13640676;0.0;0.15733314;0.0;0.1860355;0.0;0.3644347;0.0;1.0;0.0;0.37381864;0.0;0.1972678;0.0;0.1886566;0.0;0.0;0.0;0.17029554;0.0;0.100773014;0.0;0.19466929;0.0;0.4767344;0.0;0.65380013;0.0;0.27330285;0.0;0.0718593;0.0;1.0;0.0;1.0;0.0;1.0;0.0;1.0;0.0;1.0;0.0;1.0;0.0;1.0;0.0;1.0;0.0;1.0;0.0;1.0;0.0;1.0;0.0;1.0;0.0;1.0;0.0;1.0;0.0;1.0;0.0;9.0;0.0;1.0;0.0;1.0;0.0;0.0;0.0;0.0;1.0;0.0
0.14844978;0.0;0.33526245;0.0;0.13751061;0.0;0.08333103;0.0;0.18120512;0.0;0.46459562;0.0;1.0;0.0;0.37939942;0.0;0.20379595;0.0;0.18533048;0.0;0.2680424;0.0;0.17167363;0.0;0.09549763;0.0;0.18961474;0.0;0.57570314;0.0;0.6549974;0.0;0.27738303;0.0;0.07423733;0.0;1.0;0.0;1.0;0.0;1.0;0.0;1.0;0.0;1.0;0.0;1.0;0.0;1.0;0.0;1.0;0.0;1.0;0.0;1.0;0.0;1.0;0.0;1.0;0.0;1.0;0.0;1.0;0.0;1.0;0.0;1.0;0.0;1.0;0.0;1.0;0.0;0.0;0.0;1.0;0.0;0.0
0.15111402;0.0;0.0;0.0;0.13640676;0.0;0.15733314;0.0;0.1860355;0.0;0.3644347;0.0;1.0;0.0;0.37381864;0.0;0.1972678;0.0;0.1886566;0.0;0.0;0.0;0.17029554;0.0;0.100773014;0.0;0.19466929;0.0;0.4767344;0.0;0.65380013;0.0;0.27330285;0.0;0.0718593;0.0;1.0;0.0;1.0;0.0;1.0;0.0;1.0;0.0;1.0;0.0;1.0;0.0;1.0;0.0;1.0;0.0;1.0;0.0;1.0;0.0;1.0;0.0;1.0;0.0;1.0;0.0;1.0;0.0;1.0;0.0;9.0;0.0;1.0;0.0;1.0;0.0;0.0;0.0;1.0;0.0;0.0
0.15406676;0.0;0.23702678;0.0;0.23702697;0.0;0.15406714;0.0;0.19137001;0.0;0.36884183;0.0;1.0;0.0;0.4752604;0.0;0.19137084;0.0;0.09319688;0.0;0.16914369;0.0;0.0;0.0;0.106803074;0.0;0.20025137;0.0;0.4824996;0.0;0.65340173;0.0;0.37608266;0.0;0.2002522;0.0;1.0;0.0;1.0;0.0;1.0;0.0;1.0;0.0;1.0;0.0;1.0;0.0;1.0;0.0;1.0;0.0;1.0;0.0;1.0;0.0;1.0;0.0;1.0;0.0;1.0;0.0;1.0;0.0;1.0;0.0;9.0;0.0;1.0;0.0;1.0;0.0;0.0;0.0;1.0;0.0;0.0
0.1573327;0.0;0.23864067;0.0;0.23572;0.0;0.15111437;0.0;0.1972669;0.0;0.2659645;0.0;1.0;0.0;0.46958166;0.0;0.18603626;0.0;0.08793498;0.0;0.17029536;0.0;0.26919398;0.0;0.18865709;0.0;0.20642194;0.0;0.38115564;0.0;0.65379995;0.0;0.37158895;0.0;0.19467005;0.0;1.0;0.0;1.0;0.0;1.0;0.0;1.0;0.0;1.0;0.0;1.0;0.0;1.0;0.0;1.0;0.0;1.0;0.0;1.0;0.0;1.0;0.0;1.0;0.0;1.0;0.0;1.0;0.0;1.0;0.0;9.0;0.0;1.0;0.0;1.0;0.0;0.0;0.0;1.0;0.0;0.0
0.09549831;0.0;0.13751046;0.0;0.3352626;0.0;0.1484501;0.0;0.064779;0.0;0.26993504;0.0;0.54793286;0.0;0.24152517;0.0;0.18120581;0.0;0.0833316;0.0;0.1716734;0.0;0.26804253;0.0;0.18533091;0.0;0.21325298;0.0;0.38684586;0.0;0.65499717;0.0;0.47167403;0.0;0.1896154;0.0;1.0;0.0;1.0;0.0;1.0;0.0;1.0;0.0;1.0;0.0;1.0;0.0;1.0;0.0;1.0;0.0;1.0;0.0;1.0;0.0;1.0;0.0;1.0;0.0;1.0;0.0;1.0;0.0;1.0;0.0;9.0;0.0;1.0;0.0;1.0;0.0;0.0;0.0;1.0;0.0;0.0
0.09085286;0.0;0.13880278;0.0;0.33424017;0.0;0.14605302;0.0;0.067080595;0.0;0.27436528;0.0;0.5496089;0.0;0.5633321;0.0;0.2974519;0.0;0.079278;0.0;0.17328678;0.0;0.2672251;0.0;0.1823383;0.0;0.22082981;0.0;0.2819348;0.0;0.65700066;0.0;0.46728238;0.0;0.18503633;0.0;1.0;0.0;1.0;0.0;1.0;0.0;1.0;0.0;1.0;0.0;1.0;0.0;1.0;0.0;1.0;0.0;1.0;0.0;1.0;0.0;1.0;0.0;1.0;0.0;1.0;0.0;1.0;0.0;1.0;0.0;1.0;0.0;1.0;0.0;1.0;0.0;0.0;0.0;1.0;0.0;0.0
0.08673917;0.0;0.14029215;0.0;0.3336292;0.0;0.14390464;0.0;0.06963973;0.0;0.2792893;0.0;0.5519697;0.0;0.55881;0.0;0.29078394;0.0;0.07568841;0.0;0.17514618;0.0;0.2667366;0.0;0.17965618;0.0;0.07980739;0.0;0.2869947;0.0;0.6598228;0.0;0.5657655;0.0;0.18088843;0.0;1.0;0.0;1.0;0.0;1.0;0.0;1.0;0.0;1.0;0.0;1.0;0.0;1.0;0.0;1.0;0.0;1.0;0.0;1.0;0.0;1.0;0.0;1.0;0.0;1.0;0.0;1.0;0.0;1.0;0.0;1.0;0.0;1.0;0.0;1.0;0.0;0.0;0.0;1.0;0.0;0.0
0.08307871;0.0;0.14198871;0.0;0.3334259;0.0;0.14198904;0.0;0.07249369;0.0;0.16927674;0.0;0.55503005;0.0;0.55503076;0.0;0.28474775;0.0;0.07249429;0.0;0.17726423;0.0;0.26657408;0.0;0.17726468;0.0;0.08307805;0.0;0.2926025;0.0;0.6634811;0.0;0.66348195;0.0;0.17713346;0.0;1.0;0.0;1.0;0.0;1.0;0.0;1.0;0.0;1.0;0.0;1.0;0.0;1.0;0.0;1.0;0.0;1.0;0.0;1.0;0.0;1.0;0.0;1.0;0.0;1.0;0.0;1.0;0.0;1.0;0.0;1.0;0.0;1.0;0.0;1.0;0.0;0.0;0.0;1.0;0.0;0.0
0.07980798;0.0;0.14390428;0.0;0.3336291;0.0;0.14029244;0.0;0.075687736;0.0;0.1728651;0.0;0.16077241;0.0;0.5519703;0.0;0.27929038;0.0;0.22414681;0.0;0.17965569;0.0;0.26673657;0.0;0.17514658;0.0;0.08673844;0.0;0.29880515;0.0;0.6679986;0.0;0.6598235;0.0;0.17373857;0.0;1.0;0.0;1.0;0.0;1.0;0.0;1.0;0.0;1.0;0.0;1.0;0.0;1.0;0.0;1.0;0.0;1.0;0.0;1.0;0.0;1.0;0.0;1.0;0.0;1.0;0.0;1.0;0.0;1.0;0.0;1.0;0.0;1.0;0.0;1.0;0.0;0.0;0.0;1.0;0.0;0.0
0.076875135;0.0;0.1460526;0.0;0.33424002;0.0;0.13880304;0.0;0.07927724;0.0;0.17682898;0.0;0.46026984;0.0;0.5496093;0.0;0.27436623;0.0;0.21103728;0.0;0.18233773;0.0;0.26722497;0.0;0.17328712;0.0;0.09085203;0.0;0.18503544;0.0;0.2751929;0.0;0.65700114;0.0;0.28193584;0.0;1.0;0.0;1.0;0.0;1.0;0.0;1.0;0.0;1.0;0.0;1.0;0.0;1.0;0.0;1.0;0.0;1.0;0.0;1.0;0.0;1.0;0.0;1.0;0.0;1.0;0.0;1.0;0.0;1.0;0.0;1.0;0.0;1.0;0.0;1.0;0.0;0.0;0.0;1.0;0.0;0.0
0.07423745;0.0;0.14844964;0.0;0.33526236;0.0;0.13751069;0.0;0.08333074;0.0;0.18120486;0.0;0.46459538;0.0;1.0;0.0;0.37939975;0.0;0.20379631;0.0;0.1853303;0.0;0.26804236;0.0;0.1716737;0.0;0.095497355;0.0;0.18961439;0.0;0.5757028;0.0;0.65499747;0.0;0.27738327;0.0;1.0;0.0;1.0;0.0;1.0;0.0;1.0;0.0;1.0;0.0;1.0;0.0;1.0;0.0;1.0;0.0;1.0;0.0;1.0;0.0;1.0;0.0;1.0;0.0;1.0;0.0;1.0;0.0;1.0;0.0;1.0;0.0;1.0;0.0;1.0;0.0;0.0;0.0;1.0;0.0;0.0
0.07185942;0.0;0.15111385;0.0;0.0;0.0;0.13640682;0.0;0.15733336;0.0;0.18603523;0.0;0.36443448;0.0;1.0;0.0;0.37381893;0.0;0.19726814;0.0;0.18865639;0.0;0.0;0.0;0.17029561;0.0;0.100772716;0.0;0.19466892;0.0;0.4767341;0.0;0.65380013;0.0;0.2733031;0.0;1.0;0.0;1.0;0.0;1.0;0.0;1.0;0.0;1.0;0.0;1.0;0.0;1.0;0.0;1.0;0.0;1.0;0.0;1.0;0.0;1.0;0.0;1.0;0.0;1.0;0.0;1.0;0.0;1.0;0.0;1.0;0.0;9.0;0.0;1.0;0.0;0.0;0.0;1.0;0.0;0.0
0.20025249;0.0;0.15406659;0.0;0.23702672;0.0;0.23702705;0.0;0.15406737;0.0;0.1913697;0.0;0.36884156;0.0;1.0;0.0;0.47526073;0.0;0.19137117;0.0;0.09319722;0.0;0.16914365;0.0;0.0;0.0;0.10680272;0.0;0.20025098;0.0;0.48249927;0.0;0.65340173;0.0;0.37608293;0.0;1.0;0.0;1.0;0.0;1.0;0.0;1.0;0.0;1.0;0.0;1.0;0.0;1.0;0.0;1.0;0.0;1.0;0.0;1.0;0.0;1.0;0.0;1.0;0.0;1.0;0.0;1.0;0.0;1.0;0.0;1.0;0.0;9.0;0.0;1.0;0.0;0.0;0.0;1.0;0.0;0.0
0.1946703;0.0;0.15733251;0.0;0.23864055;0.0;0.23572007;0.0;0.15111455;0.0;0.19726658;0.0;0.2659643;0.0;1.0;0.0;0.46958193;0.0;0.18603654;0.0;0.087935284;0.0;0.17029528;0.0;0.26919404;0.0;0.18865728;0.0;0.2064215;0.0;0.3811553;0.0;0.6537999;0.0;0.37158915;0.0;1.0;0.0;1.0;0.0;1.0;0.0;1.0;0.0;1.0;0.0;1.0;0.0;1.0;0.0;1.0;0.0;1.0;0.0;1.0;0.0;1.0;0.0;1.0;0.0;1.0;0.0;1.0;0.0;1.0;0.0;1.0;0.0;9.0;0.0;1.0;0.0;0.0;0.0;1.0;0.0;0.0
0.18961564;0.0;0.09549857;0.0;0.1375104;0.0;0.33526266;0.0;0.14845027;0.0;0.06477888;0.0;0.26993483;0.0;0.54793274;0.0;0.24152355;0.0;0.18120606;0.0;0.08333187;0.0;0.17167333;0.0;0.26804262;0.0;0.18533109;0.0;0.21325247;0.0;0.38684553;0.0;0.65499705;0.0;0.47167426;0.0;1.0;0.0;1.0;0.0;1.0;0.0;1.0;0.0;1.0;0.0;1.0;0.0;1.0;0.0;1.0;0.0;1.0;0.0;1.0;0.0;1.0;0.0;1.0;0.0;1.0;0.0;1.0;0.0;1.0;0.0;1.0;0.0;9.0;0.0;1.0;0.0;0.0;0.0;1.0;0.0;0.0
0.18503655;0.0;0.090853095;0.0;0.1388027;0.0;0.3342402;0.0;0.14605317;0.0;0.06708045;0.0;0.274365;0.0;0.54960877;0.0;0.5633323;0.0;0.29745227;0.0;0.07927823;0.0;0.17328668;0.0;0.26722512;0.0;0.18233845;0.0;0.22082928;0.0;0.28193456;0.0;0.6570005;0.0;0.46728262;0.0;1.0;0.0;1.0;0.0;1.0;0.0;1.0;0.0;1.0;0.0;1.0;0.0;1.0;0.0;1.0;0.0;1.0;0.0;1.0;0.0;1.0;0.0;1.0;0.0;1.0;0.0;1.0;0.0;1.0;0.0;1.0;0.0;1.0;0.0;1.0;0.0;0.0;0.0;1.0;0.0;0.0
0.18088862;0.0;0.08673939;0.0;0.14029208;0.0;0.3336292;0.0;0.14390478;0.0;0.06963958;0.0;0.27928904;0.0;0.5519696;0.0;0.55881023;0.0;0.2907843;0.0;0.075688615;0.0;0.17514607;0.0;0.26673663;0.0;0.17965631;0.0;0.07980718;0.0;0.2869944;0.0;0.6598226;0.0;0.56576574;0.0;1.0;0.0;1.0;0.0;1.0;0.0;1.0;0.0;1.0;0.0;1.0;0.0;1.0;0.0;1.0;0.0;1.0;0.0;1.0;0.0;1.0;0.0;1.0;0.0;1.0;0.0;1.0;0.0;1.0;0.0;1.0;0.0;1.0;0.0;1.0;0.0;0.0;0.0;1.0;0.0;0.0
0.17713363;0.0;0.0830789;0.0;0.1419886;0.0;0.3334259;0.0;0.14198916;0.0;0.07249353;0.0;0.16927655;0.0;0.5550298;0.0;0.55503094;0.0;0.28474805;0.0;0.07249448;0.0;0.17726411;0.0;0.26657408;0.0;0.17726478;0.0;0.08307782;0.0;0.29260218;0.0;0.6634809;0.0;0.6634822;0.0;1.0;0.0;1.0;0.0;1.0;0.0;1.0;0.0;1.0;0.0;1.0;0.0;1.0;0.0;1.0;0.0;1.0;0.0;1.0;0.0;1.0;0.0;1.0;0.0;1.0;0.0;1.0;0.0;1.0;0.0;1.0;0.0;1.0;0.0;1.0;0.0;0.0;0.0;1.0;0.0;0.0
0.17373875;0.0;0.07980815;0.0;0.14390416;0.0;0.33362907;0.0;0.14029256;0.0;0.07568755;0.0;0.17286488;0.0;0.16077422;0.0;0.5519704;0.0;0.27929065;0.0;0.2241464;0.0;0.17965554;0.0;0.26673654;0.0;0.17514668;0.0;0.08673817;0.0;0.2988048;0.0;0.6679983;0.0;0.65982366;0.0;1.0;0.0;1.0;0.0;1.0;0.0;1.0;0.0;1.0;0.0;1.0;0.0;1.0;0.0;1.0;0.0;1.0;0.0;1.0;0.0;1.0;0.0;1.0;0.0;1.0;0.0;1.0;0.0;1.0;0.0;1.0;0.0;1.0;0.0;1.0;0.0;0.0;0.0;1.0;0.0;0.0
0.28193608;0.0;0.07687529;0.0;0.14605248;0.0;0.33423996;0.0;0.13880312;0.0;0.07927703;0.0;0.17682876;0.0;0.46026954;0.0;0.5496094;0.0;0.27436647;0.0;0.21103776;0.0;0.18233758;0.0;0.26722494;0.0;0.17328723;0.0;0.09085173;0.0;0.1850352;0.0;0.275195;0.0;0.6570013;0.0;1.0;0.0;1.0;0.0;1.0;0.0;1.0;0.0;1.0;0.0;1.0;0.0;1.0;0.0;1.0;0.0;1.0;0.0;1.0;0.0;1.0;0.0;1.0;0.0;1.0;0.0;1.0;0.0;1.0;0.0;1.0;0.0;1.0;0.0;1.0;0.0;0.0;0.0;1.0;0.0;0.0
0.2773835;0.0;0.07423759;0.0;0.14844951;0.0;0.3352623;0.0;0.13751076;0.0;0.083330505;0.0;0.18120462;0.0;0.46459508;0.0;1.0;0.0;0.37940007;0.0;0.20379674;0.0;0.18533012;0.0;0.2680423;0.0;0.17167379;0.0;0.09549702;0.0;0.18961413;0.0;0.57570255;0.0;0.6549976;0.0;1.0;0.0;1.0;0.0;1.0;0.0;1.0;0.0;1.0;0.0;1.0;0.0;1.0;0.0;1.0;0.0;1.0;0.0;1.0;0.0;1.0;0.0;1.0;0.0;1.0;0.0;1.0;0.0;1.0;0.0;1.0;0.0;1.0;0.0;1.0;0.0;0.0;0.0;1.0;0.0;0.0
0.27330327;0.0;0.07185954;0.0;0.15111372;0.0;0.0;0.0;0.1364069;0.0;0.15733355;0.0;0.18603495;0.0;0.36443418;0.0;1.0;0.0;0.3738192;0.0;0.19726852;0.0;0.1886562;0.0;0.0;0.0;0.17029569;0.0;0.10077232;0.0;0.19466865;0.0;0.47673383;0.0;0.6538002;0.0;1.0;0.0;1.0;0.0;1.0;0.0;1.0;0.0;1.0;0.0;1.0;0.0;1.0;0.0;1.0;0.0;1.0;0.0;1.0;0.0;1.0;0.0;1.0;0.0;1.0;0.0;1.0;0.0;1.0;0.0;1.0;0.0;1.0;0.0;9.0;0.0;0.0;0.0;1.0;0.0;0.0
0.37608317;0.0;0.20025282;0.0;0.15406641;0.0;0.23702662;0.0;0.23702714;0.0;0.15406753;0.0;0.1913694;0.0;0.36884123;0.0;1.0;0.0;0.47526106;0.0;0.19137147;0.0;0.09319753;0.0;0.16914359;0.0;0.0;0.0;0.10680226;0.0;0.20025066;0.0;0.48249894;0.0;0.65340173;0.0;1.0;0.0;1.0;0.0;1.0;0.0;1.0;0.0;1.0;0.0;1.0;0.0;1.0;0.0;1.0;0.0;1.0;0.0;1.0;0.0;1.0;0.0;1.0;0.0;1.0;0.0;1.0;0.0;1.0;0.0;1.0;0.0;1.0;0.0;9.0;0.0;0.0;0.0;1.0;0.0;0.0
0.37158936;0.0;0.19467059;0.0;0.15733233;0.0;0.23864047;0.0;0.23572013;0.0;0.1511147;0.0;0.19726625;0.0;0.26596403;0.0;1.0;0.0;0.46958223;0.0;0.18603683;0.0;0.08793555;0.0;0.17029521;0.0;0.26919413;0.0;0.18865752;0.0;0.20642117;0.0;0.38115504;0.0;0.6537999;0.0;1.0;0.0;1.0;0.0;1.0;0.0;1.0;0.0;1.0;0.0;1.0;0.0;1.0;0.0;1.0;0.0;1.0;0.0;1.0;0.0;1.0;0.0;1.0;0.0;1.0;0.0;1.0;0.0;1.0;0.0;1.0;0.0;1.0;0.0;9.0;0.0;0.0;0.0;1.0;0.0;0.0
0.4716745;0.0;0.1896159;0.0;0.095498845;0.0;0.13751033;0.0;0.33526275;0.0;0.1484504;0.0;0.06477876;0.0;0.26993454;0.0;0.54793274;0.0;0.24152198;0.0;0.1812063;0.0;0.0833321;0.0;0.17167324;0.0;0.26804265;0.0;0.1853313;0.0;0.2132521;0.0;0.38684517;0.0;0.654997;0.0;1.0;0.0;1.0;0.0;1.0;0.0;1.0;0.0;1.0;0.0;1.0;0.0;1.0;0.0;1.0;0.0;1.0;0.0;1.0;0.0;1.0;0.0;1.0;0.0;1.0;0.0;1.0;0.0;1.0;0.0;1.0;0.0;1.0;0.0;9.0;0.0;0.0;0.0;1.0;0.0;0.0
0.46728283;0.0;0.1850368;0.0;0.09085333;0.0;0.13880262;0.0;0.33424026;0.0;0.14605328;0.0;0.06708033;0.0;0.2743647;0.0;0.54960865;0.0;0.5633326;0.0;0.29745263;0.0;0.07927844;0.0;0.17328659;0.0;0.26722518;0.0;0.18233864;0.0;0.22082885;0.0;0.2819343;0.0;0.6570004;0.0;1.0;0.0;1.0;0.0;1.0;0.0;1.0;0.0;1.0;0.0;1.0;0.0;1.0;0.0;1.0;0.0;1.0;0.0;1.0;0.0;1.0;0.0;1.0;0.0;1.0;0.0;1.0;0.0;1.0;0.0;1.0;0.0;1.0;0.0;1.0;0.0;0.0;0.0;1.0;0.0;0.0
0.5657659;0.0;0.18088883;0.0;0.0867396;0.0;0.14029199;0.0;0.33362922;0.0;0.1439049;0.0;0.06963943;0.0;0.27928868;0.0;0.5519694;0.0;0.5588104;0.0;0.29078466;0.0;0.075688794;0.0;0.17514595;0.0;0.26673666;0.0;0.17965649;0.0;0.079807006;0.0;0.2869941;0.0;0.65982246;0.0;1.0;0.0;1.0;0.0;1.0;0.0;1.0;0.0;1.0;0.0;1.0;0.0;1.0;0.0;1.0;0.0;1.0;0.0;1.0;0.0;1.0;0.0;1.0;0.0;1.0;0.0;1.0;0.0;1.0;0.0;1.0;0.0;1.0;0.0;1.0;0.0;0.0;0.0;1.0;0.0;0.0
0.66348237;0.0;0.17713383;0.0;0.083079085;0.0;0.14198852;0.0;0.3334259;0.0;0.14198926;0.0;0.07249336;0.0;0.16927633;0.0;0.55502963;0.0;0.5550312;0.0;0.28474838;0.0;0.07249464;0.0;0.17726398;0.0;0.26657408;0.0;0.17726496;0.0;0.083077624;0.0;0.29260188;0.0;0.66348064;0.0;1.0;0.0;1.0;0.0;1.0;0.0;1.0;0.0;1.0;0.0;1.0;0.0;1.0;0.0;1.0;0.0;1.0;0.0;1.0;0.0;1.0;0.0;1.0;0.0;1.0;0.0;1.0;0.0;1.0;0.0;1.0;0.0;1.0;0.0;1.0;0.0;0.0;0.0;1.0;0.0;0.0
0.6598238;0.0;0.17373893;0.0;0.07980832;0.0;0.14390406;0.0;0.33362907;0.0;0.14029264;0.0;0.075687364;0.0;0.17286463;0.0;0.16077565;0.0;0.5519706;0.0;0.2792909;0.0;0.22414601;0.0;0.1796554;0.0;0.2667365;0.0;0.17514682;0.0;0.08673796;0.0;0.29880443;0.0;0.6679981;0.0;1.0;0.0;1.0;0.0;1.0;0.0;1.0;0.0;1.0;0.0;1.0;0.0;1.0;0.0;1.0;0.0;1.0;0.0;1.0;0.0;1.0;0.0;1.0;0.0;1.0;0.0;1.0;0.0;1.0;0.0;1.0;0.0;1.0;0.0;1.0;0.0;0.0;0.0;1.0;0.0;0.0
0.6570014;0.0;0.28193635;0.0;0.07687544;0.0;0.14605235;0.0;0.3342399;0.0;0.13880321;0.0;0.07927682;0.0;0.17682846;0.0;0.4602693;0.0;0.54960954;0.0;0.27436674;0.0;0.21103816;0.0;0.18233743;0.0;0.26722488;0.0;0.17328733;0.0;0.09085149;0.0;0.18503496;0.0;0.2751971;0.0;1.0;0.0;1.0;0.0;1.0;0.0;1.0;0.0;1.0;0.0;1.0;0.0;1.0;0.0;1.0;0.0;1.0;0.0;1.0;0.0;1.0;0.0;1.0;0.0;1.0;0.0;1.0;0.0;1.0;0.0;1.0;0.0;1.0;0.0;1.0;0.0;1.0;0.0;0.0;0.0;0.0
0.6470013;0.0;0.27087113;0.0;0.06255852;0.0;0.14490822;0.0;0.33319214;0.0;0.13771585;0.0;0.09619659;0.0;0.1888246;0.0;0.470519;0.0;0.5596096;0.0;0.28543192;0.0;0.2253551;0.0;0.18348156;0.0;0.26827267;0.0;0.17437468;0.0;0.07393173;0.0;0.29365999;0.0;0.27951777;0.0;1.0;0.0;1.0;0.0;1.0;0.0;1.0;0.0;1.0;0.0;1.0;0.0;1.0;0.0;1.0;0.0;1.0;0.0;1.0;0.0;1.0;0.0;1.0;0.0;1.0;0.0;1.0;0.0;1.0;0.0;1.0;0.0;1.0;0.0;1.0;0.0;1.0;0.0;0.0;0.0;0.0
0.6370012;0.0;0.25980595;0.0;0.048241585;0.0;0.14376408;0.0;0.33214435;0.0;0.24065867;0.0;0.11311636;0.0;0.20082071;0.0;0.48076877;0.0;0.5696097;0.0;0.29649714;0.0;0.09571522;0.0;0.18462572;0.0;0.26932043;0.0;0.17546204;0.0;0.057011962;0.0;0.28166384;0.0;0.28383842;0.0;1.0;0.0;1.0;0.0;1.0;0.0;1.0;0.0;1.0;0.0;1.0;0.0;1.0;0.0;1.0;0.0;1.0;0.0;1.0;0.0;1.0;0.0;1.0;0.0;1.0;0.0;1.0;0.0;1.0;0.0;1.0;0.0;1.0;0.0;1.0;0.0;1.0;0.0;0.0;0.0;0.0
0.62700117;0.0;0.24874075;0.0;0.1811234;0.0;0.14261994;0.0;0.0;0.0;0.23957133;0.0;0.16104847;0.0;0.21281686;0.0;0.49101853;0.0;0.57960975;0.0;0.30756232;0.0;0.110032156;0.0;0.18576984;0.0;0.27036822;0.0;0.17654939;0.0;0.0400922;0.0;0.2696677;0.0;0.28815907;0.0;1.0;0.0;1.0;0.0;1.0;0.0;1.0;0.0;1.0;0.0;1.0;0.0;1.0;0.0;1.0;0.0;1.0;0.0;1.0;0.0;1.0;0.0;1.0;0.0;1.0;0.0;1.0;0.0;1.0;0.0;1.0;0.0;1.0;0.0;1.0;0.0;1.0;0.0;0.0;0.0;0.0
0.61700106;0.0;0.23767555;0.0;0.1635645;0.0;0.1414758;0.0;0.12956053;0.0;0.23848398;0.0;0.1597565;0.0;0.22481298;0.0;0.50126827;0.0;0.58960986;0.0;0.31862754;0.0;0.12434908;0.0;0.18691398;0.0;0.271416;0.0;0.17763674;0.0;0.21106604;0.0;0.25767156;0.0;0.2924797;0.0;1.0;0.0;1.0;0.0;1.0;0.0;1.0;0.0;1.0;0.0;1.0;0.0;1.0;0.0;1.0;0.0;1.0;0.0;1.0;0.0;1.0;0.0;1.0;0.0;1.0;0.0;1.0;0.0;1.0;0.0;1.0;0.0;1.0;0.0;1.0;0.0;1.0;0.0;0.0;0.0;0.0
0.60700095;0.0;0.22661035;0.0;0.14924757;0.0;0.14033166;0.0;0.12851276;0.0;0.0;0.0;0.15846452;0.0;0.116187975;0.0;0.511518;0.0;0.59961;0.0;0.32969275;0.0;0.13866602;0.0;0.18805812;0.0;0.27246377;0.0;0.1787241;0.0;0.212358;0.0;0.24567544;0.0;0.29680037;0.0;1.0;0.0;1.0;0.0;1.0;0.0;1.0;0.0;1.0;0.0;1.0;0.0;1.0;0.0;1.0;0.0;1.0;0.0;1.0;0.0;1.0;0.0;1.0;0.0;1.0;0.0;1.0;0.0;1.0;0.0;1.0;0.0;1.0;0.0;1.0;0.0;1.0;0.0;0.0;0.0;0.0
0.59700096;0.0;0.21554525;0.0;0.13493077;0.0;0.0;0.0;0.12746496;0.0;0.022746414;0.0;0.15717253;0.0;0.12818399;0.0;0.5217676;0.0;0.60960996;0.0;0.34075782;0.0;0.15298282;0.0;0.18920226;0.0;0.2735116;0.0;0.17981145;0.0;0.15946135;0.0;0.23367944;0.0;0.30112103;0.0;1.0;0.0;1.0;0.0;1.0;0.0;1.0;0.0;1.0;0.0;1.0;0.0;1.0;0.0;1.0;0.0;1.0;0.0;1.0;0.0;1.0;0.0;1.0;0.0;1.0;0.0;1.0;0.0;1.0;0.0;1.0;0.0;1.0;0.0;1.0;0.0;1.0;0.0;0.0;0.0;0.0
0.58700097;0.0;0.20448014;0.0;0.12061399;0.0;0.0;0.0;0.12641719;0.0;0.058826186;0.0;0.15588056;0.0;0.14018;0.0;0.42895612;0.0;0.61960995;0.0;0.3518229;0.0;0.16729961;0.0;0.19034639;0.0;0.0;0.0;0.1808988;0.0;0.14254175;0.0;0.22168341;0.0;0.6016554;0.0;1.0;0.0;1.0;0.0;1.0;0.0;1.0;0.0;1.0;0.0;1.0;0.0;1.0;0.0;1.0;0.0;1.0;0.0;1.0;0.0;1.0;0.0;1.0;0.0;1.0;0.0;1.0;0.0;1.0;0.0;1.0;0.0;1.0;0.0;1.0;0.0;1.0;0.0;0.0;0.0;0.0
0.577001;0.0;0.19341508;0.0;0.106297195;0.0;0.0;0.0;0.1253694;0.0;0.33816475;0.0;0.15458858;0.0;0.15217602;0.0;0.43920574;0.0;0.62960994;0.0;0.36288804;0.0;0.18161641;0.0;0.06431875;0.0;0.17536299;0.0;0.0;0.0;0.12562215;0.0;0.2096874;0.0;0.5914058;0.0;1.0;0.0;1.0;0.0;1.0;0.0;1.0;0.0;1.0;0.0;1.0;0.0;1.0;0.0;1.0;0.0;1.0;0.0;1.0;0.0;1.0;0.0;1.0;0.0;1.0;0.0;1.0;0.0;1.0;0.0;1.0;0.0;1.0;0.0;1.0;0.0;1.0;0.0;0.0;0.0;0.0
0.567001;0.0;0.18234996;0.0;0.091980405;0.0;0.0;0.0;0.124321625;0.0;0.0;0.0;0.1532966;0.0;0.16417204;0.0;0.4494554;0.0;0.63960993;0.0;0.3739531;0.0;0.19593321;0.0;0.08877038;0.0;0.17641076;0.0;0.0;0.0;0.108702555;0.0;0.19769138;0.0;0.58115613;0.0;1.0;0.0;1.0;0.0;1.0;0.0;1.0;0.0;1.0;0.0;1.0;0.0;1.0;0.0;1.0;0.0;1.0;0.0;1.0;0.0;1.0;0.0;1.0;0.0;1.0;0.0;1.0;0.0;1.0;0.0;1.0;0.0;1.0;0.0;1.0;0.0;1.0;0.0;0.0;0.0;0.0
0.557001;0.0;0.17128488;0.0;0.077663615;0.0;0.13461095;0.0;0.12327385;0.0;0.0;0.0;0.15200463;0.0;0.17616805;0.0;0.45970502;0.0;0.6496099;0.0;0.3850182;0.0;0.21024999;0.0;0.11322202;0.0;0.17745855;0.0;0.0;0.0;0.09178295;0.0;0.30631652;0.0;0.5709065;0.0;1.0;0.0;1.0;0.0;1.0;0.0;1.0;0.0;1.0;0.0;1.0;0.0;1.0;0.0;1.0;0.0;1.0;0.0;1.0;0.0;1.0;0.0;1.0;0.0;1.0;0.0;1.0;0.0;1.0;0.0;1.0;0.0;1.0;0.0;1.0;0.0;1.0;0.0;0.0;0.0;0.0
0.547001;0.0;0.27148038;0.0;0.06334682;0.0;0.13346681;0.0;0.122226074;0.0;0.0;0.0;0.15071264;0.0;0.18816407;0.0;0.46995467;0.0;0.6596099;0.0;0.3960833;0.0;0.22456679;0.0;0.13767365;0.0;0.17850633;0.0;0.18524821;0.0;0.07486335;0.0;0.2943205;0.0;0.5606569;0.0;1.0;0.0;1.0;0.0;1.0;0.0;1.0;0.0;1.0;0.0;1.0;0.0;1.0;0.0;1.0;0.0;1.0;0.0;1.0;0.0;1.0;0.0;1.0;0.0;1.0;0.0;1.0;0.0;1.0;0.0;1.0;0.0;1.0;0.0;1.0;0.0;1.0;0.0;0.0;0.0;0.0
0.537001;0.0;0.2604153;0.0;0.04903003;0.0;0.13232268;0.0;0.12117829;0.0;0.12575498;0.0;0.27302817;0.0;0.20016007;0.0;0.48020428;0.0;0.6696099;0.0;0.40714842;0.0;0.23888358;0.0;0.16212527;0.0;0.1795541;0.0;0.18633555;0.0;0.05794375;0.0;0.2823245;0.0;0.5504073;0.0;1.0;0.0;1.0;0.0;1.0;0.0;1.0;0.0;1.0;0.0;1.0;0.0;1.0;0.0;1.0;0.0;1.0;0.0;1.0;0.0;1.0;0.0;1.0;0.0;1.0;0.0;1.0;0.0;1.0;0.0;1.0;0.0;1.0;0.0;1.0;0.0;1.0;0.0;0.0;0.0;0.0
0.527001;0.0;0.24935022;0.0;0.03471324;0.0;0.13117853;0.0;0.12013052;0.0;0.12466763;0.0;0.27173617;0.0;0.2121561;0.0;0.49045396;0.0;0.6796099;0.0;0.30695286;0.0;0.25045282;0.0;0.30667448;0.0;0.18060188;0.0;0.1874229;0.0;0.22269383;0.0;0.27032846;0.0;0.5401576;0.0;1.0;0.0;1.0;0.0;1.0;0.0;1.0;0.0;1.0;0.0;1.0;0.0;1.0;0.0;1.0;0.0;1.0;0.0;1.0;0.0;1.0;0.0;1.0;0.0;1.0;0.0;1.0;0.0;1.0;0.0;1.0;0.0;1.0;0.0;1.0;0.0;1.0;0.0;0.0;0.0;0.0
0.51700103;0.0;0.23828511;0.0;0.16514012;0.0;0.1300344;0.0;0.0;0.0;0.12358028;0.0;0.2704442;0.0;0.22415212;0.0;0.39764243;0.0;0.6896099;0.0;0.31801796;0.0;0.25190586;0.0;0.0;0.0;0.18164966;0.0;0.18851027;0.0;0.22398582;0.0;0.25833243;0.0;0.529908;0.0;1.0;0.0;1.0;0.0;1.0;0.0;1.0;0.0;1.0;0.0;1.0;0.0;1.0;0.0;1.0;0.0;1.0;0.0;1.0;0.0;1.0;0.0;1.0;0.0;1.0;0.0;1.0;0.0;1.0;0.0;1.0;0.0;1.0;0.0;1.0;0.0;1.0;0.0;0.0;0.0;0.0
0.50700104;0.0;0.22722003;0.0;0.15003642;0.0;0.12889025;0.0;0.11803496;0.0;0.12249293;0.0;0.0;0.0;0.23614812;0.0;0.40789208;0.0;0.6996099;0.0;0.32908303;0.0;0.25335887;0.0;0.0;0.0;0.18269745;0.0;0.1895976;0.0;0.17731324;0.0;0.24633643;0.0;0.5196583;0.0;1.0;0.0;1.0;0.0;1.0;0.0;1.0;0.0;1.0;0.0;1.0;0.0;1.0;0.0;1.0;0.0;1.0;0.0;1.0;0.0;1.0;0.0;1.0;0.0;1.0;0.0;1.0;0.0;1.0;0.0;1.0;0.0;1.0;0.0;1.0;0.0;1.0;0.0;0.0;0.0;0.0
0.49700108;0.0;0.21615493;0.0;0.13571963;0.0;0.0;0.0;0.11698718;0.0;0.12140558;0.0;0.00973466;0.0;0.24814415;0.0;0.41814175;0.0;0.70960987;0.0;0.34014815;0.0;0.25481188;0.0;0.014068196;0.0;0.18374522;0.0;0.19068496;0.0;0.16039363;0.0;0.2343404;0.0;0.5094087;0.0;1.0;0.0;1.0;0.0;1.0;0.0;1.0;0.0;1.0;0.0;1.0;0.0;1.0;0.0;1.0;0.0;1.0;0.0;1.0;0.0;1.0;0.0;1.0;0.0;1.0;0.0;1.0;0.0;1.0;0.0;1.0;0.0;1.0;0.0;1.0;0.0;1.0;0.0;0.0;0.0;0.0
0.4870011;0.0;0.20508985;0.0;0.121402845;0.0;0.0;0.0;0.1159394;0.0;0.12031822;0.0;0.026654268;0.0;0.26014015;0.0;0.42839137;0.0;0.71960986;0.0;0.35121325;0.0;0.25626493;0.0;0.03851983;0.0;0.0;0.0;0.19177231;0.0;0.14347403;0.0;0.2223444;0.0;0.49915904;0.0;1.0;0.0;1.0;0.0;1.0;0.0;1.0;0.0;1.0;0.0;1.0;0.0;1.0;0.0;1.0;0.0;1.0;0.0;1.0;0.0;1.0;0.0;1.0;0.0;1.0;0.0;1.0;0.0;1.0;0.0;1.0;0.0;1.0;0.0;1.0;0.0;1.0;0.0;0.0;0.0;0.0
0.4770011;0.0;0.19402476;0.0;0.10708605;0.0;0.0;0.0;0.114891626;0.0;0.11923088;0.0;0.04357388;0.0;0.20496182;0.0;0.438641;0.0;0.72960985;0.0;0.3622783;0.0;0.25771794;0.0;0.06297146;0.0;0.18584077;0.0;0.0;0.0;0.12655443;0.0;0.3309695;0.0;0.48890942;0.0;1.0;0.0;1.0;0.0;1.0;0.0;1.0;0.0;1.0;0.0;1.0;0.0;1.0;0.0;1.0;0.0;1.0;0.0;1.0;0.0;1.0;0.0;1.0;0.0;1.0;0.0;1.0;0.0;1.0;0.0;1.0;0.0;1.0;0.0;1.0;0.0;1.0;0.0;0.0;0.0;0.0
0.4670011;0.0;0.18295966;0.0;0.09276926;0.0;0.0;0.0;0.11384384;0.0;0.0;0.0;0.060493488;0.0;0.20309262;0.0;0.44889063;0.0;0.73960984;0.0;0.3733434;0.0;0.25917095;0.0;0.20407608;0.0;0.18688855;0.0;0.0;0.0;0.10963483;0.0;0.3189735;0.0;0.47865978;0.0;1.0;0.0;1.0;0.0;1.0;0.0;1.0;0.0;1.0;0.0;1.0;0.0;1.0;0.0;1.0;0.0;1.0;0.0;1.0;0.0;1.0;0.0;1.0;0.0;1.0;0.0;1.0;0.0;1.0;0.0;1.0;0.0;1.0;0.0;1.0;0.0;1.0;0.0;0.0;0.0;0.0
0.45700112;0.0;0.17189457;0.0;0.07845247;0.0;0.0;0.0;0.11279607;0.0;0.0;0.0;0.0774131;0.0;0.20122345;0.0;0.4591403;0.0;0.7496098;0.0;0.38440853;0.0;0.260624;0.0;0.20522022;0.0;0.18793634;0.0;0.0;0.0;0.09271522;0.0;0.30697748;0.0;0.4684101;0.0;1.0;0.0;1.0;0.0;1.0;0.0;1.0;0.0;1.0;0.0;1.0;0.0;1.0;0.0;1.0;0.0;1.0;0.0;1.0;0.0;1.0;0.0;1.0;0.0;1.0;0.0;1.0;0.0;1.0;0.0;1.0;0.0;1.0;0.0;1.0;0.0;1.0;0.0;0.0;0.0;0.0
0.44700113;0.0;0.16082947;0.0;0.06413568;0.0;0.122025415;0.0;0.11174829;0.0;0.0;0.0;0.13779286;0.0;0.19935425;0.0;0.36632878;0.0;0.7596098;0.0;0.3954736;0.0;0.26207703;0.0;0.20636435;0.0;0.18898413;0.0;0.19612172;0.0;0.07579562;0.0;0.29498148;0.0;0.4581605;0.0;1.0;0.0;1.0;0.0;1.0;0.0;1.0;0.0;1.0;0.0;1.0;0.0;1.0;0.0;1.0;0.0;1.0;0.0;1.0;0.0;1.0;0.0;1.0;0.0;1.0;0.0;1.0;0.0;1.0;0.0;1.0;0.0;1.0;0.0;1.0;0.0;1.0;0.0;0.0;0.0;0.0
0.43700114;0.0;0.14976439;0.0;0.04981889;0.0;0.12088128;0.0;0.11070051;0.0;0.11488147;0.0;0.13650087;0.0;0.07887797;0.0;0.3765784;0.0;0.7696098;0.0;0.40653867;0.0;0.26353005;0.0;0.20750849;0.0;0.1900319;0.0;0.19720908;0.0;0.23432164;0.0;0.28298548;0.0;0.44791085;0.0;1.0;0.0;1.0;0.0;1.0;0.0;1.0;0.0;1.0;0.0;1.0;0.0;1.0;0.0;1.0;0.0;1.0;0.0;1.0;0.0;1.0;0.0;1.0;0.0;1.0;0.0;1.0;0.0;1.0;0.0;1.0;0.0;1.0;0.0;1.0;0.0;1.0;0.0;0.0;0.0;0.0
0.42700115;0.0;0.1386993;0.0;0.0355021;0.0;0.11973713;0.0;0.109652735;0.0;0.11379411;0.0;0.13520889;0.0;0.09087399;0.0;0.38682804;0.0;0.7796098;0.0;0.4176038;0.0;0.2649831;0.0;0.20865265;0.0;0.19107968;0.0;0.19829643;0.0;0.23561363;0.0;0.27098945;0.0;0.43766123;0.0;1.0;0.0;1.0;0.0;1.0;0.0;1.0;0.0;1.0;0.0;1.0;0.0;1.0;0.0;1.0;0.0;1.0;0.0;1.0;0.0;1.0;0.0;1.0;0.0;1.0;0.0;1.0;0.0;1.0;0.0;1.0;0.0;1.0;0.0;1.0;0.0;1.0;0.0;0.0;0.0;0.0
0.41700116;0.0;0.23889479;0.0;0.021185305;0.0;0.118593;0.0;0.108604945;0.0;0.112706766;0.0;0.0;0.0;0.10287;0.0;0.39707768;0.0;0.7896098;0.0;0.4286689;0.0;0.12277152;0.0;0.20979676;0.0;0.19212745;0.0;0.19938377;0.0;0.2369056;0.0;0.25899345;0.0;0.42741156;0.0;1.0;0.0;1.0;0.0;1.0;0.0;1.0;0.0;1.0;0.0;1.0;0.0;1.0;0.0;1.0;0.0;1.0;0.0;1.0;0.0;1.0;0.0;1.0;0.0;1.0;0.0;1.0;0.0;1.0;0.0;1.0;0.0;1.0;0.0;1.0;0.0;1.0;0.0;0.0;0.0;0.0
0.40700117;0.0;0.22782972;0.0;0.0068685124;0.0;0.11744887;0.0;0.10755716;0.0;0.11161941;0.0;0.0;0.0;0.11486602;0.0;0.40732732;0.0;0.7996098;0.0;0.32847336;0.0;0.13708831;0.0;0.0;0.0;0.19317523;0.0;0.20047113;0.0;0.1782455;0.0;0.2469974;0.0;0.41716194;0.0;1.0;0.0;1.0;0.0;1.0;0.0;1.0;0.0;1.0;0.0;1.0;0.0;1.0;0.0;1.0;0.0;1.0;0.0;1.0;0.0;1.0;0.0;1.0;0.0;1.0;0.0;1.0;0.0;1.0;0.0;1.0;0.0;1.0;0.0;1.0;0.0;1.0;0.0;0.0;0.0;0.0
0.39700118;0.0;0.21676461;0.0;0.1365085;0.0;0.11630472;0.0;0.10650939;0.0;0.11053206;0.0;0.008802389;0.0;0.12686202;0.0;0.41757697;0.0;0.8096098;0.0;0.33953846;0.0;0.15140511;0.0;0.012720908;0.0;0.19422302;0.0;0.20155847;0.0;0.1613259;0.0;0.2350014;0.0;0.40691227;0.0;1.0;0.0;1.0;0.0;1.0;0.0;1.0;0.0;1.0;0.0;1.0;0.0;1.0;0.0;1.0;0.0;1.0;0.0;1.0;0.0;1.0;0.0;1.0;0.0;1.0;0.0;1.0;0.0;1.0;0.0;1.0;0.0;1.0;0.0;1.0;0.0;0.0;0.0;1.0;0.0;0.0
0.3957904;0.0;0.21326439;0.0;0.13182469;0.0;0.0;0.0;0.106835164;0.0;0.10950291;0.0;0.009252457;0.0;0.1300014;0.0;0.31747156;0.0;1.0;0.0;0.44351974;0.0;0.14621016;0.0;0.011802906;0.0;0.19481707;0.0;0.1996818;0.0;0.16957453;0.0;0.2408168;0.0;0.41073632;0.0;1.0;0.0;1.0;0.0;1.0;0.0;1.0;0.0;1.0;0.0;1.0;0.0;1.0;0.0;1.0;0.0;1.0;0.0;1.0;0.0;1.0;0.0;1.0;0.0;1.0;0.0;1.0;0.0;1.0;0.0;1.0;0.0;1.0;0.0;1.0;0.0;0.0;0.0;1.0;0.0;0.0
0.3950668;0.0;0.21012731;0.0;0.12760192;0.0;0.0;0.0;0.107294045;0.0;0.10862388;0.0;0.009763567;0.0;0.1334668;0.0;0.32087803;0.0;1.0;0.0;0.43699566;0.0;0.28955218;0.0;0.011021005;0.0;0.19565387;0.0;0.19807884;0.0;0.22846702;0.0;0.24723616;0.0;0.41514355;0.0;1.0;0.0;1.0;0.0;1.0;0.0;1.0;0.0;1.0;0.0;1.0;0.0;1.0;0.0;1.0;0.0;1.0;0.0;1.0;0.0;1.0;0.0;1.0;0.0;1.0;0.0;1.0;0.0;1.0;0.0;1.0;0.0;1.0;0.0;1.0;0.0;0.0;0.0;1.0;0.0;0.0
0.39482602;0.0;0.20733015;0.0;0.123787425;0.0;0.0;0.0;0.107888915;0.0;0.107889235;0.0;0.010347789;0.0;0.13729386;0.0;0.32475832;0.0;1.0;0.0;0.5375966;0.0;0.30141848;0.0;0.22372214;0.0;0.19673862;0.0;0.19673921;0.0;0.22372434;0.0;0.2543255;0.0;0.42016378;0.0;9.0;0.0;1.0;0.0;1.0;0.0;1.0;0.0;1.0;0.0;1.0;0.0;1.0;0.0;1.0;0.0;1.0;0.0;1.0;0.0;1.0;0.0;1.0;0.0;1.0;0.0;1.0;0.0;1.0;0.0;1.0;0.0;1.0;0.0;1.0;0.0;0.0;0.0;1.0;0.0;0.0
0.39506656;0.0;0.3099993;0.0;0.120336734;0.0;0.0;0.0;0.10862349;0.0;0.107294306;0.0;0.01102066;0.0;0.1415244;0.0;0.32913956;0.0;0.80566454;0.0;0.5311729;0.0;0.31469867;0.0;0.2284646;0.0;0.19807813;0.0;0.19565433;0.0;0.21943648;0.0;0.2621622;0.0;0.25026792;0.0;9.0;0.0;1.0;0.0;1.0;0.0;1.0;0.0;1.0;0.0;1.0;0.0;1.0;0.0;1.0;0.0;1.0;0.0;1.0;0.0;1.0;0.0;1.0;0.0;1.0;0.0;1.0;0.0;1.0;0.0;1.0;0.0;1.0;0.0;1.0;0.0;0.0;0.0;1.0;0.0;0.0
0.39578992;0.0;0.30670813;0.0;0.11721214;0.0;0.0;0.0;0.10950246;0.0;0.10683535;0.0;0.11821445;0.0;0.14620773;0.0;0.33405316;0.0;0.8071396;0.0;0.62956375;0.0;0.32962316;0.0;0.23370335;0.0;0.19968095;0.0;0.19481741;0.0;0.0;0.0;0.27083772;0.0;0.23049772;0.0;9.0;0.0;1.0;0.0;1.0;0.0;1.0;0.0;1.0;0.0;1.0;0.0;1.0;0.0;1.0;0.0;1.0;0.0;1.0;0.0;1.0;0.0;1.0;0.0;1.0;0.0;1.0;0.0;1.0;0.0;1.0;0.0;1.0;0.0;1.0;0.0;0.0;0.0;1.0;0.0;0.0
0.3970005;0.0;0.025833875;0.0;0.11438153;0.0;0.0;0.0;0.11053153;0.0;0.10650952;0.0;0.11630557;0.0;0.0074481494;0.0;0.33953562;0.0;0.8096083;0.0;0.72676355;0.0;0.36810857;0.0;0.17893484;0.0;0.20155749;0.0;0.19422324;0.0;0.0;0.0;0.13650614;0.0;0.21386385;0.0;9.0;0.0;1.0;0.0;1.0;0.0;1.0;0.0;1.0;0.0;1.0;0.0;1.0;0.0;1.0;0.0;1.0;0.0;1.0;0.0;1.0;0.0;1.0;0.0;1.0;0.0;1.0;0.0;1.0;0.0;1.0;0.0;1.0;0.0;1.0;0.0;1.0;0.0;0.0;0.0;0.0
0.3870005;0.0;0.030154238;0.0;0.10238538;0.0;0.0;0.0;0.11161888;0.0;0.1075573;0.0;0.117449716;0.0;0.021764692;0.0;0.35060063;0.0;0.81960833;0.0;0.7370132;0.0;0.38010472;0.0;0.23819466;0.0;0.20047016;0.0;0.19317546;0.0;0.2109425;0.0;0.2678935;0.0;0.21147947;0.0;9.0;0.0;1.0;0.0;1.0;0.0;1.0;0.0;1.0;0.0;1.0;0.0;1.0;0.0;1.0;0.0;1.0;0.0;1.0;0.0;1.0;0.0;1.0;0.0;1.0;0.0;1.0;0.0;1.0;0.0;1.0;0.0;1.0;0.0;1.0;0.0;1.0;0.0;0.0;0.0;0.0
0.3770005;0.0;0.0344746;0.0;0.09038923;0.0;0.13391533;0.0;0.11270622;0.0;0.10860507;0.0;0.11859386;0.0;0.036081232;0.0;0.13914624;0.0;0.82960826;0.0;0.7472629;0.0;0.39210087;0.0;0.23690268;0.0;0.19938281;0.0;0.19212767;0.0;0.20979834;0.0;0.25182733;0.0;0.20909509;0.0;9.0;0.0;1.0;0.0;1.0;0.0;1.0;0.0;1.0;0.0;1.0;0.0;1.0;0.0;1.0;0.0;1.0;0.0;1.0;0.0;1.0;0.0;1.0;0.0;1.0;0.0;1.0;0.0;1.0;0.0;1.0;0.0;1.0;0.0;1.0;0.0;1.0;0.0;0.0;0.0;0.0
0.36700055;0.0;0.03879496;0.0;0.07839308;0.0;0.1352073;0.0;0.11379357;0.0;0.109652855;0.0;0.119738005;0.0;0.050397776;0.0;0.15021124;0.0;0.8396082;0.0;0.7575126;0.0;0.34086943;0.0;0.23561072;0.0;0.19829546;0.0;0.1910799;0.0;0.2086542;0.0;0.2375108;0.0;0.2067107;0.0;9.0;0.0;1.0;0.0;1.0;0.0;1.0;0.0;1.0;0.0;1.0;0.0;1.0;0.0;1.0;0.0;1.0;0.0;1.0;0.0;1.0;0.0;1.0;0.0;1.0;0.0;1.0;0.0;1.0;0.0;1.0;0.0;1.0;0.0;1.0;0.0;1.0;0.0;0.0;0.0;0.0
0.3570006;0.0;0.043115325;0.0;0.18701944;0.0;0.13649926;0.0;0.0;0.0;0.110700645;0.0;0.12088215;0.0;0.06471432;0.0;0.16127624;0.0;0.84960824;0.0;0.7677623;0.0;0.33900028;0.0;0.07648258;0.0;0.19720812;0.0;0.19003212;0.0;0.20751004;0.0;0.22319424;0.0;0.20432632;0.0;9.0;0.0;1.0;0.0;1.0;0.0;1.0;0.0;1.0;0.0;1.0;0.0;1.0;0.0;1.0;0.0;1.0;0.0;1.0;0.0;1.0;0.0;1.0;0.0;1.0;0.0;1.0;0.0;1.0;0.0;1.0;0.0;1.0;0.0;1.0;0.0;1.0;0.0;0.0;0.0;0.0
0.3470006;0.0;0.35566556;0.0;0.17502327;0.0;0.07672965;0.0;0.0;0.0;0.11174842;0.0;0.0;0.0;0.07903086;0.0;0.17234124;0.0;0.8596082;0.0;0.778012;0.0;0.3371311;0.0;0.09340257;0.0;0.0;0.0;0.18898433;0.0;0.2063659;0.0;0.20887771;0.0;0.20194192;0.0;9.0;0.0;1.0;0.0;1.0;0.0;1.0;0.0;1.0;0.0;1.0;0.0;1.0;0.0;1.0;0.0;1.0;0.0;1.0;0.0;1.0;0.0;1.0;0.0;1.0;0.0;1.0;0.0;1.0;0.0;1.0;0.0;1.0;0.0;1.0;0.0;1.0;0.0;0.0;0.0;0.0
0.33700064;0.0;0.3454159;0.0;0.16302712;0.0;0.059809662;0.0;0.0;0.0;0.1127962;0.0;0.0;0.0;0.0933474;0.0;0.18340623;0.0;0.8696081;0.0;0.6852001;0.0;0.335262;0.0;0.11032257;0.0;0.0;0.0;0.18793656;0.0;0.20522174;0.0;0.19456115;0.0;0.19955753;0.0;9.0;0.0;1.0;0.0;1.0;0.0;1.0;0.0;1.0;0.0;1.0;0.0;1.0;0.0;1.0;0.0;1.0;0.0;1.0;0.0;1.0;0.0;1.0;0.0;1.0;0.0;1.0;0.0;1.0;0.0;1.0;0.0;1.0;0.0;1.0;0.0;1.0;0.0;0.0;0.0;0.0
0.32700068;0.0;0.33516622;0.0;0.15103097;0.0;0.042889673;0.0;0.11814295;0.0;0.11384398;0.0;0.0;0.0;0.107663944;0.0;0.19447124;0.0;0.87960815;0.0;0.6954497;0.0;0.33339283;0.0;0.12724257;0.0;0.0;0.0;0.18688878;0.0;0.061978914;0.0;0.18024461;0.0;0.19717315;0.0;9.0;0.0;1.0;0.0;1.0;0.0;1.0;0.0;1.0;0.0;1.0;0.0;1.0;0.0;1.0;0.0;1.0;0.0;1.0;0.0;1.0;0.0;1.0;0.0;1.0;0.0;1.0;0.0;1.0;0.0;1.0;0.0;1.0;0.0;1.0;0.0;1.0;0.0;0.0;0.0;0.0
0.3170007;0.0;0.32491654;0.0;0.13903482;0.0;0.025969684;0.0;0.11923029;0.0;0.11489175;0.0;0.0;0.0;0.12198049;0.0;0.20553625;0.0;0.8896081;0.0;0.70569944;0.0;0.22283272;0.0;0.14416257;0.0;0.19285873;0.0;0.0;0.0;0.037528213;0.0;0.16592807;0.0;0.19478877;0.0;9.0;0.0;1.0;0.0;1.0;0.0;1.0;0.0;1.0;0.0;1.0;0.0;1.0;0.0;1.0;0.0;1.0;0.0;1.0;0.0;1.0;0.0;1.0;0.0;1.0;0.0;1.0;0.0;1.0;0.0;1.0;0.0;1.0;0.0;1.0;0.0;1.0;0.0;0.0;0.0;0.0
0.3070007;0.0;0.31466684;0.0;0.12703867;0.0;0.009049695;0.0;0.12031765;0.0;0.115939535;0.0;0.0;0.0;0.13629703;0.0;0.21660125;0.0;0.899608;0.0;0.7159491;0.0;0.23482887;0.0;0.16108255;0.0;0.19177139;0.0;0.18479322;0.0;0.013077512;0.0;0.15161154;0.0;0.19240437;0.0;9.0;0.0;1.0;0.0;1.0;0.0;1.0;0.0;1.0;0.0;1.0;0.0;1.0;0.0;1.0;0.0;1.0;0.0;1.0;0.0;1.0;0.0;1.0;0.0;1.0;0.0;1.0;0.0;1.0;0.0;1.0;0.0;1.0;0.0;1.0;0.0;1.0;0.0;0.0;0.0;0.0
0.29700074;0.0;0.30441716;0.0;0.11504252;0.0;0.0;0.0;0.12140499;0.0;0.116987325;0.0;0.12774704;0.0;0.15061358;0.0;0.22766623;0.0;0.909608;0.0;0.7261988;0.0;0.24682502;0.0;0.17800255;0.0;0.19068405;0.0;0.18374544;0.0;0.0;0.0;0.13729498;0.0;0.19002;0.0;9.0;0.0;1.0;0.0;1.0;0.0;1.0;0.0;1.0;0.0;1.0;0.0;1.0;0.0;1.0;0.0;1.0;0.0;1.0;0.0;1.0;0.0;1.0;0.0;1.0;0.0;1.0;0.0;1.0;0.0;1.0;0.0;1.0;0.0;1.0;0.0;1.0;0.0;0.0;0.0;0.0
0.28700078;0.0;0.29416746;0.0;0.10304637;0.0;0.14554301;0.0;0.122492336;0.0;0.0;0.0;0.1288912;0.0;0.020975849;0.0;0.23873124;0.0;0.919608;0.0;0.73644847;0.0;0.2588212;0.0;0.22527501;0.0;0.18959668;0.0;0.18269765;0.0;0.0;0.0;0.122978434;0.0;0.1876356;0.0;9.0;0.0;1.0;0.0;1.0;0.0;1.0;0.0;1.0;0.0;1.0;0.0;1.0;0.0;1.0;0.0;1.0;0.0;1.0;0.0;1.0;0.0;1.0;0.0;1.0;0.0;1.0;0.0;1.0;0.0;1.0;0.0;1.0;0.0;1.0;0.0;1.0;0.0;0.0;0.0;0.0
0.27700078;0.0;0.28391778;0.0;0.21167271;0.0;0.14683495;0.0;0.12357968;0.0;0.11908288;0.0;0.13003534;0.0;0.035292394;0.0;0.24979624;0.0;0.929608;0.0;0.74669814;0.0;0.27081734;0.0;0.22398305;0.0;0.18850935;0.0;0.18164988;0.0;0.19835687;0.0;0.10866189;0.0;0.1852512;0.0;9.0;0.0;1.0;0.0;1.0;0.0;1.0;0.0;1.0;0.0;1.0;0.0;1.0;0.0;1.0;0.0;1.0;0.0;1.0;0.0;1.0;0.0;1.0;0.0;1.0;0.0;1.0;0.0;1.0;0.0;1.0;0.0;1.0;0.0;1.0;0.0;1.0;0.0;0.0;0.0;0.0
0.26700082;0.0;0.2736681;0.0;0.19967656;0.0;0.14812693;0.0;0.124667026;0.0;0.12013066;0.0;0.13117948;0.0;0.049608935;0.0;0.26086125;0.0;0.9396079;0.0;0.65388626;0.0;0.2828135;0.0;0.058630288;0.0;0.187422;0.0;0.1806021;0.0;0.19721273;0.0;0.23829964;0.0;0.29543725;0.0;9.0;0.0;1.0;0.0;1.0;0.0;1.0;0.0;1.0;0.0;1.0;0.0;1.0;0.0;1.0;0.0;1.0;0.0;1.0;0.0;1.0;0.0;1.0;0.0;1.0;0.0;1.0;0.0;1.0;0.0;1.0;0.0;1.0;0.0;1.0;0.0;1.0;0.0;0.0;0.0;0.0
0.25700086;0.0;0.2634184;0.0;0.18768041;0.0;0.09458193;0.0;0.0;0.0;0.12117843;0.0;0.13232364;0.0;0.063925475;0.0;0.27192622;0.0;0.94960797;0.0;0.66413593;0.0;0.29480964;0.0;0.07555028;0.0;0.18633465;0.0;0.17955431;0.0;0.19606857;0.0;0.2239831;0.0;0.28437224;0.0;9.0;0.0;1.0;0.0;1.0;0.0;1.0;0.0;1.0;0.0;1.0;0.0;1.0;0.0;1.0;0.0;1.0;0.0;1.0;0.0;1.0;0.0;1.0;0.0;1.0;0.0;1.0;0.0;1.0;0.0;1.0;0.0;1.0;0.0;1.0;0.0;1.0;0.0;0.0;0.0;0.0
0.24700089;0.0;0.25316876;0.0;0.17568426;0.0;0.07766195;0.0;0.0;0.0;0.122226216;0.0;0.0;0.0;0.07824202;0.0;0.17173156;0.0;0.9596079;0.0;0.6743856;0.0;0.3068058;0.0;0.09247027;0.0;0.0;0.0;0.17850654;0.0;0.19492443;0.0;0.20966654;0.0;0.27330723;0.0;9.0;0.0;1.0;0.0;1.0;0.0;1.0;0.0;1.0;0.0;1.0;0.0;1.0;0.0;1.0;0.0;1.0;0.0;1.0;0.0;1.0;0.0;1.0;0.0;1.0;0.0;1.0;0.0;1.0;0.0;1.0;0.0;1.0;0.0;1.0;0.0;1.0;0.0;0.0;0.0;0.0
0.2370009;0.0;0.24291906;0.0;0.16368811;0.0;0.060741954;0.0;0.0;0.0;0.123274006;0.0;0.0;0.0;0.09255856;0.0;0.18279657;0.0;0.96960783;0.0;0.6846353;0.0;0.19817944;0.0;0.10939027;0.0;0.0;0.0;0.17745876;0.0;0.19378027;0.0;0.19535;0.0;0.26224223;0.0;9.0;0.0;1.0;0.0;1.0;0.0;1.0;0.0;1.0;0.0;1.0;0.0;1.0;0.0;1.0;0.0;1.0;0.0;1.0;0.0;1.0;0.0;1.0;0.0;1.0;0.0;1.0;0.0;1.0;0.0;1.0;0.0;1.0;0.0;1.0;0.0;1.0;0.0;0.0;0.0;0.0
0.22700092;0.0;0.23266938;0.0;0.15169196;0.0;0.043821964;0.0;0.12901641;0.0;0.12432178;0.0;0.0;0.0;0.1068751;0.0;0.19386156;0.0;0.9796079;0.0;0.69488496;0.0;0.21017559;0.0;0.12631026;0.0;0.0;0.0;0.17641099;0.0;0.19263612;0.0;0.18103346;0.0;0.25117722;0.0;9.0;0.0;1.0;0.0;1.0;0.0;1.0;0.0;1.0;0.0;1.0;0.0;1.0;0.0;1.0;0.0;1.0;0.0;1.0;0.0;1.0;0.0;1.0;0.0;1.0;0.0;1.0;0.0;1.0;0.0;1.0;0.0;1.0;0.0;1.0;0.0;1.0;0.0;0.0;0.0;0.0
0.21700096;0.0;0.2224197;0.0;0.13969581;0.0;0.026901975;0.0;0.13010377;0.0;0.12536956;0.0;0.0;0.0;0.12119164;0.0;0.20492657;0.0;0.9896078;0.0;0.7051347;0.0;0.22217174;0.0;0.14323026;0.0;0.18198527;0.0;0.0;0.0;0.03887545;0.0;0.1667169;0.0;0.24011223;0.0;9.0;0.0;1.0;0.0;1.0;0.0;1.0;0.0;1.0;0.0;1.0;0.0;1.0;0.0;1.0;0.0;1.0;0.0;1.0;0.0;1.0;0.0;1.0;0.0;1.0;0.0;1.0;0.0;1.0;0.0;1.0;0.0;1.0;0.0;1.0;0.0;1.0;0.0;0.0;0.0;0.0
0.20700097;0.0;0.21217;0.0;0.12769966;0.0;0.009981987;0.0;0.1311911;0.0;0.12641734;0.0;0.0;0.0;0.1355082;0.0;0.21599157;0.0;0.99960774;0.0;0.71538436;0.0;0.23416789;0.0;0.16015026;0.0;0.18089792;0.0;0.17431542;0.0;0.014424747;0.0;0.15240037;0.0;0.22904722;0.0;9.0;0.0;1.0;0.0;1.0;0.0;1.0;0.0;1.0;0.0;1.0;0.0;1.0;0.0;1.0;0.0;1.0;0.0;1.0;0.0;1.0;0.0;1.0;0.0;1.0;0.0;1.0;0.0;1.0;0.0;1.0;0.0;1.0;0.0;1.0;0.0;1.0;0.0;0.0;0.0;0.0
0.19700101;0.0;0.20192032;0.0;0.11570351;0.0;0.0;0.0;0.13227846;0.0;0.12746511;0.0;0.13918853;0.0;0.14982472;0.0;0.22705655;0.0;1.0;0.0;0.6225724;0.0;0.24616405;0.0;0.21364734;0.0;0.17981057;0.0;0.17326763;0.0;0.0;0.0;0.13808383;0.0;0.21798222;0.0;9.0;0.0;1.0;0.0;1.0;0.0;1.0;0.0;1.0;0.0;1.0;0.0;1.0;0.0;1.0;0.0;1.0;0.0;1.0;0.0;1.0;0.0;1.0;0.0;1.0;0.0;1.0;0.0;1.0;0.0;1.0;0.0;1.0;0.0;1.0;0.0;1.0;0.0;0.0;0.0;0.0
0.18700102;0.0;0.19167064;0.0;0.05042876;0.0;0.15846263;0.0;0.1333658;0.0;0.0;0.0;0.14033267;0.0;0.16414127;0.0;0.23812155;0.0;1.0;0.0;0.63282216;0.0;0.2581602;0.0;0.21235538;0.0;0.17872323;0.0;0.17221986;0.0;0.0;0.0;0.12376728;0.0;0.20691721;0.0;9.0;0.0;1.0;0.0;1.0;0.0;1.0;0.0;1.0;0.0;1.0;0.0;1.0;0.0;1.0;0.0;1.0;0.0;1.0;0.0;1.0;0.0;1.0;0.0;1.0;0.0;1.0;0.0;1.0;0.0;1.0;0.0;1.0;0.0;1.0;0.0;1.0;0.0;0.0;0.0;0.0
0.17700106;0.0;0.18142095;0.0;0.05229791;0.0;0.1597546;0.0;0.13445315;0.0;0.12956068;0.0;0.14147682;0.0;0.1796733;0.0;0.24918656;0.0;1.0;0.0;0.6430718;0.0;0.27015635;0.0;0.21106343;0.0;0.17763588;0.0;0.17117208;0.0;0.0;0.0;0.109450735;0.0;0.19585222;0.0;9.0;0.0;1.0;0.0;1.0;0.0;1.0;0.0;1.0;0.0;1.0;0.0;1.0;0.0;1.0;0.0;1.0;0.0;1.0;0.0;1.0;0.0;1.0;0.0;1.0;0.0;1.0;0.0;1.0;0.0;1.0;0.0;1.0;0.0;1.0;0.0;1.0;0.0;0.0;0.0;0.0
0.16700108;0.0;0.17117128;0.0;0.054167055;0.0;0.11243421;0.0;0.1355405;0.0;0.13060847;0.0;0.14262097;0.0;0.04882009;0.0;0.26025158;0.0;1.0;0.0;0.6533215;0.0;0.2821525;0.0;0.057697993;0.0;0.17654854;0.0;0.1701243;0.0;0.18577124;0.0;0.095134184;0.0;0.18478721;0.0;9.0;0.0;1.0;0.0;1.0;0.0;1.0;0.0;1.0;0.0;1.0;0.0;1.0;0.0;1.0;0.0;1.0;0.0;1.0;0.0;1.0;0.0;1.0;0.0;1.0;0.0;1.0;0.0;1.0;0.0;1.0;0.0;1.0;0.0;1.0;0.0;1.0;0.0;0.0;0.0;0.0
0.15700111;0.0;0.16092159;0.0;0.056036197;0.0;0.09551422;0.0;0.0;0.0;0.13165624;0.0;0.14376512;0.0;0.06313663;0.0;0.27131656;0.0;1.0;0.0;0.6635712;0.0;0.29414865;0.0;0.07461799;0.0;0.1754612;0.0;0.16907652;0.0;0.18462709;0.0;0.0954558;0.0;0.17372221;0.0;9.0;0.0;1.0;0.0;1.0;0.0;1.0;0.0;1.0;0.0;1.0;0.0;1.0;0.0;1.0;0.0;1.0;0.0;1.0;0.0;1.0;0.0;1.0;0.0;1.0;0.0;1.0;0.0;1.0;0.0;1.0;0.0;1.0;0.0;1.0;0.0;1.0;0.0;0.0;0.0;0.0
0.14700113;0.0;0.15067191;0.0;0.057905346;0.0;0.07859424;0.0;0.0;0.0;0.13270402;0.0;0.14490926;0.0;0.07745318;0.0;0.28238156;0.0;1.0;0.0;0.67382085;0.0;0.18552229;0.0;0.09153798;0.0;0.0;0.0;0.16802874;0.0;0.18348294;0.0;0.094002746;0.0;0.16265722;0.0;9.0;0.0;1.0;0.0;1.0;0.0;1.0;0.0;1.0;0.0;1.0;0.0;1.0;0.0;1.0;0.0;1.0;0.0;1.0;0.0;1.0;0.0;1.0;0.0;1.0;0.0;1.0;0.0;1.0;0.0;1.0;0.0;1.0;0.0;1.0;0.0;1.0;0.0;0.0;0.0;0.0
0.13700117;0.0;0.14042222;0.0;0.059774496;0.0;0.06167425;0.0;0.13880253;0.0;0.1337518;0.0;0.0;0.0;0.09176972;0.0;0.29344657;0.0;1.0;0.0;0.6840705;0.0;0.19751844;0.0;0.10845798;0.0;0.0;0.0;0.16698095;0.0;0.1823388;0.0;0.0925497;0.0;0.0;0.0;9.0;0.0;1.0;0.0;1.0;0.0;1.0;0.0;1.0;0.0;1.0;0.0;1.0;0.0;1.0;0.0;1.0;0.0;1.0;0.0;1.0;0.0;1.0;0.0;1.0;0.0;1.0;0.0;1.0;0.0;1.0;0.0;1.0;0.0;9.0;0.0;1.0;0.0;0.0;0.0;0.0
0.1270012;0.0;0.0;0.0;0.06164364;0.0;0.04475426;0.0;0.13988987;0.0;0.13479957;0.0;0.0;0.0;0.10608627;0.0;0.30451158;0.0;1.0;0.0;0.59125865;0.0;0.20951459;0.0;0.12537798;0.0;0.0;0.0;0.16593318;0.0;0.18119463;0.0;0.091096655;0.0;0.0;0.0;9.0;0.0;9.0;0.0;1.0;0.0;1.0;0.0;1.0;0.0;1.0;0.0;1.0;0.0;1.0;0.0;1.0;0.0;1.0;0.0;1.0;0.0;1.0;0.0;1.0;0.0;1.0;0.0;1.0;0.0;1.0;0.0;1.0;0.0;9.0;0.0;1.0;0.0;0.0;0.0;0.0
0.11700121;0.0;0.0;0.0;0.06351279;0.0;0.02783427;0.0;0.14097723;0.0;0.13584736;0.0;0.0;0.0;0.1204028;0.0;0.20431688;0.0;1.0;0.0;0.6015083;0.0;0.22151074;0.0;0.14229797;0.0;0.1711118;0.0;0.0;0.0;0.040222682;0.0;0.089643605;0.0;0.0;0.0;9.0;0.0;9.0;0.0;1.0;0.0;1.0;0.0;1.0;0.0;1.0;0.0;1.0;0.0;1.0;0.0;1.0;0.0;1.0;0.0;1.0;0.0;1.0;0.0;1.0;0.0;1.0;0.0;1.0;0.0;1.0;0.0;1.0;0.0;9.0;0.0;1.0;0.0;0.0;0.0;0.0
0.107001245;0.0;0.0;0.0;0.06538193;0.0;0.010914279;0.0;0.14206457;0.0;0.13689515;0.0;0.0;0.0;0.13471934;0.0;0.21538189;0.0;1.0;0.0;0.611758;0.0;0.23350692;0.0;0.20201969;0.0;0.17002445;0.0;0.16383763;0.0;0.015771983;0.0;0.08819055;0.0;0.0;0.0;9.0;0.0;9.0;0.0;1.0;0.0;1.0;0.0;1.0;0.0;1.0;0.0;1.0;0.0;1.0;0.0;1.0;0.0;1.0;0.0;1.0;0.0;1.0;0.0;1.0;0.0;1.0;0.0;1.0;0.0;1.0;0.0;1.0;0.0;9.0;0.0;1.0;0.0;0.0;0.0;0.0
0.09700127;0.0;0.0;0.0;0.116364494;0.0;0.046484284;0.0;0.14315191;0.0;0.13794293;0.0;0.008678724;0.0;0.14903589;0.0;0.22644687;0.0;1.0;0.0;0.6220077;0.0;0.24550307;0.0;0.20072773;0.0;0.16893712;0.0;0.16278984;0.0;0.0;0.0;0.0867375;0.0;0.0;0.0;9.0;0.0;9.0;0.0;1.0;0.0;1.0;0.0;1.0;0.0;1.0;0.0;1.0;0.0;1.0;0.0;1.0;0.0;1.0;0.0;1.0;0.0;1.0;0.0;1.0;0.0;1.0;0.0;1.0;0.0;1.0;0.0;1.0;0.0;9.0;0.0;1.0;0.0;0.0;0.0;0.0
0.087001294;0.0;0.0;0.0;0.104368344;0.0;0.047776245;0.0;0.14423926;0.0;0.0;0.0;0.15177415;0.0;0.16335243;0.0;0.23751187;0.0;1.0;0.0;0.63225734;0.0;0.25749922;0.0;0.19943576;0.0;0.16784976;0.0;0.16174206;0.0;0.0;0.0;0.08528446;0.0;0.0;0.0;9.0;0.0;9.0;0.0;1.0;0.0;1.0;0.0;1.0;0.0;1.0;0.0;1.0;0.0;1.0;0.0;1.0;0.0;1.0;0.0;1.0;0.0;1.0;0.0;1.0;0.0;1.0;0.0;1.0;0.0;1.0;0.0;1.0;0.0;9.0;0.0;1.0;0.0;0.0;0.0;0.0
0.07700132;0.0;0.0;0.0;0.092372194;0.0;0.049068213;0.0;0.14532661;0.0;0.14003848;0.0;0.15291831;0.0;0.17766897;0.0;0.24857688;0.0;1.0;0.0;0.642507;0.0;0.26949537;0.0;0.039845705;0.0;0.16676243;0.0;0.16069427;0.0;0.0;0.0;0.08383141;0.0;0.0;0.0;9.0;0.0;9.0;0.0;1.0;0.0;1.0;0.0;1.0;0.0;1.0;0.0;1.0;0.0;1.0;0.0;1.0;0.0;1.0;0.0;1.0;0.0;1.0;0.0;1.0;0.0;1.0;0.0;1.0;0.0;1.0;0.0;1.0;0.0;9.0;0.0;1.0;0.0;0.0;0.0;0.0
0.06700135;0.0;0.0;0.0;0.080376044;0.0;0.050360173;0.0;0.0;0.0;0.14108625;0.0;0.15406245;0.0;0.19565685;0.0;0.2596419;0.0;1.0;0.0;0.65275675;0.0;0.28149152;0.0;0.056765698;0.0;0.16567507;0.0;0.1596465;0.0;0.064865686;0.0;0.08237835;0.0;0.0;0.0;9.0;0.0;9.0;0.0;1.0;0.0;1.0;0.0;1.0;0.0;1.0;0.0;1.0;0.0;1.0;0.0;1.0;0.0;1.0;0.0;1.0;0.0;1.0;0.0;1.0;0.0;1.0;0.0;1.0;0.0;1.0;0.0;1.0;0.0;9.0;0.0;1.0;0.0;0.0;0.0;0.0
0.057001375;0.0;0.05842476;0.0;0.0;0.0;0.05165214;0.0;0.0;0.0;0.14213404;0.0;0.15520659;0.0;0.062347792;0.0;0.2707069;0.0;1.0;0.0;0.6630064;0.0;0.17286515;0.0;0.07368569;0.0;0.16458772;0.0;0.15859872;0.0;0.06372153;0.0;0.0809253;0.0;0.0;0.0;9.0;0.0;9.0;0.0;9.0;0.0;1.0;0.0;1.0;0.0;1.0;0.0;1.0;0.0;1.0;0.0;1.0;0.0;1.0;0.0;1.0;0.0;1.0;0.0;1.0;0.0;1.0;0.0;1.0;0.0;1.0;0.0;1.0;0.0;9.0;0.0;1.0;0.0;0.0;0.0;0.0
0.0470014;0.0;0.048175074;0.0;0.0;0.0;0.0529441;0.0;0.0;0.0;0.14318183;0.0;0.15635075;0.0;0.076664336;0.0;0.28177187;0.0;1.0;0.0;0.6732561;0.0;0.1848613;0.0;0.09060569;0.0;0.0;0.0;0.15755095;0.0;0.06257738;0.0;0.0;0.0;0.0;0.0;9.0;0.0;9.0;0.0;9.0;0.0;1.0;0.0;1.0;0.0;1.0;0.0;1.0;0.0;1.0;0.0;1.0;0.0;1.0;0.0;1.0;0.0;1.0;0.0;1.0;0.0;1.0;0.0;1.0;0.0;1.0;0.0;9.0;0.0;9.0;0.0;1.0;0.0;0.0;0.0;0.0
0.037001427;0.0;0.03792539;0.0;0.0;0.0;0.054236066;0.0;0.04564632;0.0;0.1442296;0.0;0.15749489;0.0;0.09098087;0.0;0.29283687;0.0;1.0;0.0;0.6835058;0.0;0.19685745;0.0;0.107525684;0.0;0.0;0.0;0.15650316;0.0;0.061433237;0.0;0.0;0.0;0.0;0.0;9.0;0.0;9.0;0.0;9.0;0.0;1.0;0.0;1.0;0.0;1.0;0.0;1.0;0.0;1.0;0.0;1.0;0.0;1.0;0.0;1.0;0.0;1.0;0.0;1.0;0.0;1.0;0.0;1.0;0.0;1.0;0.0;9.0;0.0;9.0;0.0;1.0;0.0;0.0;0.0;0.0
0.027001452;0.0;0.027675707;0.0;0.0;0.0;0.0;0.0;0.04673367;0.0;0.14527738;0.0;0.0;0.0;0.105297424;0.0;0.30390188;0.0;1.0;0.0;0.6937555;0.0;0.2088536;0.0;0.12444569;0.0;0.1613257;0.0;0.15545538;0.0;0.060289092;0.0;0.0;0.0;0.0;0.0;9.0;0.0;9.0;0.0;9.0;0.0;9.0;0.0;1.0;0.0;1.0;0.0;1.0;0.0;1.0;0.0;1.0;0.0;1.0;0.0;1.0;0.0;1.0;0.0;1.0;0.0;1.0;0.0;1.0;0.0;1.0;0.0;9.0;0.0;9.0;0.0;1.0;0.0;0.0;0.0;0.0
0.01700148;0.0;0.017426025;0.0;0.0;0.0;0.0;0.0;0.04782101;0.0;0.14632516;0.0;0.0;0.0;0.11961396;0.0;0.3149669;0.0;1.0;0.0;0.7040051;0.0;0.22084975;0.0;0.14136568;0.0;0.16023834;0.0;0.0;0.0;0.0;0.0;0.0;0.0;0.0;0.0;9.0;0.0;9.0;0.0;9.0;0.0;9.0;0.0;1.0;0.0;1.0;0.0;1.0;0.0;1.0;0.0;1.0;0.0;1.0;0.0;1.0;0.0;1.0;0.0;1.0;0.0;1.0;0.0;1.0;0.0;9.0;0.0;9.0;0.0;9.0;0.0;1.0;0.0;0.0;0.0;0.0
0.0070015066;0.0;0.007176341;0.0;0.0;0.0;0.0;0.0;0.0;0.0;0.14737293;0.0;0.0;0.0;0.1339305;0.0;0.32603186;0.0;1.0;0.0;0.71425486;0.0;0.23284593;0.0;0.18910006;0.0;0.15915099;0.0;0.053115565;0.0;0.0;0.0;0.0;0.0;0.007747188;0.0;9.0;0.0;9.0;0.0;9.0;0.0;9.0;0.0;9.0;0.0;1.0;0.0;1.0;0.0;1.0;0.0;1.0;0.0;1.0;0.0;1.0;0.0;1.0;0.0;1.0;0.0;1.0;0.0;1.0;0.0;9.0;0.0;9.0;0.0;9.0;0.0;1.0;0.0;0.0;0.0;0.0
0.8114074;0.0;0.83166903;0.0;0.0083991345;0.0;0.011846572;0.0;0.049995705;0.0;0.14842072;0.0;0.0;0.0;0.1339305;0.0;0.32603186;0.0;1.0;0.0;0.71425486;0.0;0.23284593;0.0;0.18780808;0.0;0.15806365;0.0;0.052067786;0.0;0.056856643;0.0;0.010023763;0.0;0.007747188;0.0;1.0;0.0;1.0;0.0;1.0;0.0;1.0;0.0;1.0;0.0;1.0;0.0;1.0;0.0;1.0;0.0;1.0;0.0;1.0;0.0;1.0;0.0;1.0;0.0;1.0;0.0;1.0;0.0;1.0;0.0;1.0;0.0;1.0;0.0;1.0;0.0;1.0;0.0;0.0;0.0;0.0
0.80140746;0.0;0.8214194;0.0;0.0;0.0;0.0;0.0;0.05108305;0.0;0.14946851;0.0;0.0073314877;0.0;0.14824703;0.0;0.33709687;0.0;1.0;0.0;0.72450453;0.0;0.24484208;0.0;0.18651612;0.0;0.15697631;0.0;0.051020004;0.0;0.0557125;0.0;0.0;0.0;0.88675976;0.0;1.0;0.0;1.0;0.0;1.0;0.0;1.0;0.0;1.0;0.0;1.0;0.0;1.0;0.0;1.0;0.0;1.0;0.0;1.0;0.0;1.0;0.0;1.0;0.0;1.0;0.0;1.0;0.0;1.0;0.0;1.0;0.0;1.0;0.0;1.0;0.0;1.0;0.0;0.0;0.0;0.0
0.79140747;0.0;0.81116974;0.0;0.0;0.0;0.0;0.0;0.052170396;0.0;0.05027203;0.0;0.16435978;0.0;0.16256359;0.0;0.23690219;0.0;1.0;0.0;0.52863103;0.0;0.25683823;0.0;0.021993415;0.0;0.15588896;0.0;0.049972225;0.0;0.05456835;0.0;0.0;0.0;0.87569475;0.0;1.0;0.0;1.0;0.0;1.0;0.0;1.0;0.0;1.0;0.0;1.0;0.0;1.0;0.0;1.0;0.0;1.0;0.0;1.0;0.0;1.0;0.0;1.0;0.0;1.0;0.0;1.0;0.0;1.0;0.0;1.0;0.0;1.0;0.0;1.0;0.0;1.0;0.0;0.0;0.0;0.0
0.7814075;0.0;0.80092;0.0;0.0;0.0;0.0;0.0;0.053257745;0.0;0.051319808;0.0;0.0;0.0;0.17688014;0.0;0.2479672;0.0;1.0;0.0;0.5388807;0.0;0.14821185;0.0;0.03891341;0.0;0.0;0.0;0.048924446;0.0;0.053424202;0.0;0.0;0.0;0.86462975;0.0;1.0;0.0;1.0;0.0;1.0;0.0;1.0;0.0;1.0;0.0;1.0;0.0;1.0;0.0;1.0;0.0;1.0;0.0;1.0;0.0;1.0;0.0;1.0;0.0;1.0;0.0;1.0;0.0;1.0;0.0;1.0;0.0;1.0;0.0;1.0;0.0;1.0;0.0;0.0;0.0;0.0
0.7714075;0.0;0.79067034;0.0;0.8087266;0.0;0.0;0.0;0.05434509;0.0;0.052367587;0.0;0.0;0.0;0.19119667;0.0;0.2590322;0.0;1.0;0.0;0.5491304;0.0;0.16020802;0.0;0.055833407;0.0;0.0;0.0;0.047876664;0.0;0.05228005;0.0;0.0;0.0;0.85356474;0.0;1.0;0.0;1.0;0.0;1.0;0.0;1.0;0.0;1.0;0.0;1.0;0.0;1.0;0.0;1.0;0.0;1.0;0.0;1.0;0.0;1.0;0.0;1.0;0.0;1.0;0.0;1.0;0.0;1.0;0.0;1.0;0.0;1.0;0.0;1.0;0.0;1.0;0.0;0.0;0.0;0.0
0.7614075;0.0;0.78042066;0.0;0.8105957;0.0;0.0;0.0;0.05543244;0.0;0.05341537;0.0;0.0;0.0;0.20551321;0.0;0.2700972;0.0;1.0;0.0;0.55938005;0.0;0.17220417;0.0;0.0;0.0;0.04859724;0.0;0.046828885;0.0;0.0;0.0;0.0;0.0;0.84249973;0.0;1.0;0.0;1.0;0.0;1.0;0.0;1.0;0.0;1.0;0.0;1.0;0.0;1.0;0.0;1.0;0.0;1.0;0.0;1.0;0.0;1.0;0.0;1.0;0.0;1.0;0.0;1.0;0.0;1.0;0.0;1.0;0.0;1.0;0.0;1.0;0.0;1.0;0.0;0.0;0.0;0.0
0.7514075;0.0;0.770171;0.0;0.8124649;0.0;0.0;0.0;0.056519784;0.0;0.054463148;0.0;0.0;0.0;0.0;0.0;0.2811622;0.0;1.0;0.0;0.5696298;0.0;0.18420032;0.0;0.0;0.0;0.047509894;0.0;0.045781106;0.0;0.0;0.0;0.0;0.0;0.8314347;0.0;1.0;0.0;1.0;0.0;1.0;0.0;1.0;0.0;1.0;0.0;1.0;0.0;1.0;0.0;1.0;0.0;1.0;0.0;1.0;0.0;1.0;0.0;1.0;0.0;1.0;0.0;1.0;0.0;1.0;0.0;1.0;0.0;1.0;0.0;1.0;0.0;1.0;0.0;0.0;0.0;0.0
0.7414076;0.0;0.75992125;0.0;0.81433403;0.0;0.5739354;0.0;0.0;0.0;0.055510927;0.0;0.0;0.0;0.0;0.0;0.2922272;0.0;1.0;0.0;0.5798794;0.0;0.19619647;0.0;0.0;0.0;0.04642255;0.0;0.044733323;0.0;0.0;0.0;0.6295794;0.0;0.8203697;0.0;1.0;0.0;1.0;0.0;1.0;0.0;9.0;0.0;1.0;0.0;1.0;0.0;1.0;0.0;1.0;0.0;1.0;0.0;1.0;0.0;1.0;0.0;1.0;0.0;1.0;0.0;1.0;0.0;1.0;0.0;1.0;0.0;1.0;0.0;1.0;0.0;1.0;0.0;0.0;0.0;0.0
0.7314076;0.0;0.7496716;0.0;0.81620324;0.0;0.55701536;0.0;0.0;0.0;0.05655871;0.0;0.061760604;0.0;0.0;0.0;0.3032922;0.0;1.0;0.0;0.59012914;0.0;0.0;0.0;0.0;0.0;0.0453352;0.0;0.043685544;0.0;0.0;0.0;0.61526287;0.0;0.80930483;0.0;1.0;0.0;1.0;0.0;1.0;0.0;9.0;0.0;1.0;0.0;1.0;0.0;1.0;0.0;1.0;0.0;1.0;0.0;1.0;0.0;1.0;0.0;1.0;0.0;1.0;0.0;1.0;0.0;1.0;0.0;1.0;0.0;1.0;0.0;1.0;0.0;1.0;0.0;0.0;0.0;0.0
0.7214076;0.0;0.73942196;0.0;0.8654138;0.0;0.54009545;0.0;0.0;0.0;0.05760649;0.0;0.06290475;0.0;0.0;0.0;0.31435722;0.0;1.0;0.0;0.49731722;0.0;0.0;0.0;0.0;0.0;0.044247855;0.0;0.042637765;0.0;0.5938797;0.0;0.7449006;0.0;0.79823977;0.0;1.0;0.0;1.0;0.0;1.0;0.0;9.0;0.0;1.0;0.0;1.0;0.0;1.0;0.0;1.0;0.0;1.0;0.0;1.0;0.0;1.0;0.0;1.0;0.0;1.0;0.0;1.0;0.0;1.0;0.0;1.0;0.0;1.0;0.0;1.0;0.0;1.0;0.0;0.0;0.0;0.0
0.71140766;0.0;0.7291722;0.0;0.8534176;0.0;0.5231754;0.0;0.58101755;0.0;0.058654267;0.0;0.0640489;0.0;0.0;0.0;0.32542223;0.0;1.0;0.0;0.50756687;0.0;0.0;0.0;0.0;0.0;0.043160506;0.0;0.0;0.0;0.5927355;0.0;0.730584;0.0;0.78717476;0.0;1.0;0.0;1.0;0.0;1.0;0.0;9.0;0.0;1.0;0.0;1.0;0.0;1.0;0.0;1.0;0.0;1.0;0.0;1.0;0.0;1.0;0.0;1.0;0.0;1.0;0.0;1.0;0.0;1.0;0.0;1.0;0.0;1.0;0.0;1.0;0.0;1.0;0.0;0.0;0.0;0.0
0.7014077;0.0;0.71892256;0.0;0.8414215;0.0;0.6916456;0.0;0.58210486;0.0;0.05970205;0.0;0.06519305;0.0;0.0035039373;0.0;0.3364872;0.0;1.0;0.0;0.5178166;0.0;0.0029360284;0.0;0.049990494;0.0;0.04207316;0.0;0.5417634;0.0;0.5915914;0.0;0.71626747;0.0;0.54850304;0.0;1.0;0.0;1.0;0.0;1.0;0.0;1.0;0.0;1.0;0.0;1.0;0.0;1.0;0.0;1.0;0.0;1.0;0.0;1.0;0.0;1.0;0.0;1.0;0.0;1.0;0.0;1.0;0.0;1.0;0.0;1.0;0.0;1.0;0.0;1.0;0.0;1.0;0.0;0.0;0.0;0.0
0.69140774;0.0;0.7086729;0.0;0.82942533;0.0;0.6929376;0.0;0.31789416;0.0;0.16099408;0.0;0.0663372;0.0;0.01782048;0.0;0.3475522;0.0;1.0;0.0;0.5280663;0.0;0.014932183;0.0;0.04869853;0.0;0.040985815;0.0;0.5407157;0.0;0.59044725;0.0;0.70195097;0.0;0.5461186;0.0;1.0;0.0;1.0;0.0;1.0;0.0;1.0;0.0;1.0;0.0;1.0;0.0;1.0;0.0;1.0;0.0;1.0;0.0;1.0;0.0;1.0;0.0;1.0;0.0;1.0;0.0;1.0;0.0;1.0;0.0;1.0;0.0;1.0;0.0;1.0;0.0;1.0;0.0;0.0;0.0;0.0
0.68140775;0.0;0.6984232;0.0;0.646722;0.0;0.6425476;0.0;0.28181225;0.0;0.26228613;0.0;0.06748135;0.0;0.03213702;0.0;0.35861722;0.0;1.0;0.0;0.5383159;0.0;0.026928335;0.0;0.047406565;0.0;0.039898466;0.0;0.5396679;0.0;0.43682283;0.0;0.6876344;0.0;0.54373425;0.0;1.0;0.0;1.0;0.0;1.0;0.0;1.0;0.0;1.0;0.0;1.0;0.0;1.0;0.0;1.0;0.0;1.0;0.0;1.0;0.0;1.0;0.0;1.0;0.0;1.0;0.0;1.0;0.0;1.0;0.0;1.0;0.0;1.0;0.0;1.0;0.0;1.0;0.0;0.0;0.0;0.0
0.67140776;0.0;0.6881735;0.0;0.64859116;0.0;0.62562764;0.0;0.24573037;0.0;0.36357814;0.0;0.068625495;0.0;0.046453565;0.0;0.035903133;0.0;1.0;0.0;0.5485656;0.0;0.03892449;0.0;0.0461146;0.0;0.03881112;0.0;0.5386201;0.0;0.4123721;0.0;0.67331785;0.0;0.5413498;0.0;1.0;0.0;1.0;0.0;1.0;0.0;1.0;0.0;1.0;0.0;1.0;0.0;1.0;0.0;1.0;0.0;1.0;0.0;1.0;0.0;1.0;0.0;1.0;0.0;1.0;0.0;1.0;0.0;1.0;0.0;1.0;0.0;1.0;0.0;1.0;0.0;1.0;0.0;0.0;0.0;0.0
0.6614078;0.0;0.6779238;0.0;0.65046036;0.0;0.60870767;0.0;0.5864543;0.0;0.0;0.0;0.069769636;0.0;0.060770106;0.0;0.046968136;0.0;1.0;0.0;0.5588153;0.0;0.050920643;0.0;0.04482264;0.0;0.14175346;0.0;0.5375723;0.0;0.38792142;0.0;0.65900135;0.0;0.53896546;0.0;1.0;0.0;1.0;0.0;1.0;0.0;1.0;0.0;1.0;0.0;1.0;0.0;1.0;0.0;1.0;0.0;1.0;0.0;1.0;0.0;1.0;0.0;1.0;0.0;1.0;0.0;1.0;0.0;1.0;0.0;1.0;0.0;1.0;0.0;1.0;0.0;1.0;0.0;0.0;0.0;0.0
0.65140784;0.0;0.26777416;0.0;0.6523295;0.0;0.5917877;0.0;0.58754164;0.0;0.5661622;0.0;0.07091379;0.0;0.075086646;0.0;0.05803313;0.0;1.0;0.0;0.053757004;0.0;0.0629168;0.0;0.043530677;0.0;0.1406661;0.0;0.5365246;0.0;0.36347073;0.0;0.6446848;0.0;0.5365811;0.0;1.0;0.0;1.0;0.0;1.0;0.0;1.0;0.0;1.0;0.0;1.0;0.0;1.0;0.0;1.0;0.0;1.0;0.0;1.0;0.0;1.0;0.0;1.0;0.0;1.0;0.0;1.0;0.0;1.0;0.0;1.0;0.0;1.0;0.0;1.0;0.0;1.0;0.0;0.0;0.0;0.0
0.64140785;0.0;0.27209455;0.0;0.65419865;0.0;0.57486767;0.0;0.58862895;0.0;0.56721;0.0;0.07205794;0.0;0.09151243;0.0;0.06909814;0.0;1.0;0.0;0.064006686;0.0;0.07491295;0.0;0.042238712;0.0;0.13957876;0.0;0.0;0.0;0.33902;0.0;0.63036823;0.0;0.53419673;0.0;1.0;0.0;1.0;0.0;1.0;0.0;1.0;0.0;1.0;0.0;1.0;0.0;1.0;0.0;1.0;0.0;1.0;0.0;1.0;0.0;1.0;0.0;1.0;0.0;1.0;0.0;1.0;0.0;1.0;0.0;1.0;0.0;1.0;0.0;1.0;0.0;1.0;0.0;0.0;0.0;0.0
0.63140786;0.0;0.2764149;0.0;0.6560677;0.0;0.5579477;0.0;0.5897163;0.0;0.56825775;0.0;0.07320209;0.0;0.092965476;0.0;0.080163136;0.0;1.0;0.0;0.074256375;0.0;0.0869091;0.0;0.040946748;0.0;0.24252109;0.0;0.534429;0.0;0.58358234;0.0;0.6160517;0.0;0.5318123;0.0;1.0;0.0;1.0;0.0;1.0;0.0;1.0;0.0;1.0;0.0;1.0;0.0;1.0;0.0;1.0;0.0;1.0;0.0;1.0;0.0;1.0;0.0;1.0;0.0;1.0;0.0;1.0;0.0;1.0;0.0;9.0;0.0;1.0;0.0;1.0;0.0;1.0;0.0;0.0;0.0;0.0
0.62140787;0.0;0.28073525;0.0;0.65793693;0.0;0.54102767;0.0;0.5908037;0.0;0.56930554;0.0;0.1838103;0.0;0.094418526;0.0;0.09122814;0.0;1.0;0.0;0.08450605;0.0;0.09890526;0.0;0.039654784;0.0;0.24143374;0.0;0.5333812;0.0;0.5824382;0.0;0.6017352;0.0;0.5294279;0.0;1.0;0.0;1.0;0.0;1.0;0.0;1.0;0.0;1.0;0.0;1.0;0.0;1.0;0.0;1.0;0.0;1.0;0.0;1.0;0.0;1.0;0.0;1.0;0.0;1.0;0.0;1.0;0.0;1.0;0.0;9.0;0.0;1.0;0.0;1.0;0.0;1.0;0.0;0.0;0.0;0.0
0.6114079;0.0;0.2850556;0.0;0.6598061;0.0;0.7032733;0.0;0.591891;0.0;0.5703533;0.0;0.18495443;0.0;0.09587158;0.0;0.102293134;0.0;1.0;0.0;0.09475574;0.0;0.110901415;0.0;0.038362823;0.0;0.2403464;0.0;0.5323335;0.0;0.58129406;0.0;0.7313729;0.0;0.5270435;0.0;1.0;0.0;1.0;0.0;1.0;0.0;1.0;0.0;1.0;0.0;1.0;0.0;1.0;0.0;1.0;0.0;1.0;0.0;1.0;0.0;1.0;0.0;1.0;0.0;1.0;0.0;1.0;0.0;1.0;0.0;9.0;0.0;1.0;0.0;1.0;0.0;1.0;0.0;0.0;0.0;0.0
0.6014079;0.0;0.28937596;0.0;0.6616752;0.0;0.7045653;0.0;0.59297836;0.0;0.5714011;0.0;0.18609859;0.0;0.097324625;0.0;0.113358185;0.0;1.0;0.0;0.105005465;0.0;0.053632207;0.0;0.16067685;0.0;0.34328872;0.0;0.53128564;0.0;0.5801499;0.0;0.7170563;0.0;0.52465916;0.0;1.0;0.0;1.0;0.0;1.0;0.0;1.0;0.0;1.0;0.0;1.0;0.0;1.0;0.0;1.0;0.0;1.0;0.0;1.0;0.0;1.0;0.0;1.0;0.0;1.0;0.0;1.0;0.0;1.0;0.0;9.0;0.0;1.0;0.0;1.0;0.0;1.0;0.0;0.0;0.0;0.0
0.5914079;0.0;0.29369634;0.0;0.7094637;0.0;0.7058572;0.0;0.31988192;0.0;0.57244885;0.0;0.18724273;0.0;0.098777674;0.0;0.12442324;0.0;1.0;0.0;0.1152552;0.0;0.051763058;0.0;0.15938489;0.0;0.3422014;0.0;0.53023785;0.0;0.5790058;0.0;0.70273966;0.0;0.5222748;0.0;1.0;0.0;1.0;0.0;1.0;0.0;1.0;0.0;1.0;0.0;1.0;0.0;1.0;0.0;1.0;0.0;1.0;0.0;1.0;0.0;1.0;0.0;1.0;0.0;1.0;0.0;1.0;0.0;1.0;0.0;9.0;0.0;1.0;0.0;1.0;0.0;1.0;0.0;0.0;0.0;0.0
0.58140785;0.0;0.59592617;0.0;0.69746745;0.0;0.6434797;0.0;0.28379983;0.0;0.5734967;0.0;0.29785094;0.0;0.10023073;0.0;0.1354883;0.0;1.0;0.0;0.12550494;0.0;0.049893912;0.0;0.15809293;0.0;0.34111404;0.0;0.5291901;0.0;0.43816972;0.0;0.68842304;0.0;0.51989037;0.0;1.0;0.0;1.0;0.0;1.0;0.0;1.0;0.0;1.0;0.0;1.0;0.0;1.0;0.0;1.0;0.0;1.0;0.0;1.0;0.0;1.0;0.0;1.0;0.0;1.0;0.0;1.0;0.0;1.0;0.0;9.0;0.0;1.0;0.0;1.0;0.0;1.0;0.0;0.0;0.0;0.0
0.57140785;0.0;0.5856765;0.0;0.6854713;0.0;0.6265596;0.0;0.24771778;0.0;0.5745445;0.0;0.29899508;0.0;0.10168377;0.0;0.14655335;0.0;1.0;0.0;0.13575467;0.0;0.048024766;0.0;0.15680096;0.0;0.44405636;0.0;0.52814233;0.0;0.41371888;0.0;0.6741065;0.0;0.6322645;0.0;1.0;0.0;1.0;0.0;1.0;0.0;1.0;0.0;1.0;0.0;1.0;0.0;1.0;0.0;1.0;0.0;1.0;0.0;1.0;0.0;1.0;0.0;1.0;0.0;1.0;0.0;1.0;0.0;1.0;0.0;9.0;0.0;1.0;0.0;1.0;0.0;1.0;0.0;0.0;0.0;0.0
0.5614078;0.0;0.5754267;0.0;0.6734751;0.0;0.6096395;0.0;0.5973277;0.0;0.0;0.0;0.30013925;0.0;0.10313682;0.0;0.1576184;0.0;1.0;0.0;0.14600441;0.0;0.04615562;0.0;0.15550901;0.0;0.44296902;0.0;0.52709454;0.0;0.38926807;0.0;0.65978986;0.0;0.6211995;0.0;1.0;0.0;1.0;0.0;1.0;0.0;1.0;0.0;9.0;0.0;1.0;0.0;1.0;0.0;1.0;0.0;1.0;0.0;1.0;0.0;1.0;0.0;1.0;0.0;1.0;0.0;1.0;0.0;1.0;0.0;9.0;0.0;1.0;0.0;1.0;0.0;1.0;0.0;0.0;0.0;0.0
0.55140775;0.0;0.565177;0.0;0.4921941;0.0;0.59271944;0.0;0.5984151;0.0;0.57664;0.0;0.3012834;0.0;0.10458988;0.0;0.16868345;0.0;1.0;0.0;0.15625414;0.0;0.044286475;0.0;0.15421703;0.0;0.1872532;0.0;0.52604675;0.0;0.36481726;0.0;0.6454732;0.0;0.6101344;0.0;1.0;0.0;1.0;0.0;1.0;0.0;1.0;0.0;9.0;0.0;1.0;0.0;1.0;0.0;1.0;0.0;1.0;0.0;1.0;0.0;1.0;0.0;1.0;0.0;1.0;0.0;1.0;0.0;1.0;0.0;9.0;0.0;1.0;0.0;1.0;0.0;1.0;0.0;0.0;0.0;0.0
0.54140776;0.0;0.55492723;0.0;0.49406323;0.0;0.5757994;0.0;0.59950244;0.0;0.5776878;0.0;0.30242753;0.0;0.10604292;0.0;0.1797485;0.0;1.0;0.0;0.16650388;0.0;0.04241733;0.0;0.15292507;0.0;0.22333524;0.0;0.0;0.0;0.34036642;0.0;0.63115656;0.0;0.59906936;0.0;1.0;0.0;1.0;0.0;1.0;0.0;1.0;0.0;9.0;0.0;1.0;0.0;1.0;0.0;1.0;0.0;1.0;0.0;1.0;0.0;1.0;0.0;1.0;0.0;1.0;0.0;1.0;0.0;1.0;0.0;9.0;0.0;1.0;0.0;1.0;0.0;1.0;0.0;0.0;0.0;0.0
0.5314077;0.0;0.54467756;0.0;0.4959324;0.0;0.5588793;0.0;0.60058975;0.0;0.5787356;0.0;0.41303572;0.0;0.24651358;0.0;0.19081357;0.0;1.0;0.0;0.17675361;0.0;0.040548183;0.0;0.2752391;0.0;0.2594173;0.0;0.5239512;0.0;0.5721409;0.0;0.61684;0.0;0.5880043;0.0;1.0;0.0;1.0;0.0;1.0;0.0;1.0;0.0;9.0;0.0;1.0;0.0;1.0;0.0;1.0;0.0;1.0;0.0;1.0;0.0;1.0;0.0;1.0;0.0;1.0;0.0;1.0;0.0;1.0;0.0;1.0;0.0;1.0;0.0;1.0;0.0;1.0;0.0;0.0;0.0;0.0
0.5214077;0.0;0.5344278;0.0;0.49780154;0.0;0.714901;0.0;0.6016771;0.0;0.5797833;0.0;0.4141799;0.0;0.24796662;0.0;0.20187862;0.0;1.0;0.0;0.18700334;0.0;0.21886733;0.0;0.27394715;0.0;0.5426493;0.0;0.52290344;0.0;0.5709967;0.0;0.6025234;0.0;0.5769392;0.0;1.0;0.0;1.0;0.0;1.0;0.0;1.0;0.0;9.0;0.0;1.0;0.0;1.0;0.0;1.0;0.0;1.0;0.0;1.0;0.0;1.0;0.0;1.0;0.0;1.0;0.0;1.0;0.0;1.0;0.0;1.0;0.0;1.0;0.0;1.0;0.0;1.0;0.0;0.0;0.0;0.0
0.51140773;0.0;0.5241781;0.0;0.49967065;0.0;0.71619296;0.0;0.6027645;0.0;0.58083117;0.0;0.41532403;0.0;0.24941969;0.0;0.21294367;0.0;1.0;0.0;0.19725308;0.0;0.23086353;0.0;0.2726552;0.0;0.54156196;0.0;0.52185565;0.0;0.5698526;0.0;0.58820677;0.0;0.5658742;0.0;1.0;0.0;1.0;0.0;1.0;0.0;1.0;0.0;9.0;0.0;1.0;0.0;1.0;0.0;1.0;0.0;1.0;0.0;1.0;0.0;1.0;0.0;1.0;0.0;1.0;0.0;1.0;0.0;1.0;0.0;1.0;0.0;1.0;0.0;1.0;0.0;1.0;0.0;0.0;0.0;0.0
0.5014077;0.0;0.51392835;0.0;0.5015398;0.0;0.7174849;0.0;0.6038518;0.0;0.5818789;0.0;0.4164682;0.0;0.25087273;0.0;0.22400872;0.0;1.0;0.0;0.2075028;0.0;0.24285975;0.0;0.2713632;0.0;0.54047465;0.0;0.52080786;0.0;0.5687084;0.0;0.58323276;0.0;0.55480915;0.0;1.0;0.0;1.0;0.0;1.0;0.0;1.0;0.0;9.0;0.0;1.0;0.0;1.0;0.0;1.0;0.0;1.0;0.0;1.0;0.0;1.0;0.0;1.0;0.0;1.0;0.0;1.0;0.0;1.0;0.0;1.0;0.0;1.0;0.0;1.0;0.0;1.0;0.0;0.0;0.0;0.0
0.4914077;0.0;0.5036786;0.0;0.50340897;0.0;0.66133124;0.0;0.3218683;0.0;0.5829267;0.0;0.4176123;0.0;0.25232577;0.0;0.23507378;0.0;1.0;0.0;0.21775253;0.0;0.25485593;0.0;0.27007124;0.0;0.5393873;0.0;0.5197601;0.0;0.5675643;0.0;0.5817798;0.0;0.5437441;0.0;1.0;0.0;1.0;0.0;1.0;0.0;1.0;0.0;9.0;0.0;1.0;0.0;1.0;0.0;1.0;0.0;1.0;0.0;1.0;0.0;1.0;0.0;1.0;0.0;1.0;0.0;1.0;0.0;1.0;0.0;1.0;0.0;1.0;0.0;1.0;0.0;1.0;0.0;0.0;0.0;0.0
0.48140764;0.0;0.4934289;0.0;0.5052781;0.0;0.64441115;0.0;0.2857862;0.0;0.5839745;0.0;0.52822053;0.0;0.25377885;0.0;0.24613884;0.0;1.0;0.0;0.22800227;0.0;0.26685217;0.0;0.2687793;0.0;0.5382999;0.0;0.51871234;0.0;0.56642014;0.0;0.5803267;0.0;0.532679;0.0;1.0;0.0;1.0;0.0;1.0;0.0;1.0;0.0;9.0;0.0;1.0;0.0;1.0;0.0;1.0;0.0;1.0;0.0;1.0;0.0;1.0;0.0;1.0;0.0;1.0;0.0;1.0;0.0;1.0;0.0;1.0;0.0;1.0;0.0;1.0;0.0;1.0;0.0;0.0;0.0;0.0
0.4714076;0.0;0.48317915;0.0;0.50714725;0.0;0.6274911;0.0;0.24970417;0.0;0.5850223;0.0;0.5293647;0.0;0.2552319;0.0;0.25720388;0.0;1.0;0.0;0.238252;0.0;0.20816007;0.0;0.3910933;0.0;0.5372126;0.0;0.51766455;0.0;0.41506496;0.0;0.5788737;0.0;0.52161396;0.0;1.0;0.0;1.0;0.0;1.0;0.0;1.0;0.0;9.0;0.0;1.0;0.0;1.0;0.0;1.0;0.0;1.0;0.0;1.0;0.0;1.0;0.0;1.0;0.0;1.0;0.0;1.0;0.0;1.0;0.0;1.0;0.0;1.0;0.0;1.0;0.0;1.0;0.0;0.0;0.0;0.0
0.4614076;0.0;0.47292942;0.0;0.553513;0.0;0.610571;0.0;0.60820115;0.0;0.0;0.0;0.5305089;0.0;0.25668493;0.0;0.26826894;0.0;1.0;0.0;0.24850173;0.0;0.20629093;0.0;0.38980135;0.0;0.53612524;0.0;0.5166167;0.0;0.39061412;0.0;0.5774206;0.0;0.51054895;0.0;1.0;0.0;1.0;0.0;1.0;0.0;1.0;0.0;1.0;0.0;1.0;0.0;1.0;0.0;1.0;0.0;1.0;0.0;1.0;0.0;1.0;0.0;1.0;0.0;1.0;0.0;1.0;0.0;1.0;0.0;1.0;0.0;1.0;0.0;1.0;0.0;1.0;0.0;0.0;0.0;0.0
0.45140758;0.0;0.46267968;0.0;0.5415168;0.0;0.59365094;0.0;0.6092886;0.0;0.5871178;0.0;0.531653;0.0;0.25813797;0.0;0.279334;0.0;1.0;0.0;0.25875145;0.0;0.20442179;0.0;0.3885094;0.0;0.18526682;0.0;0.515569;0.0;0.3661633;0.0;0.57596755;0.0;0.49948388;0.0;1.0;0.0;1.0;0.0;1.0;0.0;1.0;0.0;1.0;0.0;1.0;0.0;1.0;0.0;1.0;0.0;1.0;0.0;1.0;0.0;1.0;0.0;1.0;0.0;1.0;0.0;1.0;0.0;1.0;0.0;1.0;0.0;1.0;0.0;1.0;0.0;1.0;0.0;0.0;0.0;0.0
0.44140753;0.0;0.45242995;0.0;0.5295206;0.0;0.57673085;0.0;0.6103759;0.0;0.58816564;0.0;0.53279716;0.0;0.25959104;0.0;0.29039904;0.0;1.0;0.0;0.2690012;0.0;0.20255263;0.0;0.38721743;0.0;0.22134885;0.0;0.0;0.0;0.3417125;0.0;0.5745145;0.0;0.48841882;0.0;1.0;0.0;1.0;0.0;1.0;0.0;1.0;0.0;1.0;0.0;1.0;0.0;1.0;0.0;1.0;0.0;1.0;0.0;1.0;0.0;1.0;0.0;1.0;0.0;1.0;0.0;1.0;0.0;1.0;0.0;1.0;0.0;1.0;0.0;1.0;0.0;1.0;0.0;0.0;0.0;0.0
0.43140754;0.0;0.44218022;0.0;0.51752436;0.0;0.5598108;0.0;0.6114632;0.0;0.5892134;0.0;0.42030135;0.0;0.26104409;0.0;0.3014641;0.0;1.0;0.0;0.27925092;0.0;0.2006835;0.0;0.38592547;0.0;0.2574309;0.0;0.5134734;0.0;0.3172617;0.0;0.57306147;0.0;0.2560031;0.0;1.0;0.0;1.0;0.0;1.0;0.0;1.0;0.0;1.0;0.0;1.0;0.0;1.0;0.0;1.0;0.0;1.0;0.0;1.0;0.0;1.0;0.0;1.0;0.0;1.0;0.0;1.0;0.0;9.0;0.0;1.0;0.0;1.0;0.0;1.0;0.0;1.0;0.0;0.0;0.0;0.0
0.42140752;0.0;0.43193048;0.0;0.33766612;0.0;0.60421455;0.0;0.6125506;0.0;0.59026116;0.0;0.44475216;0.0;0.4015147;0.0;0.31252915;0.0;1.0;0.0;0.28950065;0.0;0.19881435;0.0;0.38463348;0.0;0.53177583;0.0;0.5124256;0.0;0.55955523;0.0;0.5716084;0.0;0.25361872;0.0;1.0;0.0;1.0;0.0;1.0;0.0;1.0;0.0;1.0;0.0;1.0;0.0;1.0;0.0;1.0;0.0;1.0;0.0;1.0;0.0;1.0;0.0;1.0;0.0;1.0;0.0;1.0;0.0;9.0;0.0;1.0;0.0;1.0;0.0;1.0;0.0;1.0;0.0;0.0;0.0;0.0
0.41140747;0.0;0.42168075;0.0;0.3395353;0.0;0.60550654;0.0;0.6136379;0.0;0.59130895;0.0;0.469203;0.0;0.40296778;0.0;0.20500863;0.0;1.0;0.0;0.2997504;0.0;0.1969452;0.0;0.38334155;0.0;0.5306885;0.0;0.5113779;0.0;0.55841106;0.0;0.5701554;0.0;0.25123435;0.0;1.0;0.0;1.0;0.0;1.0;0.0;1.0;0.0;1.0;0.0;1.0;0.0;1.0;0.0;1.0;0.0;1.0;0.0;1.0;0.0;1.0;0.0;1.0;0.0;1.0;0.0;1.0;0.0;9.0;0.0;1.0;0.0;1.0;0.0;1.0;0.0;1.0;0.0;0.0;0.0;0.0
0.40140748;0.0;0.411431;0.0;0.3414044;0.0;0.6067985;0.0;0.61472523;0.0;0.59235674;0.0;0.49365383;0.0;0.40442085;0.0;0.20739302;0.0;1.0;0.0;0.31000012;0.0;0.19507606;0.0;0.5056556;0.0;0.5296012;0.0;0.5103301;0.0;0.55726695;0.0;0.56870234;0.0;0.24884996;0.0;1.0;0.0;1.0;0.0;1.0;0.0;1.0;0.0;1.0;0.0;1.0;0.0;1.0;0.0;1.0;0.0;1.0;0.0;1.0;0.0;1.0;0.0;1.0;0.0;1.0;0.0;1.0;0.0;9.0;0.0;1.0;0.0;1.0;0.0;1.0;0.0;1.0;0.0;0.0;0.0;0.0
0.39140743;0.0;0.40118128;0.0;0.34327358;0.0;0.6080905;0.0;0.32385468;0.0;0.5934045;0.0;0.64798194;0.0;0.40587386;0.0;0.2097774;0.0;1.0;0.0;0.32024986;0.0;0.37481806;0.0;0.50436366;0.0;0.5285138;0.0;0.5092823;0.0;0.5561228;0.0;0.42823166;0.0;0.24646556;0.0;1.0;0.0;1.0;0.0;1.0;0.0;1.0;0.0;1.0;0.0;1.0;0.0;1.0;0.0;1.0;0.0;1.0;0.0;1.0;0.0;1.0;0.0;1.0;0.0;1.0;0.0;1.0;0.0;9.0;0.0;1.0;0.0;1.0;0.0;1.0;0.0;1.0;0.0;0.0;0.0;0.0
0.38140744;0.0;0.39093155;0.0;0.34514272;0.0;0.60938245;0.0;0.2877726;0.0;0.59445226;0.0;0.6491261;0.0;0.40732694;0.0;0.21216181;0.0;1.0;0.0;0.3304996;0.0;0.3868143;0.0;0.50307167;0.0;0.5274265;0.0;0.5082345;0.0;0.55497867;0.0;0.42677864;0.0;0.24408118;0.0;1.0;0.0;1.0;0.0;1.0;0.0;1.0;0.0;1.0;0.0;1.0;0.0;1.0;0.0;1.0;0.0;1.0;0.0;1.0;0.0;1.0;0.0;1.0;0.0;1.0;0.0;1.0;0.0;9.0;0.0;1.0;0.0;1.0;0.0;1.0;0.0;1.0;0.0;0.0;0.0;0.0
0.3714074;0.0;0.0;0.0;0.34701186;0.0;0.61067444;0.0;0.6179873;0.0;0.59550005;0.0;0.6502702;0.0;0.40878;0.0;0.21454617;0.0;1.0;0.0;0.024597652;0.0;0.39881048;0.0;0.5017797;0.0;0.5263392;0.0;0.5071868;0.0;0.416411;0.0;0.42532557;0.0;0.24169679;0.0;1.0;0.0;1.0;0.0;1.0;0.0;1.0;0.0;1.0;0.0;1.0;0.0;1.0;0.0;1.0;0.0;1.0;0.0;1.0;0.0;1.0;0.0;1.0;0.0;1.0;0.0;1.0;0.0;9.0;0.0;1.0;0.0;1.0;0.0;1.0;0.0;1.0;0.0;0.0;0.0;0.0
0.36140737;0.0;0.0;0.0;0.348881;0.0;0.48836035;0.0;0.6190747;0.0;0.59654784;0.0;0.6514144;0.0;0.41023302;0.0;0.21693058;0.0;1.0;0.0;0.020277295;0.0;0.41080672;0.0;0.5004877;0.0;0.52525175;0.0;0.5061389;0.0;0.3919602;0.0;0.42387253;0.0;0.23931241;0.0;1.0;0.0;1.0;0.0;1.0;0.0;1.0;0.0;1.0;0.0;1.0;0.0;1.0;0.0;1.0;0.0;1.0;0.0;1.0;0.0;1.0;0.0;1.0;0.0;1.0;0.0;1.0;0.0;9.0;0.0;1.0;0.0;1.0;0.0;1.0;0.0;1.0;0.0;0.0;0.0;0.0
0.35140735;0.0;0.0;0.0;0.35075015;0.0;0.4896523;0.0;0.620162;0.0;0.5975956;0.0;0.6525585;0.0;0.4116861;0.0;0.21931496;0.0;1.0;0.0;0.015956938;0.0;0.3645571;0.0;0.49919575;0.0;0.18328044;0.0;0.5050912;0.0;0.3675094;0.0;0.4224195;0.0;0.23692802;0.0;1.0;0.0;1.0;0.0;1.0;0.0;1.0;0.0;1.0;0.0;9.0;0.0;1.0;0.0;1.0;0.0;1.0;0.0;1.0;0.0;1.0;0.0;1.0;0.0;1.0;0.0;1.0;0.0;9.0;0.0;1.0;0.0;1.0;0.0;1.0;0.0;1.0;0.0;0.0;0.0;0.0
0.34140736;0.0;0.0;0.0;0.40955848;0.0;0.4909443;0.0;0.6212493;0.0;0.5986434;0.0;0.6537027;0.0;0.4131391;0.0;0.22169933;0.0;1.0;0.0;0.011636581;0.0;0.36268795;0.0;0.49790376;0.0;0.21936247;0.0;0.0;0.0;0.34305856;0.0;0.42096645;0.0;0.23454364;0.0;1.0;0.0;1.0;0.0;1.0;0.0;1.0;0.0;1.0;0.0;9.0;0.0;1.0;0.0;1.0;0.0;1.0;0.0;1.0;0.0;1.0;0.0;1.0;0.0;1.0;0.0;1.0;0.0;9.0;0.0;1.0;0.0;1.0;0.0;1.0;0.0;1.0;0.0;0.0;0.0;0.0
0.3314073;0.0;0.0;0.0;0.39756227;0.0;0.49223623;0.0;0.6223367;0.0;0.59969115;0.0;0.41895527;0.0;0.41459218;0.0;0.22408374;0.0;1.0;0.0;0.007316225;0.0;0.3608188;0.0;0.460051;0.0;0.25544453;0.0;0.5029956;0.0;0.31860775;0.0;0.41951337;0.0;0.23215923;0.0;1.0;0.0;1.0;0.0;1.0;0.0;1.0;0.0;1.0;0.0;9.0;0.0;1.0;0.0;1.0;0.0;1.0;0.0;1.0;0.0;1.0;0.0;1.0;0.0;1.0;0.0;1.0;0.0;1.0;0.0;1.0;0.0;1.0;0.0;1.0;0.0;1.0;0.0;0.0;0.0;0.0
0.3214073;0.0;0.0;0.0;0.38556606;0.0;0.49352822;0.0;0.62342405;0.0;0.60073894;0.0;0.4434061;0.0;0.41604525;0.0;0.22646812;0.0;1.0;0.0;0.0029958677;0.0;0.35894966;0.0;0.47697106;0.0;0.5209024;0.0;0.5019478;0.0;0.54811376;0.0;0.41806036;0.0;0.22977486;0.0;1.0;0.0;1.0;0.0;1.0;0.0;1.0;0.0;1.0;0.0;9.0;0.0;1.0;0.0;1.0;0.0;1.0;0.0;1.0;0.0;1.0;0.0;1.0;0.0;1.0;0.0;1.0;0.0;1.0;0.0;1.0;0.0;1.0;0.0;1.0;0.0;1.0;0.0;0.0;0.0;0.0
0.31140727;0.0;0.0013244906;0.0;0.37356985;0.0;0.49482018;0.0;0.62451136;0.0;0.60178673;0.0;0.46785694;0.0;0.5565159;0.0;0.22885251;0.0;1.0;0.0;0.0;0.0;0.35708052;0.0;0.49389115;0.0;0.5198151;0.0;0.50090003;0.0;0.5469696;0.0;0.4166073;0.0;0.22739048;0.0;1.0;0.0;1.0;0.0;1.0;0.0;1.0;0.0;1.0;0.0;9.0;0.0;1.0;0.0;1.0;0.0;1.0;0.0;1.0;0.0;1.0;0.0;1.0;0.0;1.0;0.0;1.0;0.0;1.0;0.0;1.0;0.0;1.0;0.0;1.0;0.0;1.0;0.0;0.0;0.0;0.0
0.30140725;0.0;0.30893368;0.0;0.36157364;0.0;0.4961121;0.0;0.36192313;0.0;0.6028345;0.0;0.49230775;0.0;0.557969;0.0;0.23123689;0.0;1.0;0.0;0.41249746;0.0;0.35521135;0.0;0.5108112;0.0;0.51872766;0.0;0.49985227;0.0;0.5458255;0.0;0.41515422;0.0;0.33350804;0.0;1.0;0.0;1.0;0.0;1.0;0.0;1.0;0.0;1.0;0.0;9.0;0.0;1.0;0.0;1.0;0.0;1.0;0.0;1.0;0.0;1.0;0.0;1.0;0.0;1.0;0.0;1.0;0.0;1.0;0.0;1.0;0.0;1.0;0.0;1.0;0.0;1.0;0.0;0.0;0.0;0.0
0.29140723;0.0;0.29868397;0.0;0.18313818;0.0;0.37379807;0.0;0.32584107;0.0;0.6038823;0.0;0.51675856;0.0;0.55942196;0.0;0.23362128;0.0;1.0;0.0;0.4227472;0.0;0.35334224;0.0;0.5277313;0.0;0.51764035;0.0;0.49880448;0.0;0.5446813;0.0;0.4137012;0.0;0.32244298;0.0;1.0;0.0;1.0;0.0;1.0;0.0;1.0;0.0;1.0;0.0;9.0;0.0;1.0;0.0;1.0;0.0;1.0;0.0;1.0;0.0;1.0;0.0;1.0;0.0;1.0;0.0;1.0;0.0;1.0;0.0;1.0;0.0;1.0;0.0;1.0;0.0;1.0;0.0;0.0;0.0;0.0
0.2814072;0.0;0.28843424;0.0;0.18500732;0.0;0.37509003;0.0;0.28975898;0.0;0.60493004;0.0;0.6605676;0.0;0.56087506;0.0;0.46743995;0.0;1.0;0.0;0.43299693;0.0;0.35147306;0.0;0.5446514;0.0;0.51655304;0.0;0.49775672;0.0;0.5435372;0.0;0.27323055;0.0;0.31137794;0.0;1.0;0.0;1.0;0.0;1.0;0.0;1.0;0.0;1.0;0.0;9.0;0.0;1.0;0.0;1.0;0.0;1.0;0.0;1.0;0.0;1.0;0.0;1.0;0.0;1.0;0.0;1.0;0.0;1.0;0.0;1.0;0.0;1.0;0.0;1.0;0.0;1.0;0.0;0.0;0.0;0.0
0.2714072;0.0;0.2781845;0.0;0.18687648;0.0;0.376382;0.0;0.6288608;0.0;0.6059779;0.0;0.6617117;0.0;0.5623281;0.0;0.478505;0.0;1.0;0.0;0.44324666;0.0;0.34960392;0.0;0.5615715;0.0;0.5154657;0.0;0.49670893;0.0;0.542393;0.0;0.2717775;0.0;0.30031288;0.0;1.0;0.0;1.0;0.0;1.0;0.0;1.0;0.0;1.0;0.0;9.0;0.0;1.0;0.0;1.0;0.0;1.0;0.0;1.0;0.0;1.0;0.0;1.0;0.0;1.0;0.0;1.0;0.0;1.0;0.0;1.0;0.0;1.0;0.0;1.0;0.0;1.0;0.0;0.0;0.0;0.0
0.26140717;0.0;0.26793477;0.0;0.18874562;0.0;0.37767395;0.0;0.62994814;0.0;0.6070256;0.0;0.66285586;0.0;0.56378114;0.0;0.48957005;0.0;1.0;0.0;0.4534964;0.0;0.5307688;0.0;0.61117405;0.0;0.5143783;0.0;0.49566117;0.0;0.39330626;0.0;0.27032447;0.0;0.2892478;0.0;1.0;0.0;1.0;0.0;1.0;0.0;1.0;0.0;1.0;0.0;9.0;0.0;1.0;0.0;1.0;0.0;1.0;0.0;1.0;0.0;1.0;0.0;1.0;0.0;1.0;0.0;1.0;0.0;1.0;0.0;1.0;0.0;1.0;0.0;1.0;0.0;0.0;0.0;1.0;0.0;0.0
0.26253;0.0;0.2657839;0.0;0.19917196;0.0;0.3877415;0.0;0.6367074;0.0;0.6059159;0.0;0.6531054;0.0;0.5457214;0.0;0.4983562;0.0;1.0;0.0;0.0;0.0;0.36694378;0.0;0.55229795;0.0;0.5198976;0.0;0.49475497;0.0;0.5332872;0.0;0.2616651;0.0;0.29443887;0.0;1.0;0.0;1.0;0.0;1.0;0.0;1.0;0.0;1.0;0.0;1.0;0.0;1.0;0.0;1.0;0.0;1.0;0.0;1.0;0.0;1.0;0.0;1.0;0.0;1.0;0.0;1.0;0.0;1.0;0.0;1.0;0.0;1.0;0.0;1.0;0.0;0.0;0.0;1.0;0.0;0.0
0.26398548;0.0;0.26398635;0.0;0.21108982;0.0;0.3988597;0.0;0.644407;0.0;0.6055466;0.0;0.40939412;0.0;0.6599496;0.0;0.4111;0.0;1.0;0.0;0.0;0.0;0.38890052;0.0;0.5289903;0.0;0.5261846;0.0;0.49445343;0.0;0.5261882;0.0;0.38438472;0.0;0.18890996;0.0;1.0;0.0;1.0;0.0;1.0;0.0;1.0;0.0;1.0;0.0;1.0;0.0;1.0;0.0;1.0;0.0;1.0;0.0;1.0;0.0;1.0;0.0;1.0;0.0;1.0;0.0;1.0;0.0;1.0;0.0;1.0;0.0;1.0;0.0;1.0;0.0;0.0;0.0;1.0;0.0;0.0
0.26578286;0.0;0.26253065;0.0;0.2944418;0.0;0.2765879;0.0;0.42705923;0.0;0.6059155;0.0;0.6367113;0.0;0.6415528;0.0;0.3878889;0.0;0.44985408;0.0;0.4443496;0.0;0.49836126;0.0;0.5307849;0.0;0.37379986;0.0;0.49475464;0.0;0.51990074;0.0;0.3736696;0.0;0.17824394;0.0;1.0;0.0;1.0;0.0;1.0;0.0;1.0;0.0;1.0;0.0;1.0;0.0;1.0;0.0;1.0;0.0;1.0;0.0;1.0;0.0;1.0;0.0;1.0;0.0;1.0;0.0;1.0;0.0;1.0;0.0;1.0;0.0;1.0;0.0;1.0;0.0;0.0;0.0;1.0;0.0;0.0
0.26793355;0.0;0.26140767;0.0;0.28925046;0.0;0.28574076;0.0;0.55338717;0.0;0.60702485;0.0;0.62995154;0.0;0.57847637;0.0;0.36758265;0.0;0.45349425;0.0;0.44244885;0.0;0.48957458;0.0;0.5483496;0.0;0.3442711;0.0;0.0;0.0;0.21758041;0.0;0.3639671;0.0;0.16891274;0.0;1.0;0.0;1.0;0.0;1.0;0.0;1.0;0.0;1.0;0.0;1.0;0.0;1.0;0.0;1.0;0.0;1.0;0.0;1.0;0.0;1.0;0.0;1.0;0.0;1.0;0.0;1.0;0.0;1.0;0.0;1.0;0.0;1.0;0.0;1.0;0.0;0.0;0.0;1.0;0.0;0.0
0.0;0.0;0.2606104;0.0;0.28457972;0.0;0.29589295;0.0;0.56246936;0.0;0.6088815;0.0;0.6240861;0.0;0.6080539;0.0;0.5438963;0.0;0.45775604;0.0;0.4410994;0.0;0.48166904;0.0;0.5678321;0.0;0.5501272;0.0;0.49717647;0.0;0.5095917;0.0;0.35517746;0.0;0.160696;0.0;1.0;0.0;1.0;0.0;1.0;0.0;1.0;0.0;1.0;0.0;1.0;0.0;1.0;0.0;1.0;0.0;1.0;0.0;1.0;0.0;1.0;0.0;1.0;0.0;1.0;0.0;1.0;0.0;9.0;0.0;1.0;0.0;1.0;0.0;1.0;0.0;0.0;0.0;1.0;0.0;0.0
0.0;0.0;0.26013392;0.0;0.014806023;0.0;0.30718118;0.0;0.45930737;0.0;0.61149675;0.0;0.19249864;0.0;0.64164287;0.0;0.4962965;0.0;0.4626677;0.0;0.44029298;0.0;0.25213397;0.0;0.59211695;0.0;0.5600001;0.0;0.49931198;0.0;0.5055009;0.0;0.46513397;0.0;0.32991084;0.0;1.0;0.0;1.0;0.0;1.0;0.0;1.0;0.0;1.0;0.0;1.0;0.0;9.0;0.0;1.0;0.0;1.0;0.0;1.0;0.0;1.0;0.0;1.0;0.0;1.0;0.0;1.0;0.0;9.0;0.0;1.0;0.0;1.0;0.0;1.0;0.0;0.0;0.0;1.0;0.0;0.0
0.27665898;0.0;0.25997537;0.0;0.016216636;0.0;0.33937663;0.0;0.46828204;0.0;0.61488694;0.0;0.61488926;0.0;0.69922924;0.0;0.4753521;0.0;0.4682626;0.0;0.4400246;0.0;0.27615544;0.0;0.4580826;0.0;0.48005778;0.0;0.50208026;0.0;0.5020821;0.0;0.45547834;0.0;0.30251962;0.0;1.0;0.0;1.0;0.0;1.0;0.0;1.0;0.0;1.0;0.0;1.0;0.0;9.0;0.0;1.0;0.0;1.0;0.0;1.0;0.0;1.0;0.0;1.0;0.0;1.0;0.0;1.0;0.0;9.0;0.0;1.0;0.0;1.0;0.0;1.0;0.0;0.0;0.0;1.0;0.0;0.0
0.2803913;0.0;0.26013377;0.0;0.017948508;0.0;0.17143379;0.0;0.4782086;0.0;0.6190735;0.0;0.6114985;0.0;0.511255;0.0;0.45663768;0.0;0.2817606;0.0;1.0;0.0;0.46267086;0.0;0.4782652;0.0;0.4529532;0.0;0.50549865;0.0;0.49931344;0.0;0.44674867;0.0;0.29060954;0.0;1.0;0.0;1.0;0.0;1.0;0.0;1.0;0.0;1.0;0.0;1.0;0.0;9.0;0.0;1.0;0.0;1.0;0.0;1.0;0.0;1.0;0.0;1.0;0.0;1.0;0.0;1.0;0.0;9.0;0.0;1.0;0.0;1.0;0.0;1.0;0.0;0.0;0.0;1.0;0.0;0.0
0.28457713;0.0;0.26061004;0.0;0.27045304;0.0;0.17956398;0.0;0.36855307;0.0;0.24792287;0.0;0.6088828;0.0;0.547525;0.0;0.58381385;0.0;0.25950247;0.0;1.0;0.0;0.45775875;0.0;0.5439046;0.0;0.4292408;0.0;0.1654517;0.0;0.0;0.0;0.36492318;0.0;0.27992988;0.0;1.0;0.0;1.0;0.0;1.0;0.0;1.0;0.0;1.0;0.0;1.0;0.0;9.0;0.0;1.0;0.0;1.0;0.0;1.0;0.0;1.0;0.0;1.0;0.0;1.0;0.0;1.0;0.0;9.0;0.0;1.0;0.0;1.0;0.0;1.0;0.0;0.0;0.0;1.0;0.0;0.0
0.2892476;0.0;0.2614071;0.0;0.2679349;0.0;0.18874507;0.0;0.37767333;0.0;0.6299478;0.0;0.60702574;0.0;0.6628566;0.0;0.56378216;0.0;0.48956957;0.0;1.0;0.0;0.4534966;0.0;0.53076947;0.0;0.6111733;0.0;0.51437795;0.0;0.49566126;0.0;0.3933046;0.0;0.27032498;0.0;1.0;0.0;1.0;0.0;1.0;0.0;1.0;0.0;1.0;0.0;1.0;0.0;9.0;0.0;1.0;0.0;1.0;0.0;1.0;0.0;1.0;0.0;1.0;0.0;1.0;0.0;1.0;0.0;1.0;0.0;1.0;0.0;1.0;0.0;1.0;0.0;0.0;0.0;1.0;0.0;0.0
0.29443863;0.0;0.2625299;0.0;0.265784;0.0;0.19917136;0.0;0.3877408;0.0;0.63670707;0.0;0.6059159;0.0;0.65310603;0.0;0.54572237;0.0;0.4983557;0.0;1.0;0.0;0.0;0.0;0.36694264;0.0;0.5522994;0.0;0.51989716;0.0;0.49475503;0.0;0.53328764;0.0;0.26166555;0.0;1.0;0.0;1.0;0.0;1.0;0.0;1.0;0.0;1.0;0.0;1.0;0.0;1.0;0.0;1.0;0.0;1.0;0.0;1.0;0.0;1.0;0.0;1.0;0.0;1.0;0.0;1.0;0.0;1.0;0.0;1.0;0.0;1.0;0.0;1.0;0.0;0.0;0.0;1.0;0.0;0.0
0.18891053;0.0;0.2639854;0.0;0.26398644;0.0;0.2110891;0.0;0.3988589;0.0;0.64440656;0.0;0.6055466;0.0;0.40939146;0.0;0.6599506;0.0;0.41110134;0.0;1.0;0.0;0.0;0.0;0.3888992;0.0;0.5289915;0.0;0.52618414;0.0;0.49445343;0.0;0.52618855;0.0;0.38438535;0.0;1.0;0.0;1.0;0.0;1.0;0.0;1.0;0.0;1.0;0.0;1.0;0.0;1.0;0.0;1.0;0.0;1.0;0.0;1.0;0.0;1.0;0.0;1.0;0.0;1.0;0.0;1.0;0.0;1.0;0.0;1.0;0.0;1.0;0.0;1.0;0.0;0.0;0.0;1.0;0.0;0.0
0.17824443;0.0;0.26578277;0.0;0.26253074;0.0;0.29444212;0.0;0.2765873;0.0;0.42706123;0.0;0.6059154;0.0;0.6367118;0.0;0.6415537;0.0;0.38789007;0.0;0.4498539;0.0;0.4443497;0.0;0.49836174;0.0;0.530784;0.0;0.3738021;0.0;0.4947546;0.0;0.5199011;0.0;0.37367016;0.0;1.0;0.0;1.0;0.0;1.0;0.0;1.0;0.0;1.0;0.0;1.0;0.0;1.0;0.0;1.0;0.0;1.0;0.0;1.0;0.0;1.0;0.0;1.0;0.0;1.0;0.0;1.0;0.0;1.0;0.0;1.0;0.0;1.0;0.0;1.0;0.0;0.0;0.0;1.0;0.0;0.0
0.16891319;0.0;0.2679334;0.0;0.2614077;0.0;0.28925073;0.0;0.28574008;0.0;0.5533867;0.0;0.6070248;0.0;0.62995195;0.0;0.5784749;0.0;0.36758372;0.0;0.453494;0.0;0.44244894;0.0;0.489575;0.0;0.5483486;0.0;0.3442729;0.0;0.0;0.0;0.21757898;0.0;0.3639676;0.0;1.0;0.0;1.0;0.0;1.0;0.0;1.0;0.0;1.0;0.0;1.0;0.0;1.0;0.0;1.0;0.0;1.0;0.0;1.0;0.0;1.0;0.0;1.0;0.0;1.0;0.0;1.0;0.0;1.0;0.0;1.0;0.0;1.0;0.0;1.0;0.0;0.0;0.0;1.0;0.0;0.0
0.16069639;0.0;0.0;0.0;0.26061043;0.0;0.28457996;0.0;0.29589224;0.0;0.5624688;0.0;0.60888135;0.0;0.6240865;0.0;0.60805213;0.0;0.5438956;0.0;0.45775574;0.0;0.44109946;0.0;0.4816695;0.0;0.56783104;0.0;0.55012655;0.0;0.49717635;0.0;0.50959194;0.0;0.3551779;0.0;1.0;0.0;1.0;0.0;1.0;0.0;1.0;0.0;1.0;0.0;1.0;0.0;1.0;0.0;1.0;0.0;1.0;0.0;1.0;0.0;1.0;0.0;1.0;0.0;1.0;0.0;1.0;0.0;1.0;0.0;9.0;0.0;1.0;0.0;1.0;0.0;0.0;0.0;1.0;0.0;0.0
0.3299104;0.0;0.0;0.0;0.26013395;0.0;0.014805955;0.0;0.30718035;0.0;0.45930696;0.0;0.61149657;0.0;0.19249646;0.0;0.6416409;0.0;0.4962977;0.0;0.4626674;0.0;0.440293;0.0;0.25213277;0.0;0.5921179;0.0;0.5599994;0.0;0.49931183;0.0;0.50550115;0.0;0.46513453;0.0;1.0;0.0;1.0;0.0;1.0;0.0;1.0;0.0;1.0;0.0;1.0;0.0;1.0;0.0;9.0;0.0;1.0;0.0;1.0;0.0;1.0;0.0;1.0;0.0;1.0;0.0;1.0;0.0;1.0;0.0;9.0;0.0;1.0;0.0;1.0;0.0;0.0;0.0;1.0;0.0;0.0
0.30252022;0.0;0.2766588;0.0;0.25997537;0.0;0.01621655;0.0;0.3393773;0.0;0.4682815;0.0;0.61488676;0.0;0.6148895;0.0;0.69923;0.0;0.47535315;0.0;0.46826228;0.0;0.4400246;0.0;0.276154;0.0;0.45808154;0.0;0.48005977;0.0;0.5020801;0.0;0.5020823;0.0;0.45547885;0.0;1.0;0.0;1.0;0.0;1.0;0.0;1.0;0.0;1.0;0.0;1.0;0.0;1.0;0.0;9.0;0.0;1.0;0.0;1.0;0.0;1.0;0.0;1.0;0.0;1.0;0.0;1.0;0.0;1.0;0.0;9.0;0.0;1.0;0.0;1.0;0.0;0.0;0.0;1.0;0.0;0.0
0.2906101;0.0;0.2803911;0.0;0.26013374;0.0;0.017948402;0.0;0.17143328;0.0;0.478208;0.0;0.6190732;0.0;0.6114987;0.0;0.5112532;0.0;0.45663863;0.0;0.28176194;0.0;1.0;0.0;0.46267113;0.0;0.47826403;0.0;0.45295495;0.0;0.50549847;0.0;0.4993136;0.0;0.44674915;0.0;1.0;0.0;1.0;0.0;1.0;0.0;1.0;0.0;1.0;0.0;1.0;0.0;1.0;0.0;9.0;0.0;1.0;0.0;1.0;0.0;1.0;0.0;1.0;0.0;1.0;0.0;1.0;0.0;1.0;0.0;9.0;0.0;1.0;0.0;1.0;0.0;0.0;0.0;1.0;0.0;0.0
0.27993035;0.0;0.2845769;0.0;0.26060998;0.0;0.2704532;0.0;0.17956337;0.0;0.3685526;0.0;0.24792476;0.0;0.6088829;0.0;0.54752284;0.0;0.583815;0.0;0.25950357;0.0;1.0;0.0;0.45775905;0.0;0.5439054;0.0;0.42924228;0.0;0.16545299;0.0;0.0;0.0;0.36492175;0.0;1.0;0.0;1.0;0.0;1.0;0.0;1.0;0.0;1.0;0.0;1.0;0.0;1.0;0.0;9.0;0.0;1.0;0.0;1.0;0.0;1.0;0.0;1.0;0.0;1.0;0.0;1.0;0.0;1.0;0.0;9.0;0.0;1.0;0.0;1.0;0.0;0.0;0.0;1.0;0.0;0.0
0.27032542;0.0;0.28924733;0.0;0.26140705;0.0;0.267935;0.0;0.18874441;0.0;0.3776728;0.0;0.6299474;0.0;0.6070258;0.0;0.6628572;0.0;0.5637832;0.0;0.48956913;0.0;1.0;0.0;0.45349678;0.0;0.5307702;0.0;0.6111722;0.0;0.5143777;0.0;0.49566132;0.0;0.3933029;0.0;1.0;0.0;1.0;0.0;1.0;0.0;1.0;0.0;1.0;0.0;1.0;0.0;1.0;0.0;9.0;0.0;1.0;0.0;1.0;0.0;1.0;0.0;1.0;0.0;1.0;0.0;1.0;0.0;1.0;0.0;1.0;0.0;1.0;0.0;1.0;0.0;0.0;0.0;1.0;0.0;0.0
0.26166597;0.0;0.2944383;0.0;0.26252985;0.0;0.2657841;0.0;0.1991706;0.0;0.3877402;0.0;0.63670665;0.0;0.60591596;0.0;0.6531066;0.0;0.54572326;0.0;0.4983552;0.0;1.0;0.0;0.0;0.0;0.3669415;0.0;0.55230105;0.0;0.51989686;0.0;0.49475503;0.0;0.53328806;0.0;1.0;0.0;1.0;0.0;1.0;0.0;1.0;0.0;1.0;0.0;1.0;0.0;1.0;0.0;1.0;0.0;1.0;0.0;1.0;0.0;1.0;0.0;1.0;0.0;1.0;0.0;1.0;0.0;1.0;0.0;1.0;0.0;1.0;0.0;1.0;0.0;0.0;0.0;1.0;0.0;0.0
0.38438588;0.0;0.18891115;0.0;0.26398534;0.0;0.26398653;0.0;0.21108826;0.0;0.39885825;0.0;0.6444061;0.0;0.6055466;0.0;0.40938932;0.0;0.6599517;0.0;0.4111027;0.0;1.0;0.0;0.0;0.0;0.38889796;0.0;0.528993;0.0;0.5261837;0.0;0.49445343;0.0;0.52618897;0.0;1.0;0.0;1.0;0.0;1.0;0.0;1.0;0.0;1.0;0.0;1.0;0.0;1.0;0.0;1.0;0.0;1.0;0.0;1.0;0.0;1.0;0.0;1.0;0.0;1.0;0.0;1.0;0.0;1.0;0.0;1.0;0.0;1.0;0.0;1.0;0.0;0.0;0.0;1.0;0.0;0.0
0.37367067;0.0;0.17824498;0.0;0.26578265;0.0;0.26253077;0.0;0.29444247;0.0;0.27658683;0.0;0.4270633;0.0;0.6059154;0.0;0.6367122;0.0;0.6415547;0.0;0.38789126;0.0;0.44985372;0.0;0.44434983;0.0;0.49836224;0.0;0.5307828;0.0;0.37380385;0.0;0.4947546;0.0;0.5199014;0.0;1.0;0.0;1.0;0.0;1.0;0.0;1.0;0.0;1.0;0.0;1.0;0.0;1.0;0.0;1.0;0.0;1.0;0.0;1.0;0.0;1.0;0.0;1.0;0.0;1.0;0.0;1.0;0.0;1.0;0.0;1.0;0.0;1.0;0.0;1.0;0.0;0.0;0.0;1.0;0.0;0.0
0.36396804;0.0;0.16891366;0.0;0.26793328;0.0;0.2614078;0.0;0.28925106;0.0;0.28573957;0.0;0.5533863;0.0;0.60702467;0.0;0.6299523;0.0;0.5784733;0.0;0.36758476;0.0;0.45349377;0.0;0.442449;0.0;0.48957548;0.0;0.54834735;0.0;0.34427437;0.0;0.0;0.0;0.21757753;0.0;1.0;0.0;1.0;0.0;1.0;0.0;1.0;0.0;1.0;0.0;1.0;0.0;1.0;0.0;1.0;0.0;1.0;0.0;1.0;0.0;1.0;0.0;1.0;0.0;1.0;0.0;1.0;0.0;1.0;0.0;1.0;0.0;1.0;0.0;1.0;0.0;0.0;0.0;1.0;0.0;0.0
0.3551783;0.0;0.1606968;0.0;0.0;0.0;0.26061046;0.0;0.28458026;0.0;0.29589167;0.0;0.5624683;0.0;0.6088812;0.0;0.62408674;0.0;0.60805047;0.0;0.5438948;0.0;0.4577555;0.0;0.44109955;0.0;0.48166984;0.0;0.56782967;0.0;0.550126;0.0;0.49717632;0.0;0.50959224;0.0;1.0;0.0;1.0;0.0;1.0;0.0;1.0;0.0;1.0;0.0;1.0;0.0;1.0;0.0;1.0;0.0;1.0;0.0;1.0;0.0;1.0;0.0;1.0;0.0;1.0;0.0;1.0;0.0;1.0;0.0;1.0;0.0;9.0;0.0;1.0;0.0;0.0;0.0;1.0;0.0;0.0
0.465135;0.0;0.32990992;0.0;0.0;0.0;0.26013398;0.0;0.0148058655;0.0;0.30717972;0.0;0.45930648;0.0;0.6114964;0.0;0.19249474;0.0;0.64163893;0.0;0.49629894;0.0;0.46266714;0.0;0.440293;0.0;0.25213158;0.0;0.5921192;0.0;0.55999887;0.0;0.4993117;0.0;0.50550133;0.0;1.0;0.0;1.0;0.0;1.0;0.0;1.0;0.0;1.0;0.0;1.0;0.0;1.0;0.0;1.0;0.0;9.0;0.0;1.0;0.0;1.0;0.0;1.0;0.0;1.0;0.0;1.0;0.0;1.0;0.0;1.0;0.0;9.0;0.0;1.0;0.0;0.0;0.0;1.0;0.0;0.0
0.45547932;0.0;0.30252093;0.0;0.2766586;0.0;0.25997537;0.0;0.016216446;0.0;0.33937782;0.0;0.46828097;0.0;0.6148865;0.0;0.6148897;0.0;0.6992308;0.0;0.47535425;0.0;0.46826196;0.0;0.4400246;0.0;0.27615255;0.0;0.4580802;0.0;0.48006135;0.0;0.50207984;0.0;0.50208247;0.0;1.0;0.0;1.0;0.0;1.0;0.0;1.0;0.0;1.0;0.0;1.0;0.0;1.0;0.0;1.0;0.0;9.0;0.0;1.0;0.0;1.0;0.0;1.0;0.0;1.0;0.0;1.0;0.0;1.0;0.0;1.0;0.0;9.0;0.0;1.0;0.0;0.0;0.0;1.0;0.0;0.0
0.44674954;0.0;0.29061073;0.0;0.2803909;0.0;0.2601337;0.0;0.017948272;0.0;0.17143287;0.0;0.47820744;0.0;0.6190729;0.0;0.6114989;0.0;0.51125133;0.0;0.45663962;0.0;0.28176326;0.0;1.0;0.0;0.46267143;0.0;0.47826257;0.0;0.45295635;0.0;0.50549823;0.0;0.49931374;0.0;1.0;0.0;1.0;0.0;1.0;0.0;1.0;0.0;1.0;0.0;1.0;0.0;1.0;0.0;1.0;0.0;9.0;0.0;1.0;0.0;1.0;0.0;1.0;0.0;1.0;0.0;1.0;0.0;1.0;0.0;1.0;0.0;9.0;0.0;1.0;0.0;0.0;0.0;1.0;0.0;0.0
0.36492047;0.0;0.2799309;0.0;0.28457665;0.0;0.26060995;0.0;0.2704534;0.0;0.17956291;0.0;0.36855212;0.0;0.24792714;0.0;0.608883;0.0;0.54752076;0.0;0.5838162;0.0;0.2595047;0.0;1.0;0.0;0.4577593;0.0;0.5439063;0.0;0.4292435;0.0;0.16545424;0.0;0.0;0.0;1.0;0.0;1.0;0.0;1.0;0.0;1.0;0.0;1.0;0.0;1.0;0.0;1.0;0.0;1.0;0.0;9.0;0.0;1.0;0.0;1.0;0.0;1.0;0.0;1.0;0.0;1.0;0.0;1.0;0.0;1.0;0.0;9.0;0.0;1.0;0.0;0.0;0.0;1.0;0.0;0.0
0.39330137;0.0;0.27032593;0.0;0.28924707;0.0;0.261407;0.0;0.2679352;0.0;0.18874389;0.0;0.37767226;0.0;0.629947;0.0;0.6070259;0.0;0.6628577;0.0;0.56378424;0.0;0.48956865;0.0;1.0;0.0;0.45349702;0.0;0.530771;0.0;0.61117136;0.0;0.5143774;0.0;0.49566135;0.0;1.0;0.0;1.0;0.0;1.0;0.0;1.0;0.0;1.0;0.0;1.0;0.0;1.0;0.0;1.0;0.0;9.0;0.0;1.0;0.0;1.0;0.0;1.0;0.0;1.0;0.0;1.0;0.0;1.0;0.0;1.0;0.0;1.0;0.0;1.0;0.0;0.0;0.0;1.0;0.0;0.0
0.5332884;0.0;0.26166642;0.0;0.29443803;0.0;0.26252976;0.0;0.26578423;0.0;0.19917;0.0;0.3877396;0.0;0.6367061;0.0;0.60591596;0.0;0.65310705;0.0;0.5457243;0.0;0.49835467;0.0;1.0;0.0;0.0;0.0;0.3669401;0.0;0.55230236;0.0;0.5198965;0.0;0.4947551;0.0;1.0;0.0;1.0;0.0;1.0;0.0;1.0;0.0;1.0;0.0;1.0;0.0;1.0;0.0;1.0;0.0;1.0;0.0;1.0;0.0;1.0;0.0;1.0;0.0;1.0;0.0;1.0;0.0;1.0;0.0;1.0;0.0;1.0;0.0;1.0;0.0;0.0;0.0;1.0;0.0;0.0
0.52618927;0.0;0.38438654;0.0;0.18891178;0.0;0.26398522;0.0;0.26398665;0.0;0.21108755;0.0;0.39885765;0.0;0.6444055;0.0;0.6055466;0.0;0.40938717;0.0;0.6599527;0.0;0.41110405;0.0;1.0;0.0;0.0;0.0;0.38889635;0.0;0.5289942;0.0;0.52618337;0.0;0.49445343;0.0;1.0;0.0;1.0;0.0;1.0;0.0;1.0;0.0;1.0;0.0;1.0;0.0;1.0;0.0;1.0;0.0;1.0;0.0;1.0;0.0;1.0;0.0;1.0;0.0;1.0;0.0;1.0;0.0;1.0;0.0;1.0;0.0;1.0;0.0;1.0;0.0;0.0;0.0;1.0;0.0;0.0
0.5199017;0.0;0.37367123;0.0;0.17824551;0.0;0.26578254;0.0;0.26253086;0.0;0.29444277;0.0;0.27658635;0.0;0.42706576;0.0;0.60591537;0.0;0.6367126;0.0;0.64155567;0.0;0.38789243;0.0;0.4498535;0.0;0.44434994;0.0;0.49836287;0.0;0.5307819;0.0;0.3738056;0.0;0.49475455;0.0;1.0;0.0;1.0;0.0;1.0;0.0;1.0;0.0;1.0;0.0;1.0;0.0;1.0;0.0;1.0;0.0;1.0;0.0;1.0;0.0;1.0;0.0;1.0;0.0;1.0;0.0;1.0;0.0;1.0;0.0;1.0;0.0;1.0;0.0;1.0;0.0;0.0;0.0;1.0;0.0;0.0
0.21757619;0.0;0.36396855;0.0;0.16891414;0.0;0.26793316;0.0;0.26140782;0.0;0.28925136;0.0;0.28573906;0.0;0.5533856;0.0;0.60702455;0.0;0.6299526;0.0;0.5784718;0.0;0.3675858;0.0;0.4534936;0.0;0.44244915;0.0;0.48957604;0.0;0.5483464;0.0;0.3442759;0.0;0.0;0.0;1.0;0.0;1.0;0.0;1.0;0.0;1.0;0.0;1.0;0.0;1.0;0.0;1.0;0.0;1.0;0.0;1.0;0.0;1.0;0.0;1.0;0.0;1.0;0.0;1.0;0.0;1.0;0.0;1.0;0.0;1.0;0.0;1.0;0.0;1.0;0.0;0.0;0.0;1.0;0.0;0.0
0.5095924;0.0;0.35517877;0.0;0.16069724;0.0;0.0;0.0;0.26061052;0.0;0.2845805;0.0;0.29589108;0.0;0.5624677;0.0;0.60888106;0.0;0.62408704;0.0;0.60804874;0.0;0.54389405;0.0;0.45775527;0.0;0.44109958;0.0;0.48167038;0.0;0.56782854;0.0;0.55012554;0.0;0.49717617;0.0;1.0;0.0;1.0;0.0;1.0;0.0;1.0;0.0;1.0;0.0;1.0;0.0;1.0;0.0;1.0;0.0;1.0;0.0;1.0;0.0;1.0;0.0;1.0;0.0;1.0;0.0;1.0;0.0;1.0;0.0;1.0;0.0;1.0;0.0;9.0;0.0;0.0;0.0;1.0;0.0;0.0
0.5055015;0.0;0.46513557;0.0;0.3299094;0.0;0.0;0.0;0.260134;0.0;0.014805797;0.0;0.30717906;0.0;0.4593059;0.0;0.61149627;0.0;0.19249302;0.0;0.64163697;0.0;0.49630016;0.0;0.46266684;0.0;0.44029307;0.0;0.2521301;0.0;0.59212023;0.0;0.5599983;0.0;0.4993116;0.0;1.0;0.0;1.0;0.0;1.0;0.0;1.0;0.0;1.0;0.0;1.0;0.0;1.0;0.0;1.0;0.0;1.0;0.0;9.0;0.0;1.0;0.0;1.0;0.0;1.0;0.0;1.0;0.0;1.0;0.0;1.0;0.0;1.0;0.0;9.0;0.0;0.0;0.0;1.0;0.0;0.0
0.50208265;0.0;0.4554798;0.0;0.30252162;0.0;0.27665842;0.0;0.25997537;0.0;0.01621636;0.0;0.3393784;0.0;0.46828032;0.0;0.6148863;0.0;0.6148899;0.0;0.69923156;0.0;0.47535533;0.0;0.46826166;0.0;0.4400246;0.0;0.27615076;0.0;0.4580792;0.0;0.4800629;0.0;0.5020797;0.0;1.0;0.0;1.0;0.0;1.0;0.0;1.0;0.0;1.0;0.0;1.0;0.0;1.0;0.0;1.0;0.0;1.0;0.0;9.0;0.0;1.0;0.0;1.0;0.0;1.0;0.0;1.0;0.0;1.0;0.0;1.0;0.0;1.0;0.0;9.0;0.0;0.0;0.0;1.0;0.0;0.0
0.4993139;0.0;0.44675002;0.0;0.29061133;0.0;0.28039068;0.0;0.2601337;0.0;0.017948166;0.0;0.17143247;0.0;0.47820672;0.0;0.6190726;0.0;0.6114991;0.0;0.51124954;0.0;0.45664054;0.0;0.28176457;0.0;1.0;0.0;0.46267182;0.0;0.47826138;0.0;0.4529577;0.0;0.50549805;0.0;1.0;0.0;1.0;0.0;1.0;0.0;1.0;0.0;1.0;0.0;1.0;0.0;1.0;0.0;1.0;0.0;1.0;0.0;9.0;0.0;1.0;0.0;1.0;0.0;1.0;0.0;1.0;0.0;1.0;0.0;1.0;0.0;1.0;0.0;9.0;0.0;0.0;0.0;1.0;0.0;0.0
0.0;0.0;0.36491904;0.0;0.2799315;0.0;0.28457642;0.0;0.26060992;0.0;0.27045354;0.0;0.17956243;0.0;0.36855152;0.0;0.24792905;0.0;0.6088832;0.0;0.54751855;0.0;0.5838173;0.0;0.2595058;0.0;1.0;0.0;0.45775962;0.0;0.54390705;0.0;0.4292447;0.0;0.1654555;0.0;1.0;0.0;1.0;0.0;1.0;0.0;1.0;0.0;1.0;0.0;1.0;0.0;1.0;0.0;1.0;0.0;1.0;0.0;9.0;0.0;1.0;0.0;1.0;0.0;1.0;0.0;1.0;0.0;1.0;0.0;1.0;0.0;1.0;0.0;9.0;0.0;0.0;0.0;1.0;0.0;0.0
0.4956614;0.0;0.3932997;0.0;0.2703264;0.0;0.2892468;0.0;0.26140696;0.0;0.2679353;0.0;0.18874334;0.0;0.3776716;0.0;0.62994665;0.0;0.607026;0.0;0.6628583;0.0;0.56378525;0.0;0.48956817;0.0;1.0;0.0;0.45349732;0.0;0.53077173;0.0;0.6111705;0.0;0.5143771;0.0;1.0;0.0;1.0;0.0;1.0;0.0;1.0;0.0;1.0;0.0;1.0;0.0;1.0;0.0;1.0;0.0;1.0;0.0;9.0;0.0;1.0;0.0;1.0;0.0;1.0;0.0;1.0;0.0;1.0;0.0;1.0;0.0;1.0;0.0;1.0;0.0;0.0;0.0;1.0;0.0;0.0
0.49475512;0.0;0.53328884;0.0;0.26166683;0.0;0.2944377;0.0;0.26252967;0.0;0.26578435;0.0;0.19916938;0.0;0.38773888;0.0;0.63670576;0.0;0.605916;0.0;0.6531075;0.0;0.54572517;0.0;0.4983542;0.0;1.0;0.0;0.0;0.0;0.36693898;0.0;0.55230373;0.0;0.51989615;0.0;1.0;0.0;1.0;0.0;1.0;0.0;1.0;0.0;1.0;0.0;1.0;0.0;1.0;0.0;1.0;0.0;1.0;0.0;1.0;0.0;1.0;0.0;1.0;0.0;1.0;0.0;1.0;0.0;1.0;0.0;1.0;0.0;1.0;0.0;1.0;0.0;0.0;0.0;1.0;0.0;0.0
0.49445343;0.0;0.5261896;0.0;0.38438714;0.0;0.1889124;0.0;0.26398513;0.0;0.26398674;0.0;0.21108684;0.0;0.39885682;0.0;0.64440507;0.0;0.6055466;0.0;0.40938503;0.0;0.6599538;0.0;0.41110545;0.0;1.0;0.0;0.0;0.0;0.38889503;0.0;0.5289954;0.0;0.526183;0.0;1.0;0.0;1.0;0.0;1.0;0.0;1.0;0.0;1.0;0.0;1.0;0.0;1.0;0.0;1.0;0.0;1.0;0.0;1.0;0.0;1.0;0.0;1.0;0.0;1.0;0.0;1.0;0.0;1.0;0.0;1.0;0.0;1.0;0.0;1.0;0.0;0.0;0.0;1.0;0.0;0.0
0.4947545;0.0;0.5199021;0.0;0.37367198;0.0;0.17824624;0.0;0.2657824;0.0;0.26253098;0.0;0.29444313;0.0;0.27658573;0.0;0.427068;0.0;0.6059153;0.0;0.6367131;0.0;0.64155686;0.0;0.3878939;0.0;0.44985333;0.0;0.4443501;0.0;0.4983635;0.0;0.5307808;0.0;0.37380773;0.0;1.0;0.0;1.0;0.0;1.0;0.0;1.0;0.0;1.0;0.0;1.0;0.0;1.0;0.0;1.0;0.0;1.0;0.0;1.0;0.0;1.0;0.0;1.0;0.0;1.0;0.0;1.0;0.0;1.0;0.0;1.0;0.0;1.0;0.0;1.0;0.0;0.0;0.0;1.0;0.0;0.0
0.0;0.0;0.21757463;0.0;0.36396918;0.0;0.16891474;0.0;0.26793298;0.0;0.2614079;0.0;0.28925163;0.0;0.2857384;0.0;0.5533852;0.0;0.60702455;0.0;0.629953;0.0;0.5784702;0.0;0.36758694;0.0;0.45349336;0.0;0.44244924;0.0;0.48957652;0.0;0.54834527;0.0;0.34427744;0.0;1.0;0.0;1.0;0.0;1.0;0.0;1.0;0.0;1.0;0.0;1.0;0.0;1.0;0.0;1.0;0.0;1.0;0.0;1.0;0.0;1.0;0.0;1.0;0.0;1.0;0.0;1.0;0.0;1.0;0.0;1.0;0.0;1.0;0.0;1.0;0.0;0.0;0.0;1.0;0.0;0.0
0.49717608;0.0;0.50959265;0.0;0.35517925;0.0;0.16069768;0.0;0.0;0.0;0.26061052;0.0;0.28458077;0.0;0.2958904;0.0;0.5624672;0.0;0.60888094;0.0;0.62408733;0.0;0.60804707;0.0;0.54389334;0.0;0.45775503;0.0;0.4410997;0.0;0.4816708;0.0;0.5678274;0.0;0.550125;0.0;9.0;0.0;1.0;0.0;1.0;0.0;1.0;0.0;1.0;0.0;1.0;0.0;1.0;0.0;1.0;0.0;1.0;0.0;1.0;0.0;1.0;0.0;1.0;0.0;1.0;0.0;1.0;0.0;1.0;0.0;1.0;0.0;1.0;0.0;1.0;0.0;0.0;0.0;1.0;0.0;0.0
0.4993115;0.0;0.5055017;0.0;0.46513614;0.0;0.32990894;0.0;0.0;0.0;0.26013404;0.0;0.014805737;0.0;0.30717844;0.0;0.45930552;0.0;0.6114961;0.0;0.19249156;0.0;0.64163536;0.0;0.49630117;0.0;0.4626666;0.0;0.44029313;0.0;0.25212908;0.0;0.59212106;0.0;0.55999786;0.0;9.0;0.0;1.0;0.0;1.0;0.0;1.0;0.0;1.0;0.0;1.0;0.0;1.0;0.0;1.0;0.0;1.0;0.0;1.0;0.0;9.0;0.0;1.0;0.0;1.0;0.0;1.0;0.0;1.0;0.0;1.0;0.0;1.0;0.0;1.0;0.0;0.0;0.0;1.0;0.0;0.0
0.5020796;0.0;0.5020827;0.0;0.45548025;0.0;0.30252218;0.0;0.27665824;0.0;0.25997537;0.0;0.016216299;0.0;0.33937883;0.0;0.46828002;0.0;0.61488616;0.0;0.61489004;0.0;0.69923216;0.0;0.4753561;0.0;0.46826142;0.0;0.4400246;0.0;0.27614972;0.0;0.45807844;0.0;0.48006406;0.0;9.0;0.0;1.0;0.0;1.0;0.0;1.0;0.0;1.0;0.0;1.0;0.0;1.0;0.0;1.0;0.0;1.0;0.0;1.0;0.0;9.0;0.0;1.0;0.0;1.0;0.0;1.0;0.0;1.0;0.0;1.0;0.0;1.0;0.0;1.0;0.0;0.0;0.0;1.0;0.0;0.0
0.50549793;0.0;0.49931392;0.0;0.44675034;0.0;0.29061174;0.0;0.28039047;0.0;0.26013368;0.0;0.017948104;0.0;0.17143214;0.0;0.47820646;0.0;0.61907256;0.0;0.61149913;0.0;0.51124847;0.0;0.45664114;0.0;0.28176537;0.0;1.0;0.0;0.46267194;0.0;0.4782607;0.0;0.45295852;0.0;9.0;0.0;1.0;0.0;1.0;0.0;1.0;0.0;1.0;0.0;1.0;0.0;1.0;0.0;1.0;0.0;1.0;0.0;1.0;0.0;9.0;0.0;1.0;0.0;1.0;0.0;1.0;0.0;1.0;0.0;1.0;0.0;1.0;0.0;1.0;0.0;1.0;0.0;0.0;0.0;0.0
0.4954978;0.0;0.48943615;0.0;0.34517315;0.0;0.27599305;0.0;0.2826327;0.0;0.26221392;0.0;0.04960046;0.0;0.1873198;0.0;0.4897406;0.0;0.62907267;0.0;0.62137693;0.0;0.5068203;0.0;0.4712599;0.0;0.30787832;0.0;0.0;0.0;0.460486;0.0;0.46237302;0.0;0.44903523;0.0;9.0;0.0;1.0;0.0;1.0;0.0;1.0;0.0;1.0;0.0;1.0;0.0;1.0;0.0;1.0;0.0;1.0;0.0;1.0;0.0;9.0;0.0;1.0;0.0;1.0;0.0;1.0;0.0;1.0;0.0;1.0;0.0;1.0;0.0;1.0;0.0;1.0;0.0;0.0;0.0;0.0
0.48549765;0.0;0.47955832;0.0;0.3496013;0.0;0.2613743;0.0;0.28487492;0.0;0.26429415;0.0;0.27772778;0.0;0.20320746;0.0;0.38335827;0.0;0.6390728;0.0;0.63125473;0.0;0.5023922;0.0;0.48587862;0.0;0.47009405;0.0;0.4361321;0.0;0.45830002;0.0;0.44648537;0.0;0.44511193;0.0;9.0;0.0;1.0;0.0;1.0;0.0;1.0;0.0;1.0;0.0;1.0;0.0;1.0;0.0;1.0;0.0;1.0;0.0;1.0;0.0;9.0;0.0;1.0;0.0;1.0;0.0;1.0;0.0;1.0;0.0;1.0;0.0;1.0;0.0;1.0;0.0;1.0;0.0;0.0;0.0;0.0
0.47549754;0.0;0.0;0.0;0.35402948;0.0;0.24675557;0.0;0.28711712;0.0;0.26637438;0.0;0.27991375;0.0;0.21909514;0.0;0.39489245;0.0;0.64907295;0.0;0.64113253;0.0;0.71906585;0.0;0.50049734;0.0;0.46785182;0.0;0.4340519;0.0;0.21068387;0.0;0.4305977;0.0;0.44118866;0.0;9.0;0.0;1.0;0.0;1.0;0.0;1.0;0.0;1.0;0.0;1.0;0.0;1.0;0.0;1.0;0.0;1.0;0.0;1.0;0.0;9.0;0.0;1.0;0.0;1.0;0.0;1.0;0.0;1.0;0.0;1.0;0.0;1.0;0.0;1.0;0.0;1.0;0.0;0.0;0.0;0.0
0.46549734;0.0;0.0;0.0;0.35845762;0.0;0.23213685;0.0;0.28935936;0.0;0.2684546;0.0;0.28209972;0.0;0.2349828;0.0;0.4064266;0.0;0.65907305;0.0;0.6510104;0.0;0.7301444;0.0;0.5151161;0.0;0.4656096;0.0;0.43197164;0.0;0.17903154;0.0;0.41471004;0.0;0.4372654;0.0;9.0;0.0;1.0;0.0;1.0;0.0;1.0;0.0;1.0;0.0;1.0;0.0;1.0;0.0;1.0;0.0;1.0;0.0;1.0;0.0;9.0;0.0;1.0;0.0;1.0;0.0;1.0;0.0;1.0;0.0;1.0;0.0;1.0;0.0;1.0;0.0;1.0;0.0;0.0;0.0;0.0
0.4554972;0.0;0.0;0.0;0.36288577;0.0;0.21751812;0.0;0.12158672;0.0;0.2705348;0.0;0.2842857;0.0;0.25087047;0.0;0.4179608;0.0;0.6690732;0.0;0.66088814;0.0;0.7412229;0.0;0.5297348;0.0;0.46336737;0.0;0.4298914;0.0;0.14737922;0.0;0.39882237;0.0;0.43334213;0.0;9.0;0.0;1.0;0.0;1.0;0.0;1.0;0.0;1.0;0.0;1.0;0.0;1.0;0.0;1.0;0.0;1.0;0.0;1.0;0.0;9.0;0.0;1.0;0.0;1.0;0.0;1.0;0.0;1.0;0.0;1.0;0.0;1.0;0.0;1.0;0.0;1.0;0.0;0.0;0.0;0.0
0.4454971;0.0;0.0;0.0;0.36731392;0.0;0.3666107;0.0;0.09547379;0.0;0.27261505;0.0;0.28647166;0.0;0.26675814;0.0;0.429495;0.0;0.67907333;0.0;0.670766;0.0;0.7523014;0.0;0.54435354;0.0;0.4611252;0.0;0.4278112;0.0;0.44955617;0.0;0.38293472;0.0;0.42941886;0.0;9.0;0.0;1.0;0.0;1.0;0.0;1.0;0.0;1.0;0.0;1.0;0.0;1.0;0.0;1.0;0.0;1.0;0.0;1.0;0.0;9.0;0.0;1.0;0.0;1.0;0.0;1.0;0.0;1.0;0.0;1.0;0.0;1.0;0.0;1.0;0.0;1.0;0.0;0.0;0.0;0.0
0.43549696;0.0;0.43016934;0.0;0.37174207;0.0;0.33773124;0.0;0.06936087;0.0;0.2746953;0.0;0.2886576;0.0;0.2826458;0.0;0.44102916;0.0;0.68907344;0.0;0.68064374;0.0;0.76337993;0.0;0.5725198;0.0;0.45888296;0.0;0.42573094;0.0;0.4473702;0.0;0.5399391;0.0;0.42549556;0.0;9.0;0.0;1.0;0.0;1.0;0.0;1.0;0.0;1.0;0.0;1.0;0.0;1.0;0.0;1.0;0.0;1.0;0.0;1.0;0.0;9.0;0.0;1.0;0.0;1.0;0.0;1.0;0.0;1.0;0.0;1.0;0.0;1.0;0.0;1.0;0.0;1.0;0.0;0.0;0.0;0.0
0.42549682;0.0;0.4202915;0.0;0.47138038;0.0;0.32311252;0.0;0.04324794;0.0;0.27677554;0.0;0.29084355;0.0;0.29853347;0.0;0.45256335;0.0;0.6990736;0.0;0.6905216;0.0;0.7744584;0.0;0.4241404;0.0;0.45664072;0.0;0.42365074;0.0;0.44518423;0.0;0.5373008;0.0;0.4907689;0.0;9.0;0.0;1.0;0.0;1.0;0.0;1.0;0.0;1.0;0.0;1.0;0.0;1.0;0.0;1.0;0.0;1.0;0.0;1.0;0.0;9.0;0.0;1.0;0.0;1.0;0.0;1.0;0.0;1.0;0.0;1.0;0.0;1.0;0.0;1.0;0.0;1.0;0.0;0.0;0.0;0.0
0.41549668;0.0;0.41041374;0.0;0.46030188;0.0;0.3084938;0.0;0.30057043;0.0;0.27885574;0.0;0.0;0.0;0.31442112;0.0;0.46409756;0.0;0.7090737;0.0;0.70039934;0.0;0.6843934;0.0;0.43875915;0.0;0.45439854;0.0;0.42157048;0.0;0.44299826;0.0;0.4976949;0.0;0.47923476;0.0;9.0;0.0;1.0;0.0;1.0;0.0;1.0;0.0;1.0;0.0;1.0;0.0;1.0;0.0;1.0;0.0;1.0;0.0;1.0;0.0;9.0;0.0;1.0;0.0;1.0;0.0;1.0;0.0;1.0;0.0;1.0;0.0;1.0;0.0;1.0;0.0;1.0;0.0;0.0;0.0;0.0
0.40549654;0.0;0.4005359;0.0;0.44922337;0.0;0.29387504;0.0;0.30281264;0.0;0.28093597;0.0;0.010882427;0.0;0.35630086;0.0;0.4756317;0.0;0.7190739;0.0;0.7102772;0.0;0.67996526;0.0;0.45337787;0.0;0.4521563;0.0;0.41949028;0.0;0.4408123;0.0;0.4818073;0.0;0.46770054;0.0;9.0;0.0;1.0;0.0;1.0;0.0;1.0;0.0;1.0;0.0;1.0;0.0;1.0;0.0;1.0;0.0;1.0;0.0;1.0;0.0;9.0;0.0;1.0;0.0;1.0;0.0;1.0;0.0;1.0;0.0;1.0;0.0;1.0;0.0;1.0;0.0;1.0;0.0;0.0;0.0;0.0
0.39549643;0.0;0.39065814;0.0;0.43814486;0.0;0.2792563;0.0;0.30505487;0.0;0.2830162;0.0;0.042534783;0.0;0.35893914;0.0;0.48716587;0.0;0.72907406;0.0;0.72015494;0.0;0.6755371;0.0;0.4679966;0.0;0.7734722;0.0;0.41741005;0.0;0.43862635;0.0;0.46591958;0.0;0.45616636;0.0;9.0;0.0;1.0;0.0;1.0;0.0;1.0;0.0;1.0;0.0;1.0;0.0;1.0;0.0;1.0;0.0;1.0;0.0;1.0;0.0;9.0;0.0;1.0;0.0;1.0;0.0;1.0;0.0;1.0;0.0;1.0;0.0;1.0;0.0;1.0;0.0;1.0;0.0;0.0;0.0;0.0
0.3854963;0.0;0.38078034;0.0;0.4270664;0.0;0.26463762;0.0;0.30729708;0.0;0.28509644;0.0;0.074187145;0.0;0.19966091;0.0;0.49870005;0.0;0.7390742;0.0;0.108319476;0.0;0.6711089;0.0;0.48261532;0.0;0.77123;0.0;0.41532984;0.0;0.43644038;0.0;0.45003194;0.0;0.4446322;0.0;9.0;0.0;1.0;0.0;1.0;0.0;1.0;0.0;1.0;0.0;1.0;0.0;1.0;0.0;1.0;0.0;1.0;0.0;1.0;0.0;9.0;0.0;1.0;0.0;1.0;0.0;1.0;0.0;1.0;0.0;1.0;0.0;1.0;0.0;1.0;0.0;1.0;0.0;0.0;0.0;0.0
0.37549615;0.0;0.37090254;0.0;0.41598788;0.0;0.2500189;0.0;0.3095393;0.0;0.28717667;0.0;0.30177337;0.0;0.21554856;0.0;0.51023424;0.0;0.74907434;0.0;0.0933834;0.0;0.66668075;0.0;0.49723405;0.0;0.8768405;0.0;0.41324958;0.0;0.4342544;0.0;0.43414426;0.0;0.43309802;0.0;9.0;0.0;1.0;0.0;1.0;0.0;1.0;0.0;1.0;0.0;1.0;0.0;1.0;0.0;1.0;0.0;1.0;0.0;1.0;0.0;9.0;0.0;1.0;0.0;1.0;0.0;1.0;0.0;1.0;0.0;1.0;0.0;1.0;0.0;1.0;0.0;1.0;0.0;0.0;0.0;0.0
0.36549598;0.0;0.36102474;0.0;0.40490937;0.0;0.3889905;0.0;0.31178153;0.0;0.28925687;0.0;0.30395934;0.0;0.23143622;0.0;0.52176845;0.0;0.75907445;0.0;0.07844733;0.0;0.6622526;0.0;0.5118528;0.0;0.8745983;0.0;0.41116938;0.0;0.18609722;0.0;0.4182566;0.0;0.4215638;0.0;9.0;0.0;1.0;0.0;1.0;0.0;1.0;0.0;1.0;0.0;1.0;0.0;1.0;0.0;1.0;0.0;1.0;0.0;1.0;0.0;9.0;0.0;1.0;0.0;1.0;0.0;1.0;0.0;1.0;0.0;1.0;0.0;1.0;0.0;1.0;0.0;1.0;0.0;0.0;0.0;0.0
0.35549587;0.0;0.35114694;0.0;0.19416896;0.0;0.370232;0.0;0.12741584;0.0;0.2913371;0.0;0.3061453;0.0;0.2473239;0.0;0.5333026;0.0;0.76907456;0.0;0.06351127;0.0;0.65782446;0.0;0.5264715;0.0;0.87235606;0.0;0.40908915;0.0;0.15444489;0.0;0.40236893;0.0;0.41002965;0.0;9.0;0.0;1.0;0.0;1.0;0.0;1.0;0.0;1.0;0.0;1.0;0.0;1.0;0.0;1.0;0.0;1.0;0.0;1.0;0.0;9.0;0.0;1.0;0.0;1.0;0.0;1.0;0.0;1.0;0.0;1.0;0.0;1.0;0.0;1.0;0.0;1.0;0.0;0.0;0.0;0.0
0.34549573;0.0;0.34126914;0.0;0.1985971;0.0;0.35561326;0.0;0.10130291;0.0;0.29341733;0.0;0.30833128;0.0;0.26321155;0.0;0.54483676;0.0;0.7790747;0.0;0.769544;0.0;0.6533963;0.0;0.5473425;0.0;0.87011373;0.0;0.4070089;0.0;0.122792564;0.0;0.38648129;0.0;0.3984955;0.0;9.0;0.0;1.0;0.0;1.0;0.0;1.0;0.0;1.0;0.0;1.0;0.0;1.0;0.0;1.0;0.0;1.0;0.0;1.0;0.0;1.0;0.0;1.0;0.0;1.0;0.0;1.0;0.0;1.0;0.0;1.0;0.0;1.0;0.0;1.0;0.0;1.0;0.0;0.0;0.0;0.0
0.3354956;0.0;0.33139133;0.0;0.20302525;0.0;0.34099454;0.0;0.075189985;0.0;0.2954976;0.0;0.31051725;0.0;0.27909923;0.0;0.556371;0.0;0.78907484;0.0;0.77942175;0.0;0.7609069;0.0;0.4062584;0.0;0.19176836;0.0;0.40492868;0.0;0.42551056;0.0;0.3705936;0.0;0.38696128;0.0;9.0;0.0;1.0;0.0;1.0;0.0;1.0;0.0;1.0;0.0;1.0;0.0;1.0;0.0;1.0;0.0;1.0;0.0;1.0;0.0;1.0;0.0;1.0;0.0;1.0;0.0;1.0;0.0;1.0;0.0;1.0;0.0;1.0;0.0;1.0;0.0;1.0;0.0;0.0;0.0;0.0
0.32549545;0.0;0.32151353;0.0;0.20745341;0.0;0.3263758;0.0;0.3207504;0.0;0.2975778;0.0;0.3127032;0.0;0.2949869;0.0;0.4499886;0.0;0.799075;0.0;0.7892996;0.0;0.7719854;0.0;0.42087707;0.0;0.21788128;0.0;0.40284842;0.0;0.42332464;0.0;0.35470596;0.0;0.19362612;0.0;9.0;0.0;1.0;0.0;1.0;0.0;1.0;0.0;1.0;0.0;1.0;0.0;1.0;0.0;1.0;0.0;1.0;0.0;1.0;0.0;1.0;0.0;1.0;0.0;1.0;0.0;1.0;0.0;1.0;0.0;1.0;0.0;1.0;0.0;1.0;0.0;1.0;0.0;0.0;0.0;0.0
0.3154953;0.0;0.31163573;0.0;0.21188156;0.0;0.3117571;0.0;0.32299262;0.0;0.29965803;0.0;0.31488916;0.0;0.31087455;0.0;0.46152276;0.0;0.8090752;0.0;0.79917735;0.0;0.7830639;0.0;0.4354958;0.0;0.2439942;0.0;0.40076822;0.0;0.42113867;0.0;0.38137618;0.0;0.18970284;0.0;9.0;0.0;1.0;0.0;1.0;0.0;1.0;0.0;1.0;0.0;1.0;0.0;1.0;0.0;1.0;0.0;1.0;0.0;1.0;0.0;1.0;0.0;1.0;0.0;1.0;0.0;1.0;0.0;1.0;0.0;1.0;0.0;1.0;0.0;1.0;0.0;1.0;0.0;0.0;0.0;0.0
0.30549538;0.0;0.3017581;0.0;0.21630971;0.0;0.29713863;0.0;0.32523483;0.0;0.30173826;0.0;0.0038161322;0.0;0.3267619;0.0;0.47305673;0.0;0.8190751;0.0;0.809055;0.0;0.7941421;0.0;0.45011425;0.0;0.2701066;0.0;0.39868802;0.0;0.4189527;0.0;0.3787379;0.0;0.18577956;0.0;9.0;0.0;1.0;0.0;1.0;0.0;1.0;0.0;1.0;0.0;1.0;0.0;1.0;0.0;1.0;0.0;1.0;0.0;1.0;0.0;1.0;0.0;1.0;0.0;1.0;0.0;1.0;0.0;1.0;0.0;1.0;0.0;1.0;0.0;1.0;0.0;1.0;0.0;0.0;0.0;0.0
0.29549545;0.0;0.29188052;0.0;0.22073789;0.0;0.2825202;0.0;0.32747704;0.0;0.3038185;0.0;0.03546787;0.0;0.34264928;0.0;0.48459068;0.0;0.82907504;0.0;0.81893253;0.0;0.8052204;0.0;0.4647327;0.0;0.4274919;0.0;0.39660776;0.0;0.41676673;0.0;0.37609962;0.0;0.18185629;0.0;9.0;0.0;1.0;0.0;1.0;0.0;1.0;0.0;1.0;0.0;1.0;0.0;1.0;0.0;1.0;0.0;1.0;0.0;1.0;0.0;1.0;0.0;1.0;0.0;1.0;0.0;1.0;0.0;1.0;0.0;1.0;0.0;1.0;0.0;1.0;0.0;1.0;0.0;0.0;0.0;0.0
0.2854955;0.0;0.2820029;0.0;0.31628197;0.0;0.26790175;0.0;0.32971925;0.0;0.30589873;0.0;0.06711961;0.0;0.3879602;0.0;0.49612466;0.0;0.83907497;0.0;0.8288102;0.0;0.8162988;0.0;0.47935113;0.0;0.42524967;0.0;0.39452752;0.0;0.41458076;0.0;0.37346134;0.0;0.17793301;0.0;9.0;0.0;1.0;0.0;1.0;0.0;1.0;0.0;1.0;0.0;1.0;0.0;1.0;0.0;1.0;0.0;1.0;0.0;1.0;0.0;1.0;0.0;1.0;0.0;1.0;0.0;1.0;0.0;1.0;0.0;1.0;0.0;1.0;0.0;1.0;0.0;1.0;0.0;0.0;0.0;0.0
0.27549556;0.0;0.2721253;0.0;0.30520368;0.0;0.27960664;0.0;0.33196145;0.0;0.30797893;0.0;0.09877135;0.0;0.39059848;0.0;0.5076586;0.0;0.84907496;0.0;0.8386878;0.0;0.827377;0.0;0.4939696;0.0;0.4230075;0.0;0.3924473;0.0;0.41239482;0.0;0.3708231;0.0;0.17400973;0.0;9.0;0.0;1.0;0.0;1.0;0.0;1.0;0.0;1.0;0.0;1.0;0.0;1.0;0.0;1.0;0.0;1.0;0.0;1.0;0.0;1.0;0.0;1.0;0.0;1.0;0.0;1.0;0.0;1.0;0.0;1.0;0.0;1.0;0.0;1.0;0.0;1.0;0.0;0.0;0.0;0.0
0.2654956;0.0;0.26224768;0.0;0.29412538;0.0;0.28240412;0.0;0.15936044;0.0;0.31005916;0.0;0.32581896;0.0;0.39323676;0.0;0.5191926;0.0;0.8590749;0.0;0.8485654;0.0;0.72519726;0.0;0.508588;0.0;0.42076525;0.0;0.3903671;0.0;0.41020885;0.0;0.36818478;0.0;0.17008644;0.0;9.0;0.0;1.0;0.0;1.0;0.0;1.0;0.0;1.0;0.0;1.0;0.0;1.0;0.0;1.0;0.0;1.0;0.0;1.0;0.0;1.0;0.0;1.0;0.0;1.0;0.0;1.0;0.0;1.0;0.0;1.0;0.0;1.0;0.0;1.0;0.0;1.0;0.0;0.0;0.0;0.0
0.25549567;0.0;0.25237006;0.0;0.2830471;0.0;0.28520158;0.0;0.13324802;0.0;0.3121394;0.0;0.32800493;0.0;0.24377549;0.0;0.5307265;0.0;0.8690748;0.0;0.85844296;0.0;0.73627555;0.0;0.5221652;0.0;0.418523;0.0;0.38828686;0.0;0.16151425;0.0;0.36554652;0.0;0.16616316;0.0;9.0;0.0;1.0;0.0;1.0;0.0;1.0;0.0;1.0;0.0;1.0;0.0;1.0;0.0;1.0;0.0;1.0;0.0;1.0;0.0;1.0;0.0;1.0;0.0;1.0;0.0;1.0;0.0;1.0;0.0;1.0;0.0;1.0;0.0;1.0;0.0;1.0;0.0;0.0;0.0;0.0
0.24549572;0.0;0.24249247;0.0;0.2719688;0.0;0.28799906;0.0;0.107135594;0.0;0.31421962;0.0;0.3301909;0.0;0.25966284;0.0;0.54226047;0.0;0.87907475;0.0;0.86832064;0.0;0.74735385;0.0;0.51936775;0.0;0.15982275;0.0;0.38620663;0.0;0.12986255;0.0;0.3629082;0.0;0.16223988;0.0;9.0;0.0;1.0;0.0;1.0;0.0;1.0;0.0;1.0;0.0;1.0;0.0;1.0;0.0;1.0;0.0;1.0;0.0;1.0;0.0;1.0;0.0;1.0;0.0;1.0;0.0;1.0;0.0;1.0;0.0;1.0;0.0;1.0;0.0;1.0;0.0;1.0;0.0;0.0;0.0;0.0
0.23549578;0.0;0.23261485;0.0;0.26089054;0.0;0.29079655;0.0;0.08102319;0.0;0.31629986;0.0;0.33237687;0.0;0.2755502;0.0;0.5537944;0.0;0.8890747;0.0;0.87819827;0.0;0.7584321;0.0;0.5165702;0.0;0.18593517;0.0;0.3841264;0.0;0.09821084;0.0;0.36026996;0.0;0.1583166;0.0;9.0;0.0;1.0;0.0;1.0;0.0;1.0;0.0;1.0;0.0;1.0;0.0;1.0;0.0;1.0;0.0;1.0;0.0;1.0;0.0;1.0;0.0;1.0;0.0;1.0;0.0;1.0;0.0;1.0;0.0;1.0;0.0;1.0;0.0;1.0;0.0;1.0;0.0;0.0;0.0;0.0
0.22549585;0.0;0.22273724;0.0;0.03873659;0.0;0.293594;0.0;0.34317255;0.0;0.3183801;0.0;0.33456284;0.0;0.29143757;0.0;0.56532836;0.0;0.8990747;0.0;0.8880758;0.0;0.7695104;0.0;0.5137728;0.0;0.21204758;0.0;0.38204616;0.0;0.401465;0.0;0.35763168;0.0;0.15439333;0.0;9.0;0.0;1.0;0.0;1.0;0.0;1.0;0.0;1.0;0.0;1.0;0.0;1.0;0.0;1.0;0.0;1.0;0.0;1.0;0.0;1.0;0.0;1.0;0.0;1.0;0.0;1.0;0.0;1.0;0.0;1.0;0.0;1.0;0.0;1.0;0.0;1.0;0.0;0.0;0.0;0.0
0.2154959;0.0;0.21285963;0.0;0.04316475;0.0;0.2963915;0.0;0.3454148;0.0;0.32046032;0.0;0.33674878;0.0;0.30732492;0.0;0.57686234;0.0;0.9090746;0.0;0.8979534;0.0;0.7805887;0.0;0.5109753;0.0;0.23815998;0.0;0.37996596;0.0;0.39927903;0.0;0.22808981;0.0;0.15047005;0.0;9.0;0.0;1.0;0.0;1.0;0.0;1.0;0.0;1.0;0.0;1.0;0.0;1.0;0.0;1.0;0.0;1.0;0.0;1.0;0.0;1.0;0.0;1.0;0.0;1.0;0.0;1.0;0.0;1.0;0.0;1.0;0.0;1.0;0.0;1.0;0.0;1.0;0.0;0.0;0.0;0.0
0.20549595;0.0;0.20298204;0.0;0.0475929;0.0;0.29918897;0.0;0.347657;0.0;0.32254055;0.0;0.33893475;0.0;0.32321227;0.0;0.58839625;0.0;0.91907454;0.0;0.9078311;0.0;0.791667;0.0;0.5081779;0.0;0.40731198;0.0;0.37788573;0.0;0.39709306;0.0;0.22545151;0.0;0.14654677;0.0;9.0;0.0;1.0;0.0;1.0;0.0;1.0;0.0;1.0;0.0;1.0;0.0;1.0;0.0;1.0;0.0;1.0;0.0;1.0;0.0;1.0;0.0;1.0;0.0;1.0;0.0;1.0;0.0;1.0;0.0;1.0;0.0;1.0;0.0;1.0;0.0;1.0;0.0;0.0;0.0;0.0
0.19549601;0.0;0.19310442;0.0;0.052021056;0.0;0.1674253;0.0;0.34989923;0.0;0.32462078;0.0;0.028396022;0.0;0.33909962;0.0;0.5999302;0.0;0.92907447;0.0;0.9177087;0.0;0.6894872;0.0;0.50538033;0.0;0.40506974;0.0;0.37580547;0.0;0.3949071;0.0;0.22281325;0.0;0.14262348;0.0;9.0;0.0;1.0;0.0;1.0;0.0;1.0;0.0;1.0;0.0;1.0;0.0;1.0;0.0;1.0;0.0;1.0;0.0;1.0;0.0;1.0;0.0;1.0;0.0;1.0;0.0;1.0;0.0;1.0;0.0;1.0;0.0;1.0;0.0;1.0;0.0;1.0;0.0;0.0;0.0;0.0
0.18549606;0.0;0.0;0.0;0.056449216;0.0;0.17022277;0.0;0.35214144;0.0;0.326701;0.0;0.060047764;0.0;0.35498697;0.0;0.61146414;0.0;0.9390744;0.0;0.92758626;0.0;0.70056546;0.0;0.5025829;0.0;0.4028275;0.0;0.37372524;0.0;0.39272112;0.0;0.22017498;0.0;0.13870022;0.0;9.0;0.0;9.0;0.0;1.0;0.0;1.0;0.0;1.0;0.0;1.0;0.0;1.0;0.0;1.0;0.0;1.0;0.0;1.0;0.0;1.0;0.0;1.0;0.0;1.0;0.0;1.0;0.0;1.0;0.0;1.0;0.0;1.0;0.0;1.0;0.0;1.0;0.0;0.0;0.0;0.0
0.17549613;0.0;0.0;0.0;0.06087737;0.0;0.17302024;0.0;0.19130705;0.0;0.32878122;0.0;0.0916995;0.0;0.37087435;0.0;0.5050816;0.0;0.9490744;0.0;0.9374639;0.0;0.7116438;0.0;0.76890767;0.0;0.40058532;0.0;0.37164503;0.0;0.39053518;0.0;0.21753669;0.0;0.20241758;0.0;9.0;0.0;9.0;0.0;1.0;0.0;1.0;0.0;1.0;0.0;1.0;0.0;1.0;0.0;1.0;0.0;1.0;0.0;1.0;0.0;1.0;0.0;1.0;0.0;1.0;0.0;1.0;0.0;1.0;0.0;1.0;0.0;1.0;0.0;1.0;0.0;1.0;0.0;0.0;0.0;0.0
0.16549619;0.0;0.0;0.0;0.06530552;0.0;0.17581773;0.0;0.16519465;0.0;0.33086145;0.0;0.12335124;0.0;0.4196195;0.0;0.5166155;0.0;0.9590743;0.0;0.94734156;0.0;0.72272205;0.0;0.3558713;0.0;0.3983431;0.0;0.3695648;0.0;0.3883492;0.0;0.21489842;0.0;0.19088364;0.0;9.0;0.0;9.0;0.0;1.0;0.0;1.0;0.0;1.0;0.0;1.0;0.0;1.0;0.0;1.0;0.0;1.0;0.0;1.0;0.0;1.0;0.0;1.0;0.0;1.0;0.0;1.0;0.0;1.0;0.0;1.0;0.0;1.0;0.0;1.0;0.0;1.0;0.0;0.0;0.0;0.0
0.15549624;0.0;0.0;0.0;0.06973369;0.0;0.1786152;0.0;0.13908222;0.0;0.33294168;0.0;0.34986457;0.0;0.4222578;0.0;0.5281495;0.0;0.96907425;0.0;0.9572191;0.0;0.73380035;0.0;0.37048975;0.0;0.39610088;0.0;0.36748457;0.0;0.38616323;0.0;0.21226013;0.0;0.17934969;0.0;9.0;0.0;9.0;0.0;1.0;0.0;1.0;0.0;1.0;0.0;1.0;0.0;1.0;0.0;1.0;0.0;1.0;0.0;1.0;0.0;1.0;0.0;1.0;0.0;1.0;0.0;1.0;0.0;1.0;0.0;1.0;0.0;1.0;0.0;1.0;0.0;1.0;0.0;0.0;0.0;0.0
0.1454963;0.0;0.14371638;0.0;0.16118594;0.0;0.18141267;0.0;0.112969816;0.0;0.3350219;0.0;0.35205054;0.0;0.4248961;0.0;0.53968346;0.0;0.9790741;0.0;0.9670967;0.0;0.74487865;0.0;0.38510817;0.0;0.15398854;0.0;0.36540434;0.0;0.1369344;0.0;0.20962186;0.0;0.16781573;0.0;9.0;0.0;9.0;0.0;1.0;0.0;1.0;0.0;1.0;0.0;1.0;0.0;1.0;0.0;1.0;0.0;1.0;0.0;1.0;0.0;1.0;0.0;1.0;0.0;1.0;0.0;1.0;0.0;1.0;0.0;1.0;0.0;1.0;0.0;1.0;0.0;1.0;0.0;0.0;0.0;0.0
0.13549635;0.0;0.13383877;0.0;0.15010765;0.0;0.18421015;0.0;0.2554998;0.0;0.33710214;0.0;0.35423648;0.0;0.27200052;0.0;0.55121744;0.0;0.98907405;0.0;0.9769743;0.0;0.75595695;0.0;0.39972663;0.0;0.18010095;0.0;0.3633241;0.0;0.10528269;0.0;0.2069836;0.0;0.15628178;0.0;9.0;0.0;9.0;0.0;1.0;0.0;1.0;0.0;1.0;0.0;1.0;0.0;1.0;0.0;1.0;0.0;1.0;0.0;1.0;0.0;1.0;0.0;1.0;0.0;1.0;0.0;1.0;0.0;1.0;0.0;1.0;0.0;1.0;0.0;1.0;0.0;1.0;0.0;0.0;0.0;0.0
0.12549642;0.0;0.123961166;0.0;0.13902935;0.0;0.052446492;0.0;0.25774202;0.0;0.33918238;0.0;0.35642245;0.0;0.28788787;0.0;0.5627514;0.0;0.999074;0.0;0.9868519;0.0;0.7670352;0.0;0.4143451;0.0;0.20621336;0.0;0.3612439;0.0;0.07363097;0.0;0.07744171;0.0;0.14474782;0.0;9.0;0.0;9.0;0.0;1.0;0.0;1.0;0.0;1.0;0.0;1.0;0.0;1.0;0.0;1.0;0.0;1.0;0.0;1.0;0.0;1.0;0.0;1.0;0.0;1.0;0.0;1.0;0.0;1.0;0.0;1.0;0.0;1.0;0.0;1.0;0.0;1.0;0.0;0.0;0.0;0.0
0.11549648;0.0;0.11408355;0.0;0.12795106;0.0;0.05524396;0.0;0.25998425;0.0;0.0;0.0;0.35860842;0.0;0.30377525;0.0;0.5742853;0.0;1.0;0.0;0.99672955;0.0;0.6648554;0.0;0.4289635;0.0;0.387132;0.0;0.35916367;0.0;0.27227256;0.0;0.07480343;0.0;0.13321386;0.0;9.0;0.0;9.0;0.0;1.0;0.0;1.0;0.0;1.0;0.0;1.0;0.0;1.0;0.0;1.0;0.0;1.0;0.0;1.0;0.0;1.0;0.0;1.0;0.0;1.0;0.0;1.0;0.0;1.0;0.0;1.0;0.0;1.0;0.0;1.0;0.0;1.0;0.0;0.0;0.0;0.0
0.10549654;0.0;0.10420594;0.0;0.11687277;0.0;0.058041435;0.0;0.26222646;0.0;0.34334284;0.0;0.36079437;0.0;0.3196626;0.0;0.5858193;0.0;1.0;0.0;1.0;0.0;0.6759337;0.0;0.44358197;0.0;0.38488978;0.0;0.35708344;0.0;0.2700866;0.0;0.07216515;0.0;0.12167992;0.0;9.0;0.0;9.0;0.0;1.0;0.0;1.0;0.0;1.0;0.0;1.0;0.0;1.0;0.0;1.0;0.0;1.0;0.0;1.0;0.0;1.0;0.0;1.0;0.0;1.0;0.0;1.0;0.0;1.0;0.0;1.0;0.0;1.0;0.0;1.0;0.0;1.0;0.0;0.0;0.0;0.0
0.09549659;0.0;0.09432834;0.0;0.10579449;0.0;0.060838915;0.0;0.15661597;0.0;0.34542304;0.0;0.36298034;0.0;0.33554995;0.0;0.5973532;0.0;1.0;0.0;0.39361212;0.0;0.687012;0.0;0.4582004;0.0;0.38264757;0.0;0.35500318;0.0;0.26790065;0.0;0.06952687;0.0;0.110145964;0.0;9.0;0.0;9.0;0.0;1.0;0.0;1.0;0.0;1.0;0.0;1.0;0.0;1.0;0.0;1.0;0.0;1.0;0.0;1.0;0.0;1.0;0.0;1.0;0.0;1.0;0.0;1.0;0.0;1.0;0.0;1.0;0.0;1.0;0.0;1.0;0.0;1.0;0.0;0.0;0.0;0.0
0.08549665;0.0;0.08445074;0.0;0.0;0.0;0.063636385;0.0;0.1588582;0.0;0.34750327;0.0;0.052975915;0.0;0.3514373;0.0;0.6088872;0.0;1.0;0.0;0.37867606;0.0;0.6980903;0.0;0.47460812;0.0;0.38040537;0.0;0.35292298;0.0;0.26571468;0.0;0.06688859;0.0;0.0;0.0;9.0;0.0;9.0;0.0;9.0;0.0;1.0;0.0;1.0;0.0;1.0;0.0;1.0;0.0;1.0;0.0;1.0;0.0;1.0;0.0;1.0;0.0;1.0;0.0;1.0;0.0;1.0;0.0;1.0;0.0;1.0;0.0;1.0;0.0;9.0;0.0;1.0;0.0;0.0;0.0;0.0
0.0754967;0.0;0.07457312;0.0;0.0;0.0;0.06643386;0.0;0.16110042;0.0;0.3495835;0.0;0.08462765;0.0;0.36732465;0.0;0.6204211;0.0;1.0;0.0;0.36373997;0.0;0.70916855;0.0;0.3379867;0.0;0.37816313;0.0;0.35084274;0.0;0.15838186;0.0;0.06425032;0.0;0.0;0.0;9.0;0.0;9.0;0.0;9.0;0.0;1.0;0.0;1.0;0.0;1.0;0.0;1.0;0.0;1.0;0.0;1.0;0.0;1.0;0.0;1.0;0.0;1.0;0.0;1.0;0.0;1.0;0.0;1.0;0.0;1.0;0.0;1.0;0.0;9.0;0.0;1.0;0.0;0.0;0.0;0.0
0.065496765;0.0;0.064695515;0.0;0.0;0.0;0.06923134;0.0;0.16334262;0.0;0.35166374;0.0;0.1162794;0.0;0.38321203;0.0;0.6319551;0.0;1.0;0.0;0.3488039;0.0;0.7202469;0.0;0.35260516;0.0;0.37592092;0.0;0.3487625;0.0;0.15619591;0.0;0.06161204;0.0;0.0;0.0;9.0;0.0;9.0;0.0;9.0;0.0;1.0;0.0;1.0;0.0;1.0;0.0;1.0;0.0;1.0;0.0;1.0;0.0;1.0;0.0;1.0;0.0;1.0;0.0;1.0;0.0;1.0;0.0;1.0;0.0;1.0;0.0;1.0;0.0;9.0;0.0;1.0;0.0;0.0;0.0;0.0
0.055496823;0.0;0.054817904;0.0;0.0;0.0;0.072028816;0.0;0.057732143;0.0;0.35374397;0.0;0.14793113;0.0;0.39909938;0.0;0.643489;0.0;1.0;0.0;1.0;0.0;0.73132515;0.0;0.3672236;0.0;0.12204192;0.0;0.34668228;0.0;0.15400994;0.0;0.05897376;0.0;0.0;0.0;9.0;0.0;9.0;0.0;9.0;0.0;1.0;0.0;1.0;0.0;1.0;0.0;1.0;0.0;1.0;0.0;1.0;0.0;1.0;0.0;1.0;0.0;1.0;0.0;1.0;0.0;1.0;0.0;1.0;0.0;1.0;0.0;1.0;0.0;9.0;0.0;1.0;0.0;0.0;0.0;0.0
0.04549688;0.0;0.044940297;0.0;0.0;0.0;0.0;0.0;0.059974354;0.0;0.35582417;0.0;0.37391016;0.0;0.41498676;0.0;0.655023;0.0;1.0;0.0;1.0;0.0;0.6291454;0.0;0.38184205;0.0;0.14815433;0.0;0.34460205;0.0;0.04667715;0.0;0.056335486;0.0;0.0;0.0;9.0;0.0;9.0;0.0;9.0;0.0;9.0;0.0;1.0;0.0;1.0;0.0;1.0;0.0;1.0;0.0;1.0;0.0;1.0;0.0;1.0;0.0;1.0;0.0;1.0;0.0;1.0;0.0;1.0;0.0;1.0;0.0;1.0;0.0;9.0;0.0;1.0;0.0;0.0;0.0;0.0
0.03549694;0.0;0.03506269;0.0;0.0;0.0;0.0;0.0;0.062216572;0.0;0.35790443;0.0;0.37609613;0.0;0.45391712;0.0;0.66655695;0.0;1.0;0.0;1.0;0.0;0.6402236;0.0;0.39646047;0.0;0.17426673;0.0;0.34252185;0.0;0.044491183;0.0;0.053697206;0.0;0.0;0.0;9.0;0.0;9.0;0.0;9.0;0.0;9.0;0.0;1.0;0.0;1.0;0.0;1.0;0.0;1.0;0.0;1.0;0.0;1.0;0.0;1.0;0.0;1.0;0.0;1.0;0.0;1.0;0.0;1.0;0.0;1.0;0.0;1.0;0.0;9.0;0.0;1.0;0.0;0.0;0.0;0.0
0.025496995;0.0;0.025185082;0.0;0.0;0.0;0.0;0.0;0.064458795;0.0;0.35998467;0.0;0.3782821;0.0;0.45655543;0.0;0.67809093;0.0;1.0;0.0;1.0;0.0;0.651302;0.0;0.41107893;0.0;0.20037916;0.0;0.3404416;0.0;0.042305224;0.0;0.0;0.0;0.0;0.0;9.0;0.0;9.0;0.0;9.0;0.0;9.0;0.0;1.0;0.0;1.0;0.0;1.0;0.0;1.0;0.0;1.0;0.0;1.0;0.0;1.0;0.0;1.0;0.0;1.0;0.0;1.0;0.0;1.0;0.0;1.0;0.0;9.0;0.0;9.0;0.0;1.0;0.0;0.0;0.0;0.0
0.015497054;0.0;0.015307471;0.0;0.017168183;0.0;0.0;0.0;0.0;0.0;0.0;0.0;0.38046807;0.0;0.3002256;0.0;0.5717083;0.0;1.0;0.0;1.0;0.0;0.6623803;0.0;0.4256974;0.0;0.36470982;0.0;0.33836138;0.0;0.040119257;0.0;0.0;0.0;0.0;0.0;9.0;0.0;9.0;0.0;9.0;0.0;9.0;0.0;9.0;0.0;1.0;0.0;1.0;0.0;1.0;0.0;1.0;0.0;1.0;0.0;1.0;0.0;1.0;0.0;1.0;0.0;1.0;0.0;1.0;0.0;1.0;0.0;9.0;0.0;9.0;0.0;1.0;0.0;0.0;0.0;0.0
0.0054971115;0.0;0.005429863;0.0;0.0060898936;0.0;0.0;0.0;0.0;0.0;0.06396243;0.0;0.382654;0.0;0.31611294;0.0;0.5832423;0.0;1.0;0.0;1.0;0.0;0.6734585;0.0;0.4522283;0.0;0.36246762;0.0;0.33628115;0.0;0.0;0.0;0.0;0.0;0.0;0.0;9.0;0.0;9.0;0.0;9.0;0.0;9.0;0.0;9.0;0.0;1.0;0.0;1.0;0.0;1.0;0.0;1.0;0.0;1.0;0.0;1.0;0.0;1.0;0.0;1.0;0.0;1.0;0.0;1.0;0.0;9.0;0.0;9.0;0.0;9.0;0.0;1.0;0.0;0.0;0.0;0.0
0.61889917;0.0;0.47418833;0.0;0.34586412;0.0;0.008035967;0.0;0.07118544;0.0;0.066042654;0.0;0.38483995;0.0;0.31611294;0.0;0.5832423;0.0;1.0;0.0;1.0;0.0;0.6734585;0.0;0.44943085;0.0;0.36022538;0.0;0.33420092;0.0;0.03574733;0.0;0.043144096;0.0;0.0063403794;0.0;1.0;0.0;1.0;0.0;1.0;0.0;1.0;0.0;1.0;0.0;1.0;0.0;1.0;0.0;1.0;0.0;1.0;0.0;1.0;0.0;1.0;0.0;1.0;0.0;1.0;0.0;1.0;0.0;1.0;0.0;1.0;0.0;1.0;0.0;1.0;0.0;1.0;0.0;0.0;0.0;0.0
0.60889924;0.0;1.0;0.0;0.33478582;0.0;0.0;0.0;0.07342766;0.0;0.06812288;0.0;0.38702592;0.0;0.33200032;0.0;0.5947763;0.0;1.0;0.0;1.0;0.0;0.6845368;0.0;0.30548364;0.0;0.35798317;0.0;0.0;0.0;0.03356137;0.0;0.0;0.0;0.0;0.0;1.0;0.0;1.0;0.0;1.0;0.0;1.0;0.0;1.0;0.0;1.0;0.0;1.0;0.0;1.0;0.0;1.0;0.0;1.0;0.0;1.0;0.0;1.0;0.0;1.0;0.0;1.0;0.0;1.0;0.0;1.0;0.0;1.0;0.0;1.0;0.0;1.0;0.0;0.0;0.0;0.0
0.59889925;0.0;1.0;0.0;0.32370752;0.0;0.0;0.0;0.07566988;0.0;0.07020311;0.0;0.3892119;0.0;0.34788767;0.0;0.6063102;0.0;1.0;0.0;1.0;0.0;0.6956151;0.0;0.3201021;0.0;0.0;0.0;0.02985778;0.0;0.031375404;0.0;0.0;0.0;0.0;0.0;1.0;0.0;1.0;0.0;1.0;0.0;1.0;0.0;1.0;0.0;1.0;0.0;1.0;0.0;1.0;0.0;1.0;0.0;1.0;0.0;1.0;0.0;1.0;0.0;1.0;0.0;1.0;0.0;1.0;0.0;1.0;0.0;1.0;0.0;1.0;0.0;1.0;0.0;0.0;0.0;0.0
0.5888993;0.0;1.0;0.0;0.31262925;0.0;0.0;0.0;0.07791209;0.0;0.07228334;0.0;0.0;0.0;0.363775;0.0;0.61784416;0.0;1.0;0.0;1.0;0.0;0.7066934;0.0;0.33472055;0.0;0.0;0.0;0.027777553;0.0;0.029189443;0.0;0.0;0.0;0.0;0.0;1.0;0.0;1.0;0.0;1.0;0.0;1.0;0.0;1.0;0.0;1.0;0.0;1.0;0.0;1.0;0.0;1.0;0.0;1.0;0.0;1.0;0.0;1.0;0.0;1.0;0.0;1.0;0.0;1.0;0.0;1.0;0.0;1.0;0.0;1.0;0.0;1.0;0.0;0.0;0.0;0.0
0.5788994;0.0;1.0;0.0;0.30155095;0.0;0.09901277;0.0;0.0;0.0;0.074363574;0.0;0.0;0.0;0.37966236;0.0;0.6293781;0.0;1.0;0.0;1.0;0.0;0.71777165;0.0;0.0;0.0;0.0;0.0;0.025697324;0.0;0.027003478;0.0;0.0;0.0;0.0;0.0;1.0;0.0;1.0;0.0;1.0;0.0;1.0;0.0;1.0;0.0;1.0;0.0;1.0;0.0;1.0;0.0;1.0;0.0;1.0;0.0;1.0;0.0;1.0;0.0;1.0;0.0;1.0;0.0;1.0;0.0;1.0;0.0;1.0;0.0;1.0;0.0;1.0;0.0;0.0;0.0;0.0
0.56889945;0.0;1.0;0.0;0.2904727;0.0;0.23736219;0.0;0.0;0.0;0.0764438;0.0;0.0;0.0;0.3955497;0.0;0.64091206;0.0;1.0;0.0;1.0;0.0;0.72885;0.0;0.0;0.0;0.0;0.0;0.023617096;0.0;0.024817517;0.0;0.0;0.0;0.0;0.0;1.0;0.0;1.0;0.0;1.0;0.0;1.0;0.0;1.0;0.0;1.0;0.0;1.0;0.0;1.0;0.0;1.0;0.0;1.0;0.0;1.0;0.0;1.0;0.0;1.0;0.0;1.0;0.0;1.0;0.0;1.0;0.0;1.0;0.0;1.0;0.0;1.0;0.0;0.0;0.0;0.0
0.5588995;0.0;1.0;0.0;0.2793944;0.0;0.21922645;0.0;0.0;0.0;0.07852402;0.0;0.0;0.0;0.4114371;0.0;0.652446;0.0;1.0;0.0;1.0;0.0;0.0;0.0;0.0;0.0;0.02321396;0.0;0.021536868;0.0;0.022631554;0.0;0.0;0.0;0.0;0.0;1.0;0.0;1.0;0.0;1.0;0.0;1.0;0.0;1.0;0.0;1.0;0.0;1.0;0.0;1.0;0.0;1.0;0.0;1.0;0.0;1.0;0.0;1.0;0.0;1.0;0.0;1.0;0.0;1.0;0.0;1.0;0.0;1.0;0.0;1.0;0.0;1.0;0.0;0.0;0.0;0.0
0.54889953;0.0;1.0;0.0;0.38157415;0.0;0.20460801;0.0;0.0;0.0;0.080604255;0.0;0.08470123;0.0;0.0;0.0;0.66397995;0.0;1.0;0.0;1.0;0.0;0.0;0.0;0.0;0.0;0.020971743;0.0;0.01945664;0.0;0.0;0.0;0.0;0.0;0.0;0.0;1.0;0.0;1.0;0.0;1.0;0.0;1.0;0.0;1.0;0.0;1.0;0.0;1.0;0.0;1.0;0.0;1.0;0.0;1.0;0.0;1.0;0.0;1.0;0.0;1.0;0.0;1.0;0.0;1.0;0.0;1.0;0.0;1.0;0.0;1.0;0.0;1.0;0.0;0.0;0.0;0.0
0.5388996;0.0;1.0;0.0;0.37049586;0.0;0.18998957;0.0;0.19697589;0.0;0.08268448;0.0;0.086887196;0.0;0.0;0.0;0.67551386;0.0;1.0;0.0;1.0;0.0;0.0;0.0;0.0;0.0;0.018729527;0.0;0.017376412;0.0;0.0;0.0;0.0;0.0;0.14990182;0.0;1.0;0.0;1.0;0.0;1.0;0.0;1.0;0.0;1.0;0.0;1.0;0.0;1.0;0.0;1.0;0.0;1.0;0.0;1.0;0.0;1.0;0.0;1.0;0.0;1.0;0.0;1.0;0.0;1.0;0.0;1.0;0.0;1.0;0.0;1.0;0.0;1.0;0.0;0.0;0.0;0.0
0.5288997;0.0;1.0;0.0;0.3594176;0.0;0.17537113;0.0;0.1992181;0.0;0.084764704;0.0;0.089073166;0.0;0.0;0.0;0.68704784;0.0;1.0;0.0;1.0;0.0;0.0;0.0;0.0;0.0;0.01648731;0.0;0.0152961835;0.0;0.0;0.0;0.0;0.0;0.13836786;0.0;1.0;0.0;1.0;0.0;1.0;0.0;1.0;0.0;1.0;0.0;1.0;0.0;1.0;0.0;1.0;0.0;1.0;0.0;1.0;0.0;1.0;0.0;1.0;0.0;1.0;0.0;1.0;0.0;1.0;0.0;1.0;0.0;1.0;0.0;1.0;0.0;1.0;0.0;0.0;0.0;0.0
0.5188998;0.0;1.0;0.0;0.3483393;0.0;0.16075268;0.0;0.020188583;0.0;0.086844936;0.0;0.09125913;0.0;0.0;0.0;0.6985818;0.0;1.0;0.0;1.0;0.0;0.0;0.0;0.0;0.0;0.014245091;0.0;0.013215954;0.0;0.0;0.0;0.012283168;0.0;0.1268339;0.0;1.0;0.0;1.0;0.0;1.0;0.0;1.0;0.0;1.0;0.0;1.0;0.0;1.0;0.0;1.0;0.0;1.0;0.0;1.0;0.0;1.0;0.0;1.0;0.0;1.0;0.0;1.0;0.0;1.0;0.0;1.0;0.0;1.0;0.0;1.0;0.0;1.0;0.0;0.0;0.0;0.0
0.5088998;0.0;1.0;0.0;0.33726102;0.0;0.14613424;0.0;0.0;0.0;0.18898606;0.0;0.093445085;0.0;0.0036041867;0.0;0.7101158;0.0;1.0;0.0;0.0022408224;0.0;0.0025132073;0.0;0.01497524;0.0;0.012002874;0.0;0.011135727;0.0;0.11684857;0.0;0.0;0.0;0.115299955;0.0;1.0;0.0;1.0;0.0;1.0;0.0;1.0;0.0;1.0;0.0;1.0;0.0;1.0;0.0;1.0;0.0;1.0;0.0;1.0;0.0;1.0;0.0;1.0;0.0;1.0;0.0;1.0;0.0;1.0;0.0;1.0;0.0;1.0;0.0;1.0;0.0;1.0;0.0;0.0;0.0;0.0
0.49889988;0.0;0.99771166;0.0;0.32618272;0.0;0.1315158;0.0;0.0;0.0;0.1910663;0.0;0.09563105;0.0;0.019491542;0.0;0.72164977;0.0;1.0;0.0;0.012118431;0.0;0.013591495;0.0;0.012177765;0.0;0.009760657;0.0;0.10911639;0.0;0.11466261;0.0;0.0;0.0;0.103766;0.0;1.0;0.0;1.0;0.0;1.0;0.0;1.0;0.0;1.0;0.0;1.0;0.0;1.0;0.0;1.0;0.0;1.0;0.0;1.0;0.0;1.0;0.0;1.0;0.0;1.0;0.0;1.0;0.0;1.0;0.0;1.0;0.0;1.0;0.0;1.0;0.0;1.0;0.0;0.0;0.0;0.0
0.48889995;0.0;0.9878341;0.0;0.31510442;0.0;0.11689736;0.0;0.0;0.0;0.19314651;0.0;0.09781702;0.0;0.035378896;0.0;0.7331837;0.0;1.0;0.0;0.02199604;0.0;0.024669785;0.0;0.00938029;0.0;0.0075184396;0.0;0.10703616;0.0;0.11247665;0.0;0.13575009;0.0;0.09223204;0.0;1.0;0.0;1.0;0.0;1.0;0.0;1.0;0.0;1.0;0.0;1.0;0.0;1.0;0.0;1.0;0.0;1.0;0.0;1.0;0.0;1.0;0.0;1.0;0.0;1.0;0.0;1.0;0.0;1.0;0.0;1.0;0.0;1.0;0.0;1.0;0.0;1.0;0.0;0.0;0.0;0.0
0.47890002;0.0;0.9779564;0.0;0.30402616;0.0;0.26253945;0.0;0.21042919;0.0;0.19522674;0.0;0.10000298;0.0;0.051266253;0.0;0.74471766;0.0;1.0;0.0;0.03187365;0.0;0.035748072;0.0;0.006582815;0.0;0.0052762227;0.0;0.104955934;0.0;0.110290684;0.0;0.1331118;0.0;0.08069809;0.0;1.0;0.0;1.0;0.0;1.0;0.0;1.0;0.0;1.0;0.0;1.0;0.0;1.0;0.0;1.0;0.0;1.0;0.0;1.0;0.0;1.0;0.0;1.0;0.0;1.0;0.0;1.0;0.0;1.0;0.0;1.0;0.0;1.0;0.0;1.0;0.0;1.0;0.0;0.0;0.0;0.0
0.46890005;0.0;0.9680788;0.0;0.40620595;0.0;0.23711105;0.0;0.2126714;0.0;0.19730698;0.0;0.102188945;0.0;0.06715361;0.0;0.63833505;0.0;1.0;0.0;0.041751258;0.0;0.04682636;0.0;0.00378534;0.0;0.0030340054;0.0;0.10287571;0.0;0.0;0.0;0.13047352;0.0;0.18708067;0.0;1.0;0.0;1.0;0.0;1.0;0.0;1.0;0.0;1.0;0.0;1.0;0.0;1.0;0.0;1.0;0.0;1.0;0.0;1.0;0.0;1.0;0.0;1.0;0.0;1.0;0.0;1.0;0.0;1.0;0.0;1.0;0.0;1.0;0.0;1.0;0.0;1.0;0.0;0.0;0.0;0.0
0.45890012;0.0;0.9582012;0.0;0.39512762;0.0;0.2224926;0.0;0.2149136;0.0;0.19938721;0.0;0.1043749;0.0;0.08304097;0.0;0.649869;0.0;1.0;0.0;0.051628865;0.0;0.05790465;0.0;9.87865E-4;0.0;0.0;0.0;0.100795485;0.0;0.0;0.0;0.07938225;0.0;0.17554672;0.0;1.0;0.0;1.0;0.0;1.0;0.0;1.0;0.0;1.0;0.0;1.0;0.0;1.0;0.0;1.0;0.0;1.0;0.0;1.0;0.0;1.0;0.0;1.0;0.0;1.0;0.0;1.0;0.0;1.0;0.0;1.0;0.0;1.0;0.0;1.0;0.0;0.0;0.0;0.0;1.0;0.0
0.55733925;0.0;0.9635146;0.0;0.28737754;0.0;0.23161125;0.0;0.21205294;0.0;0.19926587;0.0;0.10563721;0.0;0.07953669;0.0;0.75184816;0.0;1.0;0.0;0.051915158;0.0;0.059036158;0.0;9.5833547E-4;0.0;0.0;0.0;0.10073414;0.0;0.0;0.0;0.07603237;0.0;0.17190279;0.0;1.0;0.0;1.0;0.0;1.0;0.0;1.0;0.0;1.0;0.0;1.0;0.0;1.0;0.0;1.0;0.0;1.0;0.0;1.0;0.0;1.0;0.0;1.0;0.0;1.0;0.0;1.0;0.0;1.0;0.0;1.0;0.0;1.0;0.0;1.0;0.0;0.0;0.0;0.0;1.0;0.0
0.95819646;0.0;0.86784136;0.0;0.29346976;0.0;0.2528685;0.0;0.20951931;0.0;0.19938746;0.0;0.107062444;0.0;0.076405525;0.0;0.73743916;0.0;1.0;0.0;0.052268676;0.0;0.060287684;0.0;9.3162217E-4;0.0;0.0;0.0;0.100795604;0.0;0.0;0.0;0.07303916;0.0;0.16860831;0.0;1.0;0.0;1.0;0.0;1.0;0.0;1.0;0.0;1.0;0.0;1.0;0.0;1.0;0.0;1.0;0.0;1.0;0.0;1.0;0.0;1.0;0.0;1.0;0.0;1.0;0.0;1.0;0.0;1.0;0.0;1.0;0.0;1.0;0.0;1.0;0.0;0.0;0.0;0.0;1.0;0.0
0.007024517;0.0;0.7718028;0.0;0.30019954;0.0;0.083150946;0.0;0.2072951;0.0;0.19975269;0.0;0.10866088;0.0;0.07359782;0.0;0.8356973;0.0;1.0;0.0;0.052691687;0.0;0.001312819;0.0;9.074334E-4;0.0;0.0;0.0;0.100980245;0.0;0.0;0.0;0.07035516;0.0;0.16563573;0.0;1.0;0.0;1.0;0.0;1.0;0.0;1.0;0.0;1.0;0.0;1.0;0.0;1.0;0.0;1.0;0.0;1.0;0.0;1.0;0.0;1.0;0.0;1.0;0.0;1.0;0.0;1.0;0.0;1.0;0.0;1.0;0.0;1.0;0.0;1.0;0.0;0.0;0.0;0.0;1.0;0.0
0.95118964;0.0;0.67502636;0.0;0.3076288;0.0;0.087402746;0.0;0.20536521;0.0;0.20036384;0.0;0.110444345;0.0;0.071072675;0.0;0.93166625;0.0;1.0;0.0;0.053186923;0.0;0.0012489602;0.0;8.855203E-4;0.0;0.10381752;0.0;0.1012892;0.0;0.11207799;0.0;0.06794127;0.0;0.16296126;0.0;1.0;0.0;1.0;0.0;1.0;0.0;1.0;0.0;1.0;0.0;1.0;0.0;1.0;0.0;1.0;0.0;1.0;0.0;9.0;0.0;1.0;0.0;1.0;0.0;1.0;0.0;1.0;0.0;1.0;0.0;1.0;0.0;1.0;0.0;1.0;0.0;1.0;0.0;0.0;0.0;0.0
0.94118965;0.0;0.66464865;0.0;0.2952981;0.0;0.06956296;0.0;0.20608392;0.0;0.20106506;0.0;0.111220255;0.0;0.08494018;0.0;0.94258595;0.0;1.0;0.0;0.06356461;0.0;6.254536E-5;0.0;4.4345037E-5;0.0;0.103098795;0.0;0.10058799;0.0;0.11130208;0.0;0.054073762;0.0;0.15204167;0.0;1.0;0.0;1.0;0.0;1.0;0.0;1.0;0.0;1.0;0.0;1.0;0.0;1.0;0.0;1.0;0.0;1.0;0.0;9.0;0.0;1.0;0.0;1.0;0.0;1.0;0.0;1.0;0.0;1.0;0.0;1.0;0.0;1.0;0.0;1.0;0.0;0.0;0.0;0.0;1.0;0.0
0.9394698;0.0;0.56663424;0.0;0.30317026;0.0;0.073405884;0.0;0.20442975;0.0;0.2019289;0.0;0.11321644;0.0;0.08221941;0.0;1.0;0.0;1.0;0.0;0.06424673;0.0;5.97135E-5;0.0;4.3351003E-5;0.0;0.10227126;0.0;0.10102014;0.0;0.11329973;0.0;0.05234169;0.0;0.257658;0.0;1.0;0.0;1.0;0.0;1.0;0.0;1.0;0.0;1.0;0.0;1.0;0.0;1.0;0.0;1.0;0.0;1.0;0.0;9.0;0.0;1.0;0.0;1.0;0.0;1.0;0.0;1.0;0.0;1.0;0.0;1.0;0.0;1.0;0.0;1.0;0.0;0.0;0.0;0.0;1.0;0.0
0.9388981;0.0;0.5734871;0.0;0.1813213;0.0;0.077798575;0.0;0.0;0.0;0.20304863;0.0;0.11542879;0.0;0.07976168;0.0;1.0;0.0;1.0;0.0;0.06502373;0.0;5.7193633E-5;0.0;0.0;0.0;0.10157968;0.0;0.10158032;0.0;0.11551372;0.0;0.050777078;0.0;0.25422835;0.0;1.0;0.0;1.0;0.0;1.0;0.0;1.0;0.0;1.0;0.0;1.0;0.0;1.0;0.0;1.0;0.0;1.0;0.0;9.0;0.0;1.0;0.0;1.0;0.0;1.0;0.0;1.0;0.0;1.0;0.0;1.0;0.0;1.0;0.0;1.0;0.0;0.0;0.0;0.0;1.0;0.0
0.93947095;0.0;0.47337022;0.0;0.18690883;0.0;0.08285783;0.0;0.0;0.0;0.0;0.0;0.1178758;0.0;0.07753835;0.0;1.0;0.0;0.061139196;0.0;0.06590102;0.0;5.4942055E-5;0.0;0.0;0.0;0.101019636;0.0;0.0;0.0;0.11796254;0.0;0.049361683;0.0;0.25119084;0.0;1.0;0.0;1.0;0.0;1.0;0.0;1.0;0.0;1.0;0.0;1.0;0.0;1.0;0.0;1.0;0.0;1.0;0.0;1.0;0.0;1.0;0.0;1.0;0.0;1.0;0.0;1.0;0.0;1.0;0.0;1.0;0.0;1.0;0.0;1.0;0.0;1.0;0.0;0.0;0.0;0.0
0.9294709;0.0;0.46259135;0.0;0.17346045;0.0;0.06156949;0.0;0.0;0.0;0.20407431;0.0;0.11746404;0.0;0.09022065;0.0;1.0;0.0;0.07113923;0.0;0.0766799;0.0;5.767847E-4;0.0;0.0;0.0;0.10137224;0.0;0.0;0.0;0.1183743;0.0;0.036679376;0.0;0.24068265;0.0;1.0;0.0;1.0;0.0;1.0;0.0;1.0;0.0;1.0;0.0;1.0;0.0;1.0;0.0;1.0;0.0;1.0;0.0;1.0;0.0;1.0;0.0;1.0;0.0;1.0;0.0;1.0;0.0;1.0;0.0;1.0;0.0;1.0;0.0;1.0;0.0;1.0;0.0;0.0;0.0;0.0
0.9194709;0.0;0.45181245;0.0;0.2945775;0.0;0.040281147;0.0;0.20122263;0.0;0.20371732;0.0;0.117052294;0.0;0.102902964;0.0;1.0;0.0;0.08113926;0.0;0.08745879;0.0;0.0010986273;0.0;0.0;0.0;0.10172486;0.0;0.10298602;0.0;0.035684053;0.0;0.1508971;0.0;0.23017447;0.0;1.0;0.0;1.0;0.0;1.0;0.0;1.0;0.0;1.0;0.0;1.0;0.0;1.0;0.0;1.0;0.0;1.0;0.0;1.0;0.0;1.0;0.0;1.0;0.0;1.0;0.0;1.0;0.0;1.0;0.0;1.0;0.0;1.0;0.0;1.0;0.0;1.0;0.0;0.0;0.0;0.0
0.90947086;0.0;0.4410336;0.0;0.28112912;0.0;0.018992808;0.0;0.20087004;0.0;0.20336035;0.0;0.11664053;0.0;0.11558527;0.0;1.0;0.0;0.091139294;0.0;0.09823767;0.0;0.00162047;0.0;0.0;0.0;0.102077484;0.0;0.10334301;0.0;0.016825248;0.0;0.1382148;0.0;0.3248119;0.0;1.0;0.0;1.0;0.0;1.0;0.0;1.0;0.0;1.0;0.0;1.0;0.0;1.0;0.0;1.0;0.0;1.0;0.0;1.0;0.0;1.0;0.0;1.0;0.0;1.0;0.0;1.0;0.0;1.0;0.0;1.0;0.0;1.0;0.0;1.0;0.0;1.0;0.0;0.0;0.0;0.0
0.8994709;0.0;0.4302547;0.0;0.26768073;0.0;0.22488832;0.0;0.20051742;0.0;0.20300336;0.0;0.116228774;0.0;0.12826757;0.0;1.0;0.0;0.10113933;0.0;0.10901656;0.0;0.0021423125;0.0;0.0022955348;0.0;0.102430105;0.0;0.103700005;0.0;0.0;0.0;0.12553248;0.0;0.3143037;0.0;1.0;0.0;1.0;0.0;1.0;0.0;1.0;0.0;1.0;0.0;1.0;0.0;1.0;0.0;1.0;0.0;1.0;0.0;1.0;0.0;1.0;0.0;1.0;0.0;1.0;0.0;1.0;0.0;1.0;0.0;1.0;0.0;1.0;0.0;1.0;0.0;1.0;0.0;0.0;0.0;0.0
0.8894709;0.0;0.52733004;0.0;0.25423235;0.0;0.22449283;0.0;0.2001648;0.0;0.20264634;0.0;0.11581701;0.0;0.14094988;0.0;1.0;0.0;0.11113936;0.0;0.11979544;0.0;0.002664155;0.0;0.11527494;0.0;0.10278273;0.0;0.10405699;0.0;0.0;0.0;0.112850174;0.0;0.30379552;0.0;1.0;0.0;1.0;0.0;1.0;0.0;1.0;0.0;1.0;0.0;1.0;0.0;1.0;0.0;1.0;0.0;1.0;0.0;1.0;0.0;1.0;0.0;1.0;0.0;1.0;0.0;1.0;0.0;1.0;0.0;1.0;0.0;1.0;0.0;1.0;0.0;1.0;0.0;0.0;0.0;0.0
0.8794708;0.0;0.5165512;0.0;0.24078397;0.0;0.22409737;0.0;0.19981217;0.0;0.20228937;0.0;0.11540525;0.0;0.1536322;0.0;1.0;0.0;0.12113939;0.0;0.13057432;0.0;0.028346915;0.0;0.11567042;0.0;0.0;0.0;0.104413986;0.0;0.0;0.0;0.10016787;0.0;0.29328734;0.0;1.0;0.0;1.0;0.0;1.0;0.0;1.0;0.0;1.0;0.0;1.0;0.0;1.0;0.0;1.0;0.0;1.0;0.0;1.0;0.0;1.0;0.0;1.0;0.0;1.0;0.0;1.0;0.0;1.0;0.0;1.0;0.0;1.0;0.0;1.0;0.0;1.0;0.0;0.0;0.0;0.0
0.8694708;0.0;0.5057723;0.0;0.2273356;0.0;0.22370188;0.0;0.19945955;0.0;0.20193239;0.0;0.058609992;0.0;0.1663145;0.0;1.0;0.0;0.13113943;0.0;0.14135322;0.0;0.0417953;0.0;0.1160659;0.0;0.10348795;0.0;0.10477097;0.0;0.0;0.0;0.08748557;0.0;0.28277916;0.0;1.0;0.0;1.0;0.0;1.0;0.0;1.0;0.0;1.0;0.0;1.0;0.0;1.0;0.0;1.0;0.0;1.0;0.0;1.0;0.0;1.0;0.0;1.0;0.0;1.0;0.0;1.0;0.0;1.0;0.0;1.0;0.0;1.0;0.0;1.0;0.0;1.0;0.0;0.0;0.0;0.0
0.8594707;0.0;0.4949934;0.0;0.21388721;0.0;0.22330642;0.0;0.19910693;0.0;0.2015754;0.0;0.077468805;0.0;0.1789968;0.0;1.0;0.0;0.14113946;0.0;0.1521321;0.0;0.055243682;0.0;0.116461374;0.0;0.103840575;0.0;0.10512797;0.0;0.12125661;0.0;0.07480326;0.0;0.27227098;0.0;1.0;0.0;1.0;0.0;1.0;0.0;1.0;0.0;1.0;0.0;1.0;0.0;1.0;0.0;1.0;0.0;1.0;0.0;1.0;0.0;1.0;0.0;1.0;0.0;1.0;0.0;1.0;0.0;1.0;0.0;1.0;0.0;1.0;0.0;1.0;0.0;1.0;0.0;0.0;0.0;0.0
0.84947073;0.0;0.48421454;0.0;0.20043883;0.0;0.10427537;0.0;0.19875431;0.0;0.0;0.0;0.09632762;0.0;0.1916791;0.0;1.0;0.0;0.1511395;0.0;0.16291097;0.0;0.068692066;0.0;0.11685685;0.0;0.104193196;0.0;0.10548495;0.0;0.121668376;0.0;0.062120955;0.0;0.2617628;0.0;1.0;0.0;1.0;0.0;1.0;0.0;1.0;0.0;1.0;0.0;1.0;0.0;1.0;0.0;1.0;0.0;1.0;0.0;1.0;0.0;1.0;0.0;1.0;0.0;1.0;0.0;1.0;0.0;1.0;0.0;1.0;0.0;1.0;0.0;1.0;0.0;1.0;0.0;0.0;0.0;0.0
0.8394707;0.0;0.47343564;0.0;0.18699045;0.0;0.082987025;0.0;0.0;0.0;0.0;0.0;0.11518643;0.0;0.15669908;0.0;1.0;0.0;0.16113952;0.0;0.009419175;0.0;0.08214045;0.0;0.0;0.0;0.10454582;0.0;0.0;0.0;0.12208013;0.0;0.049438648;0.0;0.25125462;0.0;1.0;0.0;1.0;0.0;1.0;0.0;1.0;0.0;1.0;0.0;1.0;0.0;1.0;0.0;1.0;0.0;1.0;0.0;1.0;0.0;1.0;0.0;1.0;0.0;1.0;0.0;1.0;0.0;1.0;0.0;1.0;0.0;1.0;0.0;1.0;0.0;1.0;0.0;0.0;0.0;0.0
0.82947063;0.0;0.4626568;0.0;0.17354207;0.0;0.061698686;0.0;0.0;0.0;0.20050442;0.0;0.13404524;0.0;0.1561319;0.0;1.0;0.0;0.17113957;0.0;0.010351278;0.0;0.09558883;0.0;0.0;0.0;0.10489843;0.0;0.0;0.0;0.12249188;0.0;0.16365637;0.0;0.24074642;0.0;1.0;0.0;1.0;0.0;1.0;0.0;1.0;0.0;1.0;0.0;1.0;0.0;1.0;0.0;1.0;0.0;1.0;0.0;1.0;0.0;1.0;0.0;1.0;0.0;1.0;0.0;1.0;0.0;1.0;0.0;1.0;0.0;1.0;0.0;1.0;0.0;1.0;0.0;0.0;0.0;0.0
0.8194706;0.0;0.4518779;0.0;0.16009368;0.0;0.040410347;0.0;0.19769646;0.0;0.20014744;0.0;0.15290406;0.0;0.1555647;0.0;1.0;0.0;0.18113959;0.0;0.011283382;0.0;0.10903722;0.0;0.0;0.0;0.10525105;0.0;0.106555924;0.0;0.03579851;0.0;0.15097407;0.0;0.33538386;0.0;1.0;0.0;1.0;0.0;1.0;0.0;1.0;0.0;1.0;0.0;1.0;0.0;1.0;0.0;1.0;0.0;1.0;0.0;1.0;0.0;1.0;0.0;1.0;0.0;1.0;0.0;1.0;0.0;1.0;0.0;1.0;0.0;1.0;0.0;1.0;0.0;1.0;0.0;0.0;0.0;0.0
0.80947053;0.0;0.44109902;0.0;0.28121075;0.0;0.019122006;0.0;0.19734384;0.0;0.19979045;0.0;0.23044209;0.0;0.15499751;0.0;1.0;0.0;0.19113962;0.0;0.012215486;0.0;0.1224856;0.0;0.0;0.0;0.10560367;0.0;0.10691291;0.0;0.016939703;0.0;0.13829175;0.0;0.32487565;0.0;1.0;0.0;1.0;0.0;1.0;0.0;1.0;0.0;1.0;0.0;1.0;0.0;1.0;0.0;1.0;0.0;1.0;0.0;1.0;0.0;1.0;0.0;1.0;0.0;1.0;0.0;1.0;0.0;1.0;0.0;1.0;0.0;1.0;0.0;1.0;0.0;1.0;0.0;0.0;0.0;0.0
0.79947054;0.0;0.4303201;0.0;0.26776236;0.0;0.22093356;0.0;0.19699122;0.0;0.19943345;0.0;0.23003034;0.0;0.15443033;0.0;0.21136054;0.0;0.20113966;0.0;0.01314759;0.0;0.13593398;0.0;0.002166335;0.0;0.10595629;0.0;0.107269906;0.0;0.0;0.0;0.12560946;0.0;0.31436747;0.0;1.0;0.0;1.0;0.0;1.0;0.0;1.0;0.0;1.0;0.0;1.0;0.0;1.0;0.0;1.0;0.0;1.0;0.0;1.0;0.0;1.0;0.0;1.0;0.0;1.0;0.0;1.0;0.0;1.0;0.0;1.0;0.0;1.0;0.0;1.0;0.0;1.0;0.0;0.0;0.0;0.0
0.7894705;0.0;0.4195412;0.0;0.25431398;0.0;0.2205381;0.0;0.19663861;0.0;0.19907646;0.0;0.22961858;0.0;0.15386313;0.0;0.22186872;0.0;0.21113968;0.0;0.014079693;0.0;0.14938237;0.0;0.1192297;0.0;0.106308915;0.0;0.10762689;0.0;0.0;0.0;0.11292715;0.0;0.3038593;0.0;1.0;0.0;1.0;0.0;1.0;0.0;1.0;0.0;1.0;0.0;1.0;0.0;1.0;0.0;1.0;0.0;1.0;0.0;1.0;0.0;1.0;0.0;1.0;0.0;1.0;0.0;1.0;0.0;1.0;0.0;1.0;0.0;1.0;0.0;1.0;0.0;1.0;0.0;0.0;0.0;0.0
0.77947044;0.0;0.5166166;0.0;0.24086559;0.0;0.2201426;0.0;0.196286;0.0;0.19871947;0.0;0.22920683;0.0;0.15329595;0.0;0.2323769;0.0;0.22113971;0.0;0.015011797;0.0;0.028265294;0.0;0.11962517;0.0;0.0;0.0;0.10798389;0.0;0.0;0.0;0.10024484;0.0;0.2933511;0.0;1.0;0.0;1.0;0.0;1.0;0.0;1.0;0.0;1.0;0.0;1.0;0.0;1.0;0.0;1.0;0.0;1.0;0.0;1.0;0.0;1.0;0.0;1.0;0.0;1.0;0.0;1.0;0.0;1.0;0.0;1.0;0.0;1.0;0.0;1.0;0.0;1.0;0.0;0.0;0.0;0.0
0.76947045;0.0;0.50583774;0.0;0.2274172;0.0;0.21974714;0.0;0.19593337;0.0;0.19836248;0.0;0.05849554;0.0;0.15272877;0.0;0.24288508;0.0;0.23113975;0.0;0.015943902;0.0;0.041713677;0.0;0.12002065;0.0;0.10701414;0.0;0.108340874;0.0;0.0;0.0;0.08756254;0.0;0.28284293;0.0;1.0;0.0;1.0;0.0;1.0;0.0;1.0;0.0;1.0;0.0;1.0;0.0;1.0;0.0;1.0;0.0;1.0;0.0;1.0;0.0;1.0;0.0;1.0;0.0;1.0;0.0;1.0;0.0;1.0;0.0;1.0;0.0;1.0;0.0;1.0;0.0;1.0;0.0;0.0;0.0;0.0
0.7594704;0.0;0.49505883;0.0;0.21396883;0.0;0.21935165;0.0;0.19558075;0.0;0.19800548;0.0;0.07735436;0.0;0.15216157;0.0;0.25339326;0.0;0.2411398;0.0;0.016876005;0.0;0.05516206;0.0;0.12041613;0.0;0.10736676;0.0;0.10869787;0.0;0.12537421;0.0;0.07488023;0.0;0.27233475;0.0;1.0;0.0;1.0;0.0;1.0;0.0;1.0;0.0;1.0;0.0;1.0;0.0;1.0;0.0;1.0;0.0;1.0;0.0;1.0;0.0;1.0;0.0;1.0;0.0;1.0;0.0;1.0;0.0;1.0;0.0;1.0;0.0;1.0;0.0;1.0;0.0;1.0;0.0;0.0;0.0;0.0
0.74947035;0.0;0.48427996;0.0;0.20052044;0.0;0.10440457;0.0;0.19522813;0.0;0.0;0.0;0.09621316;0.0;0.19160214;0.0;0.26390144;0.0;0.25113982;0.0;0.017808108;0.0;0.068610445;0.0;0.120811604;0.0;0.107719384;0.0;0.10905485;0.0;0.12578598;0.0;0.062197924;0.0;0.26182657;0.0;1.0;0.0;1.0;0.0;1.0;0.0;1.0;0.0;1.0;0.0;1.0;0.0;1.0;0.0;1.0;0.0;1.0;0.0;1.0;0.0;1.0;0.0;1.0;0.0;1.0;0.0;1.0;0.0;1.0;0.0;1.0;0.0;1.0;0.0;1.0;0.0;1.0;0.0;0.0;0.0;0.0
0.73947036;0.0;0.47350106;0.0;0.18707207;0.0;0.083116226;0.0;0.0;0.0;0.0;0.0;0.115071975;0.0;0.20428446;0.0;0.27440965;0.0;0.26113984;0.0;0.01874021;0.0;0.08205883;0.0;0.0;0.0;0.108072005;0.0;0.0;0.0;0.12619773;0.0;0.04951562;0.0;0.2513184;0.0;1.0;0.0;1.0;0.0;1.0;0.0;1.0;0.0;1.0;0.0;1.0;0.0;1.0;0.0;1.0;0.0;1.0;0.0;1.0;0.0;1.0;0.0;1.0;0.0;1.0;0.0;1.0;0.0;1.0;0.0;1.0;0.0;1.0;0.0;1.0;0.0;1.0;0.0;0.0;0.0;0.0
0.7294703;0.0;0.4627222;0.0;0.17362368;0.0;0.061827887;0.0;0.0;0.0;0.19693452;0.0;0.13393079;0.0;0.21696675;0.0;0.28491783;0.0;0.2711399;0.0;0.18440333;0.0;0.09550722;0.0;0.0;0.0;0.10842462;0.0;0.0;0.0;0.054771762;0.0;0.16373333;0.0;0.34595582;0.0;1.0;0.0;1.0;0.0;1.0;0.0;1.0;0.0;1.0;0.0;1.0;0.0;1.0;0.0;1.0;0.0;1.0;0.0;1.0;0.0;1.0;0.0;1.0;0.0;1.0;0.0;1.0;0.0;1.0;0.0;1.0;0.0;1.0;0.0;1.0;0.0;1.0;0.0;0.0;0.0;0.0
0.71947026;0.0;0.4519433;0.0;0.1601753;0.0;0.040539548;0.0;0.19417027;0.0;0.19657752;0.0;0.15278961;0.0;0.22964904;0.0;0.295426;0.0;0.2811399;0.0;0.19518222;0.0;0.1089556;0.0;0.0;0.0;0.10877724;0.0;0.110125825;0.0;0.03591296;0.0;0.15105103;0.0;0.3354476;0.0;1.0;0.0;1.0;0.0;1.0;0.0;1.0;0.0;1.0;0.0;1.0;0.0;1.0;0.0;1.0;0.0;1.0;0.0;1.0;0.0;1.0;0.0;1.0;0.0;1.0;0.0;1.0;0.0;1.0;0.0;1.0;0.0;1.0;0.0;1.0;0.0;1.0;0.0;0.0;0.0;0.0
0.7094702;0.0;0.44116443;0.0;0.28129238;0.0;0.019251207;0.0;0.19381765;0.0;0.19622055;0.0;0.22632451;0.0;0.24233136;0.0;0.3059342;0.0;0.29113996;0.0;0.20596111;0.0;0.12240398;0.0;0.0;0.0;0.10912986;0.0;0.11048283;0.0;0.01705416;0.0;0.13836873;0.0;0.32493943;0.0;1.0;0.0;1.0;0.0;1.0;0.0;1.0;0.0;1.0;0.0;1.0;0.0;1.0;0.0;1.0;0.0;1.0;0.0;1.0;0.0;1.0;0.0;1.0;0.0;1.0;0.0;1.0;0.0;1.0;0.0;1.0;0.0;1.0;0.0;1.0;0.0;1.0;0.0;0.0;0.0;0.0
0.69947016;0.0;0.43038553;0.0;0.267844;0.0;0.21697882;0.0;0.19346502;0.0;0.19586354;0.0;0.22591273;0.0;0.25501364;0.0;0.31644237;0.0;0.30113998;0.0;0.21673998;0.0;0.13585237;0.0;0.0020371347;0.0;0.10948248;0.0;0.11083981;0.0;0.0;0.0;0.12568642;0.0;0.31443125;0.0;1.0;0.0;1.0;0.0;1.0;0.0;1.0;0.0;1.0;0.0;1.0;0.0;1.0;0.0;1.0;0.0;1.0;0.0;1.0;0.0;1.0;0.0;1.0;0.0;1.0;0.0;1.0;0.0;1.0;0.0;1.0;0.0;1.0;0.0;1.0;0.0;1.0;0.0;0.0;0.0;0.0
0.6894702;0.0;0.41960663;0.0;0.2543956;0.0;0.21658333;0.0;0.19311242;0.0;0.19550656;0.0;0.22550099;0.0;0.26769596;0.0;0.32695055;0.0;0.31114;0.0;0.22751887;0.0;0.14930075;0.0;0.023325479;0.0;0.1098351;0.0;0.1111968;0.0;0.0;0.0;0.11300411;0.0;0.30392307;0.0;1.0;0.0;1.0;0.0;1.0;0.0;1.0;0.0;1.0;0.0;1.0;0.0;1.0;0.0;1.0;0.0;1.0;0.0;1.0;0.0;1.0;0.0;1.0;0.0;1.0;0.0;1.0;0.0;1.0;0.0;1.0;0.0;1.0;0.0;1.0;0.0;1.0;0.0;0.0;0.0;0.0
0.6794702;0.0;0.40882778;0.0;0.24094722;0.0;0.21618786;0.0;0.1927598;0.0;0.19514957;0.0;0.03952227;0.0;0.28037828;0.0;0.33745876;0.0;0.32114005;0.0;0.23829775;0.0;0.16274914;0.0;0.123579934;0.0;0.0;0.0;0.11155379;0.0;0.0;0.0;0.10032181;0.0;0.2934149;0.0;1.0;0.0;1.0;0.0;1.0;0.0;1.0;0.0;1.0;0.0;1.0;0.0;1.0;0.0;1.0;0.0;1.0;0.0;1.0;0.0;1.0;0.0;1.0;0.0;1.0;0.0;1.0;0.0;1.0;0.0;1.0;0.0;1.0;0.0;1.0;0.0;1.0;0.0;0.0;0.0;0.0
0.66947013;0.0;0.5059031;0.0;0.22749884;0.0;0.21579237;0.0;0.19240718;0.0;0.19479258;0.0;0.058381088;0.0;0.2930606;0.0;0.34796694;0.0;0.3311401;0.0;0.24907663;0.0;0.04163206;0.0;0.12397541;0.0;0.11054033;0.0;0.11191078;0.0;0.0;0.0;0.0876395;0.0;0.2829067;0.0;1.0;0.0;1.0;0.0;1.0;0.0;1.0;0.0;1.0;0.0;1.0;0.0;1.0;0.0;1.0;0.0;1.0;0.0;1.0;0.0;1.0;0.0;1.0;0.0;1.0;0.0;1.0;0.0;1.0;0.0;1.0;0.0;1.0;0.0;1.0;0.0;1.0;0.0;0.0;0.0;0.0
0.6594701;0.0;0.49512425;0.0;0.21405046;0.0;0.21539691;0.0;0.19205455;0.0;0.0;0.0;0.07723989;0.0;0.3057429;0.0;0.35847512;0.0;0.34114012;0.0;0.25985554;0.0;0.055080444;0.0;0.12437089;0.0;0.11089295;0.0;0.11226777;0.0;0.1294918;0.0;0.0749572;0.0;0.27239853;0.0;1.0;0.0;1.0;0.0;1.0;0.0;1.0;0.0;1.0;0.0;1.0;0.0;1.0;0.0;1.0;0.0;1.0;0.0;1.0;0.0;1.0;0.0;1.0;0.0;1.0;0.0;1.0;0.0;1.0;0.0;1.0;0.0;1.0;0.0;1.0;0.0;1.0;0.0;0.0;0.0;0.0
0.64947003;0.0;0.48434538;0.0;0.20060208;0.0;0.10453377;0.0;0.19170193;0.0;0.0;0.0;0.096098706;0.0;0.19152516;0.0;0.3689833;0.0;0.35114014;0.0;0.2706344;0.0;0.06852882;0.0;0.124766365;0.0;0.11124557;0.0;0.112624764;0.0;0.12990355;0.0;0.062274896;0.0;0.26189035;0.0;1.0;0.0;1.0;0.0;1.0;0.0;1.0;0.0;1.0;0.0;1.0;0.0;1.0;0.0;1.0;0.0;1.0;0.0;1.0;0.0;1.0;0.0;1.0;0.0;1.0;0.0;1.0;0.0;1.0;0.0;1.0;0.0;1.0;0.0;1.0;0.0;1.0;0.0;0.0;0.0;0.0
0.63947;0.0;0.47356647;0.0;0.18715368;0.0;0.08324543;0.0;0.0;0.0;0.0;0.0;0.11495753;0.0;0.20420747;0.0;0.37949148;0.0;0.3611402;0.0;0.2814133;0.0;0.08197721;0.0;0.0;0.0;0.11159819;0.0;0.0;0.0;0.13031532;0.0;0.1764926;0.0;0.35764554;0.0;1.0;0.0;1.0;0.0;1.0;0.0;1.0;0.0;1.0;0.0;1.0;0.0;1.0;0.0;1.0;0.0;1.0;0.0;1.0;0.0;1.0;0.0;1.0;0.0;1.0;0.0;1.0;0.0;1.0;0.0;1.0;0.0;1.0;0.0;1.0;0.0;1.0;0.0;0.0;0.0;0.0
0.62947;0.0;0.46278763;0.0;0.17370531;0.0;0.061957084;0.0;0.0;0.0;0.19336462;0.0;0.13381633;0.0;0.21688978;0.0;0.38999966;0.0;0.3711402;0.0;0.29219216;0.0;0.09542559;0.0;0.0;0.0;0.1119508;0.0;0.0;0.0;0.054886222;0.0;0.16381031;0.0;0.3587756;0.0;1.0;0.0;1.0;0.0;1.0;0.0;1.0;0.0;1.0;0.0;1.0;0.0;1.0;0.0;1.0;0.0;1.0;0.0;1.0;0.0;1.0;0.0;1.0;0.0;1.0;0.0;1.0;0.0;1.0;0.0;1.0;0.0;1.0;0.0;1.0;0.0;1.0;0.0;0.0;0.0;0.0
0.61946994;0.0;0.45200872;0.0;0.16025692;0.0;0.04066875;0.0;0.19064409;0.0;0.19300762;0.0;0.22261867;0.0;0.22957209;0.0;0.40050784;0.0;0.38114026;0.0;0.19511679;0.0;0.10887398;0.0;0.0;0.0;0.11230342;0.0;0.113695726;0.0;0.036027417;0.0;0.15112801;0.0;0.35990566;0.0;1.0;0.0;1.0;0.0;1.0;0.0;1.0;0.0;1.0;0.0;1.0;0.0;1.0;0.0;1.0;0.0;1.0;0.0;1.0;0.0;1.0;0.0;1.0;0.0;1.0;0.0;1.0;0.0;1.0;0.0;1.0;0.0;1.0;0.0;1.0;0.0;1.0;0.0;0.0;0.0;0.0
0.6094699;0.0;0.44122982;0.0;0.28137398;0.0;0.019380406;0.0;0.19029146;0.0;0.19265063;0.0;0.2222069;0.0;0.2422544;0.0;0.41101605;0.0;0.39114028;0.0;0.20589569;0.0;0.122322366;0.0;0.0;0.0;0.11265604;0.0;0.11405273;0.0;0.017168613;0.0;0.1384457;0.0;0.3610357;0.0;1.0;0.0;1.0;0.0;1.0;0.0;1.0;0.0;1.0;0.0;1.0;0.0;1.0;0.0;1.0;0.0;1.0;0.0;1.0;0.0;1.0;0.0;1.0;0.0;1.0;0.0;1.0;0.0;1.0;0.0;1.0;0.0;1.0;0.0;1.0;0.0;1.0;0.0;0.0;0.0;0.0
0.59946984;0.0;0.43045098;0.0;0.2679256;0.0;0.21302405;0.0;0.18993884;0.0;0.19229364;0.0;0.22179516;0.0;0.2549367;0.0;0.4215242;0.0;0.4011403;0.0;0.21667457;0.0;0.13577075;0.0;0.0019079348;0.0;0.11300866;0.0;0.11440971;0.0;0.0;0.0;0.12576339;0.0;0.36216575;0.0;1.0;0.0;1.0;0.0;1.0;0.0;1.0;0.0;1.0;0.0;1.0;0.0;1.0;0.0;1.0;0.0;1.0;0.0;1.0;0.0;1.0;0.0;1.0;0.0;1.0;0.0;1.0;0.0;1.0;0.0;1.0;0.0;1.0;0.0;1.0;0.0;1.0;0.0;0.0;0.0;0.0
0.58946985;0.0;0.41967207;0.0;0.2544772;0.0;0.21262856;0.0;0.18958624;0.0;0.19193664;0.0;0.22138338;0.0;0.267619;0.0;0.4320324;0.0;0.41114035;0.0;0.22745344;0.0;0.14921913;0.0;0.023196278;0.0;0.113361284;0.0;0.1147667;0.0;0.0;0.0;0.11308108;0.0;0.36329582;0.0;1.0;0.0;1.0;0.0;1.0;0.0;1.0;0.0;1.0;0.0;1.0;0.0;1.0;0.0;1.0;0.0;1.0;0.0;1.0;0.0;1.0;0.0;1.0;0.0;1.0;0.0;1.0;0.0;1.0;0.0;1.0;0.0;1.0;0.0;1.0;0.0;1.0;0.0;0.0;0.0;0.0
0.5794698;0.0;0.4088932;0.0;0.24102883;0.0;0.2122331;0.0;0.18923362;0.0;0.19157967;0.0;0.039407816;0.0;0.2803013;0.0;0.44254056;0.0;0.42114037;0.0;0.23823233;0.0;0.16266751;0.0;0.1275347;0.0;0.0;0.0;0.11512369;0.0;0.0;0.0;0.10039878;0.0;0.36442587;0.0;1.0;0.0;1.0;0.0;1.0;0.0;1.0;0.0;1.0;0.0;1.0;0.0;1.0;0.0;1.0;0.0;1.0;0.0;1.0;0.0;1.0;0.0;1.0;0.0;1.0;0.0;1.0;0.0;1.0;0.0;1.0;0.0;1.0;0.0;1.0;0.0;1.0;0.0;0.0;0.0;0.0
0.5694698;0.0;0.3981143;0.0;0.22758046;0.0;0.21183762;0.0;0.188881;0.0;0.19122267;0.0;0.05826663;0.0;0.29298362;0.0;0.45304877;0.0;0.43114042;0.0;0.24901123;0.0;0.041550443;0.0;0.12793016;0.0;0.11406652;0.0;0.115480684;0.0;0.13319764;0.0;0.087716475;0.0;0.36555594;0.0;1.0;0.0;1.0;0.0;1.0;0.0;1.0;0.0;1.0;0.0;1.0;0.0;1.0;0.0;1.0;0.0;1.0;0.0;1.0;0.0;1.0;0.0;1.0;0.0;1.0;0.0;1.0;0.0;1.0;0.0;1.0;0.0;1.0;0.0;1.0;0.0;1.0;0.0;0.0;0.0;0.0
0.55946976;0.0;0.49518967;0.0;0.21413207;0.0;0.21144214;0.0;0.18852837;0.0;0.0;0.0;0.077125445;0.0;0.1787659;0.0;0.46355695;0.0;0.44114047;0.0;0.25979012;0.0;0.054998826;0.0;0.12832564;0.0;0.11441914;0.0;0.11583767;0.0;0.13360938;0.0;0.07503417;0.0;0.366686;0.0;1.0;0.0;1.0;0.0;1.0;0.0;1.0;0.0;1.0;0.0;1.0;0.0;1.0;0.0;1.0;0.0;1.0;0.0;1.0;0.0;1.0;0.0;1.0;0.0;1.0;0.0;1.0;0.0;1.0;0.0;1.0;0.0;1.0;0.0;1.0;0.0;1.0;0.0;0.0;0.0;0.0
0.5494697;0.0;0.48441082;0.0;0.20068368;0.0;0.10466297;0.0;0.18817575;0.0;0.0;0.0;0.09598426;0.0;0.1914482;0.0;0.47406512;0.0;0.4511405;0.0;0.270569;0.0;0.06844721;0.0;0.12872112;0.0;0.11477176;0.0;0.116194665;0.0;0.13402115;0.0;0.062351864;0.0;0.57739097;0.0;1.0;0.0;1.0;0.0;1.0;0.0;1.0;0.0;1.0;0.0;1.0;0.0;1.0;0.0;1.0;0.0;1.0;0.0;1.0;0.0;1.0;0.0;1.0;0.0;1.0;0.0;1.0;0.0;1.0;0.0;1.0;0.0;1.0;0.0;1.0;0.0;1.0;0.0;0.0;0.0;0.0
0.53946966;0.0;0.47363192;0.0;0.18723531;0.0;0.083374634;0.0;0.0;0.0;0.1901517;0.0;0.11484307;0.0;0.2041305;0.0;0.4845733;0.0;0.46114048;0.0;0.28134787;0.0;0.08189559;0.0;0.0;0.0;0.11512437;0.0;0.0;0.0;0.13443291;0.0;0.17656958;0.0;0.5668827;0.0;1.0;0.0;1.0;0.0;1.0;0.0;1.0;0.0;1.0;0.0;1.0;0.0;1.0;0.0;1.0;0.0;1.0;0.0;1.0;0.0;1.0;0.0;1.0;0.0;1.0;0.0;1.0;0.0;1.0;0.0;1.0;0.0;1.0;0.0;1.0;0.0;1.0;0.0;0.0;0.0;0.0
0.5294696;0.0;0.462853;0.0;0.17378692;0.0;0.06208629;0.0;0.0;0.0;0.1897947;0.0;0.13370188;0.0;0.2168128;0.0;0.49508148;0.0;0.47114053;0.0;0.29212674;0.0;0.09534398;0.0;0.0;0.0;0.11547699;0.0;0.0;0.0;0.055000674;0.0;0.16388728;0.0;0.5563746;0.0;1.0;0.0;1.0;0.0;1.0;0.0;1.0;0.0;1.0;0.0;1.0;0.0;1.0;0.0;1.0;0.0;1.0;0.0;1.0;0.0;1.0;0.0;1.0;0.0;1.0;0.0;1.0;0.0;1.0;0.0;1.0;0.0;1.0;0.0;1.0;0.0;1.0;0.0;0.0;0.0;0.0
0.5194696;0.0;0.45207414;0.0;0.16033854;0.0;0.040797945;0.0;0.1871179;0.0;0.18943772;0.0;0.21850106;0.0;0.22949512;0.0;0.2760433;0.0;0.48114055;0.0;0.30290565;0.0;0.108792365;0.0;0.0;0.0;0.11582961;0.0;0.11726563;0.0;0.036141872;0.0;0.15120497;0.0;0.5458664;0.0;1.0;0.0;1.0;0.0;1.0;0.0;1.0;0.0;1.0;0.0;1.0;0.0;1.0;0.0;1.0;0.0;1.0;0.0;1.0;0.0;1.0;0.0;1.0;0.0;1.0;0.0;1.0;0.0;1.0;0.0;1.0;0.0;1.0;0.0;1.0;0.0;1.0;0.0;0.0;0.0;0.0
0.50946957;0.0;0.44129524;0.0;0.14689015;0.0;0.019509606;0.0;0.18676528;0.0;0.18908073;0.0;0.21808931;0.0;0.24217741;0.0;0.27491322;0.0;0.4911406;0.0;0.20583026;0.0;0.122240745;0.0;0.0;0.0;0.11618223;0.0;0.11762263;0.0;0.017283067;0.0;0.13852265;0.0;0.5353582;0.0;1.0;0.0;1.0;0.0;1.0;0.0;1.0;0.0;1.0;0.0;1.0;0.0;1.0;0.0;1.0;0.0;1.0;0.0;1.0;0.0;1.0;0.0;1.0;0.0;1.0;0.0;1.0;0.0;1.0;0.0;1.0;0.0;1.0;0.0;1.0;0.0;1.0;0.0;0.0;0.0;0.0
0.49946958;0.0;0.4305164;0.0;0.26800722;0.0;0.0;0.0;0.18641266;0.0;0.18872374;0.0;0.21767755;0.0;0.25485975;0.0;0.27378315;0.0;0.50114065;0.0;0.21660915;0.0;0.13568912;0.0;0.0017787348;0.0;0.11653485;0.0;0.11797961;0.0;0.0;0.0;0.12584037;0.0;0.52485;0.0;1.0;0.0;1.0;0.0;1.0;0.0;1.0;0.0;1.0;0.0;1.0;0.0;1.0;0.0;1.0;0.0;1.0;0.0;1.0;0.0;1.0;0.0;1.0;0.0;1.0;0.0;1.0;0.0;1.0;0.0;1.0;0.0;1.0;0.0;1.0;0.0;1.0;0.0;0.0;0.0;0.0
0.48946953;0.0;0.4197375;0.0;0.25455883;0.0;0.2086738;0.0;0.18606004;0.0;0.18836674;0.0;0.2172658;0.0;0.26754203;0.0;0.2726531;0.0;0.5111407;0.0;0.22738802;0.0;0.14913751;0.0;0.023067078;0.0;0.116887465;0.0;0.1183366;0.0;0.0;0.0;0.11315806;0.0;0.51434183;0.0;1.0;0.0;1.0;0.0;1.0;0.0;1.0;0.0;1.0;0.0;1.0;0.0;1.0;0.0;1.0;0.0;1.0;0.0;1.0;0.0;1.0;0.0;1.0;0.0;1.0;0.0;1.0;0.0;1.0;0.0;1.0;0.0;1.0;0.0;1.0;0.0;1.0;0.0;0.0;0.0;0.0
0.47946948;0.0;0.4089586;0.0;0.24111044;0.0;0.20827833;0.0;0.18570742;0.0;0.18800977;0.0;0.03929336;0.0;0.28022435;0.0;0.27152306;0.0;0.5211407;0.0;0.23816693;0.0;0.16258588;0.0;0.13148946;0.0;0.0;0.0;0.11869359;0.0;0.0;0.0;0.10047575;0.0;0.50383365;0.0;1.0;0.0;1.0;0.0;1.0;0.0;1.0;0.0;1.0;0.0;1.0;0.0;1.0;0.0;1.0;0.0;1.0;0.0;1.0;0.0;1.0;0.0;1.0;0.0;1.0;0.0;1.0;0.0;1.0;0.0;1.0;0.0;1.0;0.0;1.0;0.0;1.0;0.0;0.0;0.0;0.0
0.46946946;0.0;0.3981797;0.0;0.22766206;0.0;0.20788285;0.0;0.1853548;0.0;0.18765277;0.0;0.058152176;0.0;0.29290664;0.0;0.27039298;0.0;0.53114074;0.0;0.2489458;0.0;0.04146882;0.0;0.13188493;0.0;0.11759271;0.0;0.119050585;0.0;0.13731523;0.0;0.08779345;0.0;0.49332547;0.0;1.0;0.0;1.0;0.0;1.0;0.0;1.0;0.0;1.0;0.0;1.0;0.0;1.0;0.0;1.0;0.0;1.0;0.0;1.0;0.0;1.0;0.0;1.0;0.0;1.0;0.0;1.0;0.0;1.0;0.0;1.0;0.0;1.0;0.0;1.0;0.0;1.0;0.0;0.0;0.0;0.0
0.4594694;0.0;0.38740084;0.0;0.21421368;0.0;0.20748737;0.0;0.18500218;0.0;0.0;0.0;0.07701098;0.0;0.17868891;0.0;0.26926294;0.0;0.5411408;0.0;0.25972468;0.0;0.054917205;0.0;0.13228041;0.0;0.11794533;0.0;0.11940757;0.0;0.13772699;0.0;0.075111136;0.0;0.48281732;0.0;1.0;0.0;1.0;0.0;1.0;0.0;1.0;0.0;1.0;0.0;1.0;0.0;1.0;0.0;1.0;0.0;1.0;0.0;1.0;0.0;1.0;0.0;1.0;0.0;1.0;0.0;1.0;0.0;1.0;0.0;1.0;0.0;1.0;0.0;1.0;0.0;1.0;0.0;0.0;0.0;0.0
0.4494694;0.0;0.22116372;0.0;0.2007653;0.0;0.10479216;0.0;0.18464957;0.0;0.0;0.0;0.095869794;0.0;0.19137123;0.0;0.26813287;0.0;0.5511408;0.0;0.27050358;0.0;0.06836559;0.0;0.13267589;0.0;0.11829795;0.0;0.11976457;0.0;0.13813874;0.0;0.515144;0.0;0.4723091;0.0;1.0;0.0;1.0;0.0;1.0;0.0;1.0;0.0;1.0;0.0;1.0;0.0;1.0;0.0;1.0;0.0;1.0;0.0;1.0;0.0;1.0;0.0;1.0;0.0;1.0;0.0;1.0;0.0;1.0;0.0;1.0;0.0;1.0;0.0;1.0;0.0;1.0;0.0;0.0;0.0;0.0
0.43946934;0.0;0.22023162;0.0;0.18731692;0.0;0.08350383;0.0;0.0;0.0;0.1865818;0.0;0.11472861;0.0;0.20405352;0.0;0.26700282;0.0;0.56114084;0.0;0.28128245;0.0;0.081813976;0.0;0.13307135;0.0;0.118650556;0.0;0.0;0.0;0.1385505;0.0;0.5157112;0.0;0.4618009;0.0;1.0;0.0;1.0;0.0;1.0;0.0;1.0;0.0;1.0;0.0;1.0;0.0;1.0;0.0;1.0;0.0;1.0;0.0;1.0;0.0;1.0;0.0;1.0;0.0;1.0;0.0;1.0;0.0;1.0;0.0;1.0;0.0;1.0;0.0;1.0;0.0;1.0;0.0;0.0;0.0;0.0
0.4294693;0.0;0.21929951;0.0;0.17386854;0.0;0.06221549;0.0;0.0;0.0;0.1862248;0.0;0.13358742;0.0;0.21673584;0.0;0.4950177;0.0;0.5711409;0.0;0.29206136;0.0;0.095262356;0.0;0.0;0.0;0.11900318;0.0;0.0;0.0;0.055115126;0.0;0.5446643;0.0;0.45129275;0.0;1.0;0.0;1.0;0.0;1.0;0.0;1.0;0.0;1.0;0.0;1.0;0.0;1.0;0.0;1.0;0.0;1.0;0.0;1.0;0.0;1.0;0.0;1.0;0.0;1.0;0.0;1.0;0.0;1.0;0.0;1.0;0.0;1.0;0.0;1.0;0.0;1.0;0.0;0.0;0.0;0.0
0.41946927;0.0;0.21836741;0.0;0.16042015;0.0;0.04092715;0.0;0.18359171;0.0;0.18586782;0.0;0.21438348;0.0;0.22941813;0.0;0.5055259;0.0;0.5811409;0.0;0.30284023;0.0;0.10871074;0.0;0.0;0.0;0.1193558;0.0;0.12083553;0.0;0.036256324;0.0;0.531982;0.0;0.44078454;0.0;1.0;0.0;1.0;0.0;1.0;0.0;1.0;0.0;1.0;0.0;1.0;0.0;1.0;0.0;1.0;0.0;1.0;0.0;1.0;0.0;1.0;0.0;1.0;0.0;1.0;0.0;1.0;0.0;1.0;0.0;1.0;0.0;1.0;0.0;1.0;0.0;1.0;0.0;0.0;0.0;0.0
0.40946928;0.0;0.21743532;0.0;0.14697178;0.0;0.019638807;0.0;0.18323909;0.0;0.18551083;0.0;0.2139717;0.0;0.24210045;0.0;0.51603407;0.0;0.5911409;0.0;0.3136191;0.0;0.12215912;0.0;0.0;0.0;0.11970842;0.0;0.12119253;0.0;0.017397523;0.0;0.5192997;0.0;0.4302764;0.0;1.0;0.0;1.0;0.0;1.0;0.0;1.0;0.0;1.0;0.0;1.0;0.0;1.0;0.0;1.0;0.0;1.0;0.0;1.0;0.0;1.0;0.0;1.0;0.0;1.0;0.0;1.0;0.0;1.0;0.0;1.0;0.0;1.0;0.0;1.0;0.0;1.0;0.0;0.0;0.0;0.0
0.3994692;0.0;0.21650319;0.0;0.26808885;0.0;0.0;0.0;0.18288648;0.0;0.18515384;0.0;0.21355996;0.0;0.25478274;0.0;0.5265423;0.0;0.601141;0.0;0.21654372;0.0;0.13560751;0.0;0.0016495349;0.0;0.12006104;0.0;0.121549524;0.0;0.0;0.0;0.35554928;0.0;0.41976818;0.0;1.0;0.0;1.0;0.0;1.0;0.0;1.0;0.0;1.0;0.0;1.0;0.0;1.0;0.0;1.0;0.0;1.0;0.0;1.0;0.0;1.0;0.0;1.0;0.0;1.0;0.0;1.0;0.0;1.0;0.0;1.0;0.0;1.0;0.0;1.0;0.0;1.0;0.0;0.0;0.0;0.0
0.3894692;0.0;0.21557109;0.0;0.25464046;0.0;0.20471904;0.0;0.18253386;0.0;0.18479684;0.0;0.21314819;0.0;0.26746505;0.0;0.5370504;0.0;0.611141;0.0;0.22732262;0.0;0.1490559;0.0;0.022937879;0.0;0.120413646;0.0;0.121906504;0.0;0.0;0.0;0.35611647;0.0;0.40926003;0.0;1.0;0.0;1.0;0.0;1.0;0.0;1.0;0.0;1.0;0.0;1.0;0.0;1.0;0.0;1.0;0.0;1.0;0.0;1.0;0.0;1.0;0.0;1.0;0.0;1.0;0.0;1.0;0.0;1.0;0.0;1.0;0.0;1.0;0.0;1.0;0.0;1.0;0.0;0.0;0.0;0.0
0.37946916;0.0;0.214639;0.0;0.24119207;0.0;0.20432357;0.0;0.18218124;0.0;0.18443987;0.0;0.039178904;0.0;0.28014737;0.0;0.54755867;0.0;0.6211411;0.0;0.23810151;0.0;0.16250429;0.0;0.13544421;0.0;0.0;0.0;0.122263506;0.0;0.0;0.0;0.35668364;0.0;0.39875183;0.0;1.0;0.0;1.0;0.0;1.0;0.0;1.0;0.0;1.0;0.0;1.0;0.0;1.0;0.0;1.0;0.0;1.0;0.0;1.0;0.0;1.0;0.0;1.0;0.0;1.0;0.0;1.0;0.0;1.0;0.0;1.0;0.0;1.0;0.0;1.0;0.0;1.0;0.0;0.0;0.0;0.0
0.3694691;0.0;0.2137069;0.0;0.2277437;0.0;0.20392808;0.0;0.18182862;0.0;0.18408287;0.0;0.058037717;0.0;0.16592965;0.0;0.5580668;0.0;0.63114107;0.0;0.24888039;0.0;0.17595266;0.0;0.13583969;0.0;0.0;0.0;0.122620486;0.0;0.6967723;0.0;0.35725084;0.0;0.38824365;0.0;1.0;0.0;1.0;0.0;1.0;0.0;1.0;0.0;1.0;0.0;1.0;0.0;1.0;0.0;1.0;0.0;1.0;0.0;1.0;0.0;1.0;0.0;1.0;0.0;1.0;0.0;1.0;0.0;1.0;0.0;1.0;0.0;1.0;0.0;1.0;0.0;1.0;0.0;0.0;0.0;0.0
0.3594691;0.0;0.21277478;0.0;0.21429531;0.0;0.20353262;0.0;0.181476;0.0;0.0;0.0;0.07689653;0.0;0.17861195;0.0;0.568575;0.0;0.64114106;0.0;0.25965926;0.0;0.054835588;0.0;0.13623516;0.0;0.12147151;0.0;0.12297748;0.0;0.6779135;0.0;0.357818;0.0;0.06566237;0.0;1.0;0.0;1.0;0.0;1.0;0.0;1.0;0.0;1.0;0.0;1.0;0.0;1.0;0.0;1.0;0.0;1.0;0.0;1.0;0.0;1.0;0.0;1.0;0.0;1.0;0.0;1.0;0.0;1.0;0.0;1.0;0.0;1.0;0.0;1.0;0.0;1.0;0.0;0.0;0.0;0.0
0.34946907;0.0;0.21184269;0.0;0.20084694;0.0;0.20313713;0.0;0.18112339;0.0;0.0;0.0;0.095755346;0.0;0.19129425;0.0;0.5790832;0.0;0.6511411;0.0;0.27043813;0.0;0.06828397;0.0;0.13663064;0.0;0.12182413;0.0;0.12333447;0.0;0.8497714;0.0;0.3583852;0.0;0.06679243;0.0;1.0;0.0;1.0;0.0;1.0;0.0;1.0;0.0;1.0;0.0;1.0;0.0;1.0;0.0;1.0;0.0;1.0;0.0;1.0;0.0;1.0;0.0;1.0;0.0;1.0;0.0;1.0;0.0;1.0;0.0;1.0;0.0;1.0;0.0;1.0;0.0;1.0;0.0;0.0;0.0;0.0
0.33946902;0.0;0.3659085;0.0;0.18739854;0.0;0.08363303;0.0;0.18077077;0.0;0.1830119;0.0;0.11461415;0.0;0.20397656;0.0;0.48444575;0.0;0.66114116;0.0;0.28121704;0.0;0.081732355;0.0;0.13702612;0.0;0.122176744;0.0;0.0;0.0;0.8501832;0.0;0.3589524;0.0;0.06792249;0.0;1.0;0.0;1.0;0.0;1.0;0.0;1.0;0.0;1.0;0.0;1.0;0.0;1.0;0.0;1.0;0.0;1.0;0.0;1.0;0.0;1.0;0.0;1.0;0.0;1.0;0.0;1.0;0.0;1.0;0.0;1.0;0.0;1.0;0.0;1.0;0.0;1.0;0.0;0.0;0.0;0.0
0.329469;0.0;0.3551296;0.0;0.17395017;0.0;0.06234469;0.0;0.0;0.0;0.1826549;0.0;0.13347296;0.0;0.21665888;0.0;0.49495393;0.0;0.6711412;0.0;0.29199594;0.0;0.095180735;0.0;0.0;0.0;0.122529365;0.0;0.0;0.0;0.850595;0.0;0.35951957;0.0;0.06905255;0.0;1.0;0.0;1.0;0.0;1.0;0.0;1.0;0.0;1.0;0.0;1.0;0.0;1.0;0.0;1.0;0.0;1.0;0.0;1.0;0.0;1.0;0.0;1.0;0.0;1.0;0.0;1.0;0.0;1.0;0.0;1.0;0.0;1.0;0.0;1.0;0.0;1.0;0.0;0.0;0.0;0.0
0.31946895;0.0;0.34435073;0.0;0.16050178;0.0;0.041056346;0.0;0.18006553;0.0;0.18229792;0.0;0.21026587;0.0;0.22934118;0.0;0.5054621;0.0;0.68114126;0.0;0.30277482;0.0;0.10862912;0.0;0.0;0.0;0.122881986;0.0;0.73781216;0.0;0.8510067;0.0;0.36008677;0.0;0.07018261;0.0;1.0;0.0;1.0;0.0;1.0;0.0;1.0;0.0;1.0;0.0;1.0;0.0;1.0;0.0;1.0;0.0;1.0;0.0;1.0;0.0;1.0;0.0;1.0;0.0;1.0;0.0;1.0;0.0;1.0;0.0;1.0;0.0;1.0;0.0;1.0;0.0;1.0;0.0;0.0;0.0;0.0
0.30946892;0.0;0.33357185;0.0;0.14705339;0.0;0.019768005;0.0;0.1797129;0.0;0.18194093;0.0;0.20985413;0.0;0.2420235;0.0;0.51597035;0.0;0.69114125;0.0;0.3135537;0.0;0.1220775;0.0;0.0;0.0;0.12323461;0.0;0.73816913;0.0;0.77232194;0.0;0.39247665;0.0;0.07131266;0.0;1.0;0.0;1.0;0.0;1.0;0.0;1.0;0.0;1.0;0.0;1.0;0.0;1.0;0.0;1.0;0.0;1.0;0.0;1.0;0.0;1.0;0.0;1.0;0.0;1.0;0.0;1.0;0.0;1.0;0.0;1.0;0.0;1.0;0.0;1.0;0.0;1.0;0.0;0.0;0.0;0.0
0.2994689;0.0;0.32279295;0.0;0.13360502;0.0;0.0;0.0;0.1793603;0.0;0.18158394;0.0;0.20944238;0.0;0.2547058;0.0;0.52647847;0.0;0.7011413;0.0;0.32433257;0.0;0.1355259;0.0;0.0015203347;0.0;0.12358723;0.0;0.73852617;0.0;0.75346315;0.0;0.37979433;0.0;0.072442725;0.0;1.0;0.0;1.0;0.0;1.0;0.0;1.0;0.0;1.0;0.0;1.0;0.0;1.0;0.0;1.0;0.0;1.0;0.0;1.0;0.0;1.0;0.0;1.0;0.0;1.0;0.0;1.0;0.0;1.0;0.0;1.0;0.0;1.0;0.0;1.0;0.0;1.0;0.0;0.0;0.0;0.0
0.28946885;0.0;0.31201407;0.0;0.25472206;0.0;0.2007643;0.0;0.17900768;0.0;0.18122694;0.0;0.2090306;0.0;0.2673881;0.0;0.5369867;0.0;0.71114135;0.0;0.2272572;0.0;0.14897427;0.0;0.022808678;0.0;0.123939835;0.0;0.73888314;0.0;0.73460436;0.0;0.36711204;0.0;0.07357278;0.0;1.0;0.0;1.0;0.0;1.0;0.0;1.0;0.0;1.0;0.0;1.0;0.0;1.0;0.0;1.0;0.0;1.0;0.0;1.0;0.0;1.0;0.0;1.0;0.0;1.0;0.0;1.0;0.0;1.0;0.0;1.0;0.0;1.0;0.0;1.0;0.0;1.0;0.0;0.0;0.0;0.0
0.27946883;0.0;0.3012352;0.0;0.24127369;0.0;0.2003688;0.0;0.17865506;0.0;0.18086995;0.0;0.039064452;0.0;0.2800704;0.0;0.5474948;0.0;0.72114134;0.0;0.23803608;0.0;0.16242266;0.0;0.13939896;0.0;0.124292456;0.0;0.7392401;0.0;0.71574557;0.0;0.19992483;0.0;0.07470284;0.0;1.0;0.0;1.0;0.0;1.0;0.0;1.0;0.0;1.0;0.0;1.0;0.0;1.0;0.0;1.0;0.0;1.0;0.0;1.0;0.0;1.0;0.0;1.0;0.0;1.0;0.0;1.0;0.0;1.0;0.0;1.0;0.0;1.0;0.0;1.0;0.0;1.0;0.0;0.0;0.0;0.0
0.26946878;0.0;0.29045632;0.0;0.22782531;0.0;0.19997333;0.0;0.17830244;0.0;0.18051296;0.0;0.057923265;0.0;0.16585268;0.0;0.55800307;0.0;0.7311414;0.0;0.24881497;0.0;0.17587104;0.0;0.13979444;0.0;0.12464508;0.0;0.3333074;0.0;0.6968867;0.0;0.20049202;0.0;0.28316182;0.0;1.0;0.0;1.0;0.0;1.0;0.0;1.0;0.0;1.0;0.0;1.0;0.0;1.0;0.0;1.0;0.0;1.0;0.0;1.0;0.0;1.0;0.0;1.0;0.0;1.0;0.0;1.0;0.0;1.0;0.0;1.0;0.0;1.0;0.0;1.0;0.0;1.0;0.0;0.0;0.0;0.0
0.25946876;0.0;0.27967745;0.0;0.21437693;0.0;0.19957785;0.0;0.17794982;0.0;0.0;0.0;0.07678208;0.0;0.17853498;0.0;0.5685112;0.0;0.74114144;0.0;0.25959384;0.0;0.05475397;0.0;0.14018992;0.0;0.2259802;0.0;0.28524333;0.0;0.38180056;0.0;0.20105919;0.0;0.27265364;0.0;1.0;0.0;1.0;0.0;1.0;0.0;1.0;0.0;1.0;0.0;1.0;0.0;1.0;0.0;1.0;0.0;1.0;0.0;1.0;0.0;1.0;0.0;1.0;0.0;1.0;0.0;1.0;0.0;1.0;0.0;1.0;0.0;1.0;0.0;1.0;0.0;1.0;0.0;0.0;0.0;0.0
0.24946873;0.0;0.26889855;0.0;0.20092854;0.0;0.19918238;0.0;0.1775972;0.0;0.0;0.0;0.09564088;0.0;0.19121729;0.0;0.4738738;0.0;0.7511414;0.0;0.27037275;0.0;0.068202354;0.0;0.1405854;0.0;0.32731533;0.0;0.7403111;0.0;0.3822123;0.0;0.20162639;0.0;0.26214546;0.0;1.0;0.0;1.0;0.0;1.0;0.0;1.0;0.0;1.0;0.0;1.0;0.0;1.0;0.0;1.0;0.0;1.0;0.0;1.0;0.0;1.0;0.0;1.0;0.0;1.0;0.0;1.0;0.0;1.0;0.0;1.0;0.0;1.0;0.0;1.0;0.0;1.0;0.0;0.0;0.0;0.0
0.2394687;0.0;0.25811964;0.0;0.18748017;0.0;0.08376223;0.0;0.17724457;0.0;0.17944199;0.0;0.1144997;0.0;0.20389959;0.0;0.48438197;0.0;0.7611415;0.0;0.28115162;0.0;0.081650734;0.0;0.14098087;0.0;0.73159796;0.0;0.7406681;0.0;0.38262406;0.0;0.20219359;0.0;0.25163728;0.0;1.0;0.0;1.0;0.0;1.0;0.0;1.0;0.0;1.0;0.0;1.0;0.0;1.0;0.0;1.0;0.0;1.0;0.0;1.0;0.0;1.0;0.0;1.0;0.0;1.0;0.0;1.0;0.0;1.0;0.0;1.0;0.0;1.0;0.0;1.0;0.0;1.0;0.0;0.0;0.0;0.0
0.22946866;0.0;0.24734077;0.0;0.17403178;0.0;0.062473886;0.0;0.0;0.0;0.179085;0.0;0.13335851;0.0;0.2165819;0.0;0.49489015;0.0;0.7711415;0.0;0.2919305;0.0;0.09509912;0.0;0.14137635;0.0;0.7319506;0.0;0.7410251;0.0;0.38303584;0.0;0.20276077;0.0;0.24112909;0.0;1.0;0.0;1.0;0.0;1.0;0.0;1.0;0.0;1.0;0.0;1.0;0.0;1.0;0.0;1.0;0.0;1.0;0.0;1.0;0.0;1.0;0.0;1.0;0.0;1.0;0.0;1.0;0.0;1.0;0.0;1.0;0.0;1.0;0.0;1.0;0.0;1.0;0.0;0.0;0.0;0.0
0.21946862;0.0;0.2365619;0.0;0.1605834;0.0;0.041185547;0.0;0.17653933;0.0;0.17872801;0.0;0.2061483;0.0;0.22926421;0.0;0.5053984;0.0;0.7811416;0.0;0.3027094;0.0;0.10854751;0.0;0.14177182;0.0;0.7323032;0.0;0.74138206;0.0;0.3834476;0.0;0.20332797;0.0;0.2306209;0.0;1.0;0.0;1.0;0.0;1.0;0.0;1.0;0.0;1.0;0.0;1.0;0.0;1.0;0.0;1.0;0.0;1.0;0.0;1.0;0.0;1.0;0.0;1.0;0.0;1.0;0.0;1.0;0.0;1.0;0.0;1.0;0.0;1.0;0.0;1.0;0.0;1.0;0.0;0.0;0.0;0.0
0.2094686;0.0;0.22578302;0.0;0.147135;0.0;0.019897206;0.0;0.17618671;0.0;0.17837103;0.0;0.20573655;0.0;0.2419465;0.0;0.5159065;0.0;0.7911416;0.0;0.31348827;0.0;0.12199589;0.0;0.1421673;0.0;0.7326558;0.0;0.7417391;0.0;0.38385934;0.0;0.20389514;0.0;0.22011271;0.0;1.0;0.0;1.0;0.0;1.0;0.0;1.0;0.0;1.0;0.0;1.0;0.0;1.0;0.0;1.0;0.0;1.0;0.0;1.0;0.0;1.0;0.0;1.0;0.0;1.0;0.0;1.0;0.0;1.0;0.0;1.0;0.0;1.0;0.0;1.0;0.0;0.0;0.0;1.0;0.0;0.0
0.20934086;0.0;0.22277732;0.0;0.1427365;0.0;0.018682294;0.0;0.1771635;0.0;0.1771646;0.0;0.20146558;0.0;0.24888408;0.0;0.41572803;0.0;1.0;0.0;0.30931503;0.0;0.1183489;0.0;0.14494514;0.0;0.7367176;0.0;0.7367223;0.0;0.37589067;0.0;0.1952903;0.0;0.22277442;0.0;1.0;0.0;1.0;0.0;1.0;0.0;1.0;0.0;1.0;0.0;1.0;0.0;1.0;0.0;1.0;0.0;1.0;0.0;9.0;0.0;1.0;0.0;1.0;0.0;1.0;0.0;1.0;0.0;1.0;0.0;1.0;0.0;1.0;0.0;1.0;0.0;0.0;0.0;1.0;0.0;0.0
0.20946833;0.0;0.0;0.0;0.12096067;0.0;0.017627448;0.0;0.17836967;0.0;0.1761876;0.0;0.19760422;0.0;0.25655302;0.0;0.4213364;0.0;1.0;0.0;0.3056189;0.0;0.11504972;0.0;0.14801763;0.0;0.7417334;0.0;0.06710814;0.0;0.36868623;0.0;0.18760164;0.0;0.22577974;0.0;1.0;0.0;1.0;0.0;1.0;0.0;1.0;0.0;1.0;0.0;1.0;0.0;1.0;0.0;1.0;0.0;1.0;0.0;9.0;0.0;1.0;0.0;1.0;0.0;1.0;0.0;1.0;0.0;1.0;0.0;1.0;0.0;1.0;0.0;1.0;0.0;0.0;0.0;1.0;0.0;0.0
0.20985179;0.0;0.0;0.0;0.12669711;0.0;0.21044937;0.0;0.17981297;0.0;0.1754339;0.0;0.0;0.0;0.12602887;0.0;0.42762628;0.0;1.0;0.0;0.40640458;0.0;0.11206232;0.0;0.15141168;0.0;0.33549157;0.0;0.72952527;0.0;0.80723035;0.0;0.18070728;0.0;0.06276421;0.0;1.0;0.0;1.0;0.0;1.0;0.0;1.0;0.0;1.0;0.0;1.0;0.0;1.0;0.0;1.0;0.0;1.0;0.0;1.0;0.0;1.0;0.0;1.0;0.0;1.0;0.0;1.0;0.0;1.0;0.0;1.0;0.0;1.0;0.0;1.0;0.0;0.0;0.0;1.0;0.0;0.0
0.0;0.0;0.0;0.0;0.13317509;0.0;0.21565714;0.0;0.18150274;0.0;0.17489877;0.0;0.0;0.0;0.13050655;0.0;0.32338512;0.0;0.79501283;0.0;0.5056823;0.0;0.109356;0.0;0.15515849;0.0;0.23461492;0.0;0.72730005;0.0;0.79419506;0.0;0.17450675;0.0;0.05823471;0.0;1.0;0.0;1.0;0.0;1.0;0.0;1.0;0.0;1.0;0.0;1.0;0.0;1.0;0.0;1.0;0.0;1.0;0.0;1.0;0.0;1.0;0.0;1.0;0.0;1.0;0.0;1.0;0.0;1.0;0.0;1.0;0.0;1.0;0.0;1.0;0.0;0.0;0.0;1.0;0.0;0.0
0.21139765;0.0;0.21401846;0.0;0.14053163;0.0;0.177603;0.0;0.1834502;0.0;0.174579;0.0;0.0;0.0;0.13548528;0.0;0.3291887;0.0;0.7984274;0.0;0.5016227;0.0;0.22482364;0.0;0.15929446;0.0;0.23713227;0.0;0.72597015;0.0;0.5588036;0.0;0.30348206;0.0;0.054376744;0.0;1.0;0.0;1.0;0.0;1.0;0.0;1.0;0.0;1.0;0.0;1.0;0.0;1.0;0.0;1.0;0.0;1.0;0.0;1.0;0.0;1.0;0.0;1.0;0.0;1.0;0.0;1.0;0.0;1.0;0.0;1.0;0.0;1.0;0.0;1.0;0.0;0.0;0.0;1.0;0.0;0.0
0.21256962;0.0;0.21257094;0.0;0.14894047;0.0;0.17010775;0.0;0.18566859;0.0;0.17447253;0.0;0.0;0.0;0.14103758;0.0;0.33562082;0.0;0.8028539;0.0;0.7013159;0.0;0.22015648;0.0;0.16386205;0.0;0.2399998;0.0;0.72552747;0.0;0.77209526;0.0;0.29440963;0.0;0.051056527;0.0;1.0;0.0;1.0;0.0;1.0;0.0;1.0;0.0;1.0;0.0;1.0;0.0;1.0;0.0;1.0;0.0;1.0;0.0;1.0;0.0;1.0;0.0;1.0;0.0;1.0;0.0;1.0;0.0;1.0;0.0;1.0;0.0;1.0;0.0;1.0;0.0;0.0;0.0;1.0;0.0;0.0
0.21401687;0.0;0.21139869;0.0;0.23709543;0.0;0.16341053;0.0;0.024936203;0.0;0.0;0.0;0.18345232;0.0;0.1472515;0.0;0.22481863;0.0;0.35822278;0.0;0.7984314;0.0;0.21593687;0.0;0.13549063;0.0;0.13538478;0.0;0.72596925;0.0;0.7628692;0.0;0.2862025;0.0;0.24684748;0.0;1.0;0.0;1.0;0.0;1.0;0.0;1.0;0.0;1.0;0.0;1.0;0.0;1.0;0.0;1.0;0.0;1.0;0.0;1.0;0.0;1.0;0.0;1.0;0.0;1.0;0.0;1.0;0.0;1.0;0.0;1.0;0.0;1.0;0.0;1.0;0.0;0.0;0.0;1.0;0.0;0.0
0.2157486;0.0;0.21049435;0.0;0.23291504;0.0;0.15740521;0.0;0.022966279;0.0;0.17489836;0.0;0.18150458;0.0;0.15423478;0.0;0.22997375;0.0;0.7117996;0.0;0.7950158;0.0;0.21212956;0.0;0.13051134;0.0;0.13740586;0.0;0.7272982;0.0;0.396659;0.0;0.2787709;0.0;0.2525077;0.0;1.0;0.0;1.0;0.0;1.0;0.0;1.0;0.0;1.0;0.0;1.0;0.0;1.0;0.0;1.0;0.0;1.0;0.0;1.0;0.0;1.0;0.0;1.0;0.0;1.0;0.0;1.0;0.0;1.0;0.0;1.0;0.0;1.0;0.0;1.0;0.0;0.0;0.0;1.0;0.0;0.0
0.21777609;0.0;0.20985231;0.0;0.2291539;0.0;0.15200426;0.0;0.021308877;0.0;0.17543325;0.0;0.17981455;0.0;0.21045442;0.0;0.23566464;0.0;0.6144593;0.0;0.7925908;0.0;0.20870404;0.0;0.12603317;0.0;0.13966092;0.0;0.7295225;0.0;0.7477418;0.0;0.27203855;0.0;0.2587562;0.0;1.0;0.0;1.0;0.0;1.0;0.0;1.0;0.0;1.0;0.0;1.0;0.0;1.0;0.0;1.0;0.0;1.0;0.0;1.0;0.0;1.0;0.0;1.0;0.0;1.0;0.0;1.0;0.0;1.0;0.0;1.0;0.0;1.0;0.0;1.0;0.0;0.0;0.0;1.0;0.0;0.0
0.22011276;0.0;0.20946857;0.0;0.22578299;0.0;0.14713496;0.0;0.019897187;0.0;0.17618673;0.0;0.178371;0.0;0.20573649;0.0;0.24194661;0.0;0.51590663;0.0;0.7911416;0.0;0.31348822;0.0;0.121995844;0.0;0.14216734;0.0;0.7326558;0.0;0.74173903;0.0;0.38385922;0.0;0.20389502;0.0;1.0;0.0;1.0;0.0;1.0;0.0;1.0;0.0;1.0;0.0;1.0;0.0;1.0;0.0;1.0;0.0;1.0;0.0;1.0;0.0;1.0;0.0;1.0;0.0;1.0;0.0;1.0;0.0;1.0;0.0;1.0;0.0;1.0;0.0;1.0;0.0;0.0;0.0;1.0;0.0;0.0
0.22277448;0.0;0.20934086;0.0;0.22277729;0.0;0.14273645;0.0;0.018682286;0.0;0.17716351;0.0;0.17716458;0.0;0.20146556;0.0;0.24888417;0.0;0.41572815;0.0;1.0;0.0;0.309315;0.0;0.11834885;0.0;0.14494517;0.0;0.7367176;0.0;0.7367222;0.0;0.37589058;0.0;0.1952902;0.0;1.0;0.0;1.0;0.0;1.0;0.0;1.0;0.0;1.0;0.0;1.0;0.0;1.0;0.0;1.0;0.0;1.0;0.0;1.0;0.0;9.0;0.0;1.0;0.0;1.0;0.0;1.0;0.0;1.0;0.0;1.0;0.0;1.0;0.0;1.0;0.0;0.0;0.0;1.0;0.0;0.0
0.2257798;0.0;0.20946833;0.0;0.0;0.0;0.120960735;0.0;0.017627435;0.0;0.17836967;0.0;0.17618759;0.0;0.19760421;0.0;0.2565531;0.0;0.4213365;0.0;1.0;0.0;0.30561882;0.0;0.115049675;0.0;0.14801767;0.0;0.7417334;0.0;0.06710837;0.0;0.36868614;0.0;0.18760154;0.0;1.0;0.0;1.0;0.0;1.0;0.0;1.0;0.0;1.0;0.0;1.0;0.0;1.0;0.0;1.0;0.0;1.0;0.0;1.0;0.0;9.0;0.0;1.0;0.0;1.0;0.0;1.0;0.0;1.0;0.0;1.0;0.0;1.0;0.0;1.0;0.0;0.0;0.0;1.0;0.0;0.0
0.06276412;0.0;0.20985179;0.0;0.0;0.0;0.12669721;0.0;0.21044941;0.0;0.17981298;0.0;0.17543389;0.0;0.0;0.0;0.12602891;0.0;0.42762637;0.0;1.0;0.0;0.40640455;0.0;0.112062275;0.0;0.15141173;0.0;0.33549157;0.0;0.7295252;0.0;0.8072302;0.0;0.18070719;0.0;1.0;0.0;1.0;0.0;1.0;0.0;1.0;0.0;1.0;0.0;1.0;0.0;1.0;0.0;1.0;0.0;1.0;0.0;1.0;0.0;1.0;0.0;1.0;0.0;1.0;0.0;1.0;0.0;1.0;0.0;1.0;0.0;1.0;0.0;1.0;0.0;0.0;0.0;1.0;0.0;0.0
0.058234632;0.0;0.0;0.0;0.0;0.0;0.13317516;0.0;0.21565719;0.0;0.18150276;0.0;0.17489877;0.0;0.0;0.0;0.1305066;0.0;0.32338518;0.0;0.79501283;0.0;0.5056822;0.0;0.10935597;0.0;0.15515855;0.0;0.23461492;0.0;0.72730005;0.0;0.7941949;0.0;0.17450668;0.0;1.0;0.0;1.0;0.0;1.0;0.0;1.0;0.0;1.0;0.0;1.0;0.0;1.0;0.0;1.0;0.0;1.0;0.0;1.0;0.0;1.0;0.0;1.0;0.0;1.0;0.0;1.0;0.0;1.0;0.0;1.0;0.0;1.0;0.0;1.0;0.0;0.0;0.0;1.0;0.0;0.0
0.05437668;0.0;0.21139768;0.0;0.21401843;0.0;0.14053173;0.0;0.17760296;0.0;0.18345022;0.0;0.17457898;0.0;0.0;0.0;0.13548535;0.0;0.3291888;0.0;0.79842746;0.0;0.5016226;0.0;0.22482356;0.0;0.15929452;0.0;0.23713227;0.0;0.72597015;0.0;0.5588043;0.0;0.30348194;0.0;1.0;0.0;1.0;0.0;1.0;0.0;1.0;0.0;1.0;0.0;1.0;0.0;1.0;0.0;1.0;0.0;1.0;0.0;1.0;0.0;1.0;0.0;1.0;0.0;1.0;0.0;1.0;0.0;1.0;0.0;1.0;0.0;1.0;0.0;1.0;0.0;0.0;0.0;1.0;0.0;0.0
0.051056474;0.0;0.21256964;0.0;0.21257094;0.0;0.14894061;0.0;0.17010766;0.0;0.18566862;0.0;0.17447253;0.0;0.0;0.0;0.14103767;0.0;0.33562094;0.0;0.8028539;0.0;0.7013158;0.0;0.2201564;0.0;0.16386211;0.0;0.2399998;0.0;0.72552747;0.0;0.7720951;0.0;0.2944095;0.0;1.0;0.0;1.0;0.0;1.0;0.0;1.0;0.0;1.0;0.0;1.0;0.0;1.0;0.0;1.0;0.0;1.0;0.0;1.0;0.0;1.0;0.0;1.0;0.0;1.0;0.0;1.0;0.0;1.0;0.0;1.0;0.0;1.0;0.0;1.0;0.0;0.0;0.0;1.0;0.0;0.0
0.24684758;0.0;0.21401688;0.0;0.21139868;0.0;0.23709536;0.0;0.16341048;0.0;0.02493618;0.0;0.0;0.0;0.1834523;0.0;0.14725159;0.0;0.22481874;0.0;0.3582224;0.0;0.79843134;0.0;0.21593681;0.0;0.13549055;0.0;0.13538478;0.0;0.72596925;0.0;0.76286906;0.0;0.28620237;0.0;1.0;0.0;1.0;0.0;1.0;0.0;1.0;0.0;1.0;0.0;1.0;0.0;1.0;0.0;1.0;0.0;1.0;0.0;1.0;0.0;1.0;0.0;1.0;0.0;1.0;0.0;1.0;0.0;1.0;0.0;1.0;0.0;1.0;0.0;1.0;0.0;0.0;0.0;1.0;0.0;0.0
0.25250778;0.0;0.21574862;0.0;0.21049435;0.0;0.232915;0.0;0.15740512;0.0;0.022966262;0.0;0.17489836;0.0;0.18150458;0.0;0.15423489;0.0;0.22997382;0.0;0.7117997;0.0;0.79501575;0.0;0.21212952;0.0;0.13051127;0.0;0.13740586;0.0;0.72729826;0.0;0.39665964;0.0;0.2787708;0.0;1.0;0.0;1.0;0.0;1.0;0.0;1.0;0.0;1.0;0.0;1.0;0.0;1.0;0.0;1.0;0.0;1.0;0.0;1.0;0.0;1.0;0.0;1.0;0.0;1.0;0.0;1.0;0.0;1.0;0.0;1.0;0.0;1.0;0.0;1.0;0.0;0.0;0.0;1.0;0.0;0.0
0.25875634;0.0;0.2177761;0.0;0.20985231;0.0;0.22915384;0.0;0.15200421;0.0;0.021308858;0.0;0.17543325;0.0;0.17981453;0.0;0.21045431;0.0;0.23566473;0.0;0.61445934;0.0;0.7925908;0.0;0.20870402;0.0;0.12603311;0.0;0.13966092;0.0;0.7295226;0.0;0.74774176;0.0;0.27203846;0.0;1.0;0.0;1.0;0.0;1.0;0.0;1.0;0.0;1.0;0.0;1.0;0.0;1.0;0.0;1.0;0.0;1.0;0.0;1.0;0.0;1.0;0.0;1.0;0.0;1.0;0.0;1.0;0.0;1.0;0.0;1.0;0.0;1.0;0.0;1.0;0.0;0.0;0.0;1.0;0.0;0.0
0.20389485;0.0;0.2201128;0.0;0.20946857;0.0;0.22578295;0.0;0.14713489;0.0;0.019897178;0.0;0.17618674;0.0;0.178371;0.0;0.20573644;0.0;0.2419467;0.0;0.5159067;0.0;0.79114157;0.0;0.31348816;0.0;0.121995784;0.0;0.14216734;0.0;0.7326559;0.0;0.7417389;0.0;0.3838591;0.0;1.0;0.0;1.0;0.0;1.0;0.0;1.0;0.0;1.0;0.0;1.0;0.0;1.0;0.0;1.0;0.0;1.0;0.0;1.0;0.0;1.0;0.0;1.0;0.0;1.0;0.0;1.0;0.0;1.0;0.0;1.0;0.0;1.0;0.0;1.0;0.0;0.0;0.0;1.0;0.0;0.0
0.19529004;0.0;0.22277454;0.0;0.20934086;0.0;0.22277728;0.0;0.1427364;0.0;0.01868227;0.0;0.17716351;0.0;0.17716458;0.0;0.20146552;0.0;0.24888428;0.0;0.41572818;0.0;1.0;0.0;0.3093149;0.0;0.1183488;0.0;0.14494517;0.0;0.73671764;0.0;0.7367221;0.0;0.3758905;0.0;1.0;0.0;1.0;0.0;1.0;0.0;1.0;0.0;1.0;0.0;1.0;0.0;1.0;0.0;1.0;0.0;1.0;0.0;1.0;0.0;1.0;0.0;9.0;0.0;1.0;0.0;1.0;0.0;1.0;0.0;1.0;0.0;1.0;0.0;1.0;0.0;0.0;0.0;1.0;0.0;0.0
0.18760139;0.0;0.22577985;0.0;0.20946833;0.0;0.0;0.0;0.12096081;0.0;0.01762743;0.0;0.1783697;0.0;0.17618759;0.0;0.19760415;0.0;0.25655323;0.0;0.4213365;0.0;1.0;0.0;0.30561882;0.0;0.11504962;0.0;0.14801767;0.0;0.74173343;0.0;0.0671086;0.0;0.36868602;0.0;1.0;0.0;1.0;0.0;1.0;0.0;1.0;0.0;1.0;0.0;1.0;0.0;1.0;0.0;1.0;0.0;1.0;0.0;1.0;0.0;1.0;0.0;9.0;0.0;1.0;0.0;1.0;0.0;1.0;0.0;1.0;0.0;1.0;0.0;1.0;0.0;0.0;0.0;1.0;0.0;0.0
0.18070707;0.0;0.06276406;0.0;0.20985182;0.0;0.0;0.0;0.12669724;0.0;0.21044949;0.0;0.179813;0.0;0.17543387;0.0;0.0;0.0;0.12602897;0.0;0.42762637;0.0;1.0;0.0;0.4064045;0.0;0.11206224;0.0;0.15141173;0.0;0.3354916;0.0;0.7295252;0.0;0.80723;0.0;1.0;0.0;1.0;0.0;1.0;0.0;1.0;0.0;1.0;0.0;1.0;0.0;1.0;0.0;1.0;0.0;1.0;0.0;1.0;0.0;1.0;0.0;1.0;0.0;1.0;0.0;1.0;0.0;1.0;0.0;1.0;0.0;1.0;0.0;1.0;0.0;0.0;0.0;1.0;0.0;0.0
0.17450657;0.0;0.058234572;0.0;0.0;0.0;0.0;0.0;0.13317527;0.0;0.21565723;0.0;0.18150279;0.0;0.17489877;0.0;0.0;0.0;0.13050666;0.0;0.3233852;0.0;0.79501283;0.0;0.5056821;0.0;0.10935593;0.0;0.15515855;0.0;0.23461494;0.0;0.72730005;0.0;0.79419476;0.0;1.0;0.0;1.0;0.0;1.0;0.0;1.0;0.0;1.0;0.0;1.0;0.0;1.0;0.0;1.0;0.0;1.0;0.0;1.0;0.0;1.0;0.0;1.0;0.0;1.0;0.0;1.0;0.0;1.0;0.0;1.0;0.0;1.0;0.0;1.0;0.0;0.0;0.0;1.0;0.0;0.0
0.30348176;0.0;0.054376632;0.0;0.21139768;0.0;0.21401842;0.0;0.14053178;0.0;0.17760284;0.0;0.18345025;0.0;0.17457898;0.0;0.0;0.0;0.13548543;0.0;0.32918885;0.0;0.79842746;0.0;0.50162256;0.0;0.22482352;0.0;0.15929452;0.0;0.23713228;0.0;0.72597015;0.0;0.5588049;0.0;1.0;0.0;1.0;0.0;1.0;0.0;1.0;0.0;1.0;0.0;1.0;0.0;1.0;0.0;1.0;0.0;1.0;0.0;1.0;0.0;1.0;0.0;1.0;0.0;1.0;0.0;1.0;0.0;1.0;0.0;1.0;0.0;1.0;0.0;1.0;0.0;0.0;0.0;1.0;0.0;0.0
0.29440942;0.0;0.051056452;0.0;0.21256964;0.0;0.2125709;0.0;0.14894061;0.0;0.17010766;0.0;0.18566862;0.0;0.17447253;0.0;0.0;0.0;0.14103772;0.0;0.33562094;0.0;0.8028539;0.0;0.7013158;0.0;0.22015639;0.0;0.16386208;0.0;0.23999982;0.0;0.72552747;0.0;0.7720951;0.0;1.0;0.0;1.0;0.0;1.0;0.0;1.0;0.0;1.0;0.0;1.0;0.0;1.0;0.0;1.0;0.0;1.0;0.0;1.0;0.0;1.0;0.0;1.0;0.0;1.0;0.0;1.0;0.0;1.0;0.0;1.0;0.0;1.0;0.0;1.0;0.0;0.0;0.0;1.0;0.0;0.0
0.2862023;0.0;0.24684758;0.0;0.21401687;0.0;0.21139868;0.0;0.23709539;0.0;0.16341048;0.0;0.02493618;0.0;0.0;0.0;0.1834523;0.0;0.14725159;0.0;0.22481868;0.0;0.3582224;0.0;0.79843134;0.0;0.21593681;0.0;0.13549063;0.0;0.13538478;0.0;0.72596925;0.0;0.76286906;0.0;1.0;0.0;1.0;0.0;1.0;0.0;1.0;0.0;1.0;0.0;1.0;0.0;1.0;0.0;1.0;0.0;1.0;0.0;1.0;0.0;1.0;0.0;1.0;0.0;1.0;0.0;1.0;0.0;1.0;0.0;1.0;0.0;1.0;0.0;1.0;0.0;0.0;0.0;1.0;0.0;0.0
0.27877083;0.0;0.25250775;0.0;0.2157486;0.0;0.21049435;0.0;0.23291504;0.0;0.15740521;0.0;0.022966273;0.0;0.17489836;0.0;0.18150458;0.0;0.15423483;0.0;0.22997375;0.0;0.7117996;0.0;0.79501575;0.0;0.21212955;0.0;0.13051137;0.0;0.13740584;0.0;0.72729826;0.0;0.3966593;0.0;1.0;0.0;1.0;0.0;1.0;0.0;1.0;0.0;1.0;0.0;1.0;0.0;1.0;0.0;1.0;0.0;1.0;0.0;1.0;0.0;1.0;0.0;1.0;0.0;1.0;0.0;1.0;0.0;1.0;0.0;1.0;0.0;1.0;0.0;1.0;0.0;0.0;0.0;1.0;0.0;0.0
0.27203852;0.0;0.25875622;0.0;0.21777606;0.0;0.20985231;0.0;0.22915392;0.0;0.15200427;0.0;0.021308877;0.0;0.17543325;0.0;0.17981455;0.0;0.21045442;0.0;0.2356646;0.0;0.6144592;0.0;0.7925908;0.0;0.20870404;0.0;0.12603323;0.0;0.1396609;0.0;0.7295225;0.0;0.7477418;0.0;1.0;0.0;1.0;0.0;1.0;0.0;1.0;0.0;1.0;0.0;1.0;0.0;1.0;0.0;1.0;0.0;1.0;0.0;1.0;0.0;1.0;0.0;1.0;0.0;1.0;0.0;1.0;0.0;1.0;0.0;1.0;0.0;1.0;0.0;1.0;0.0;0.0;0.0;1.0;0.0;0.0
0.38385922;0.0;0.20389505;0.0;0.22011273;0.0;0.2094686;0.0;0.22578302;0.0;0.147135;0.0;0.019897206;0.0;0.17618671;0.0;0.17837103;0.0;0.20573655;0.0;0.2419465;0.0;0.5159065;0.0;0.7911416;0.0;0.31348825;0.0;0.12199591;0.0;0.14216729;0.0;0.73265576;0.0;0.74173903;0.0;1.0;0.0;1.0;0.0;1.0;0.0;1.0;0.0;1.0;0.0;1.0;0.0;1.0;0.0;1.0;0.0;1.0;0.0;1.0;0.0;1.0;0.0;1.0;0.0;1.0;0.0;1.0;0.0;1.0;0.0;1.0;0.0;1.0;0.0;1.0;0.0;0.0;0.0;1.0;0.0;0.0
0.37589067;0.0;0.19529027;0.0;0.22277442;0.0;0.20934086;0.0;0.22277737;0.0;0.14273652;0.0;0.018682301;0.0;0.17716348;0.0;0.17716461;0.0;0.2014656;0.0;0.248884;0.0;0.41572803;0.0;1.0;0.0;0.30931503;0.0;0.118348934;0.0;0.1449451;0.0;0.7367175;0.0;0.7367223;0.0;1.0;0.0;1.0;0.0;1.0;0.0;1.0;0.0;1.0;0.0;1.0;0.0;1.0;0.0;1.0;0.0;1.0;0.0;1.0;0.0;1.0;0.0;1.0;0.0;9.0;0.0;1.0;0.0;1.0;0.0;1.0;0.0;1.0;0.0;1.0;0.0;0.0;0.0;1.0;0.0;0.0
0.36868626;0.0;0.18760164;0.0;0.22577973;0.0;0.20946833;0.0;0.0;0.0;0.12096059;0.0;0.01762746;0.0;0.17836964;0.0;0.17618762;0.0;0.19760428;0.0;0.25655293;0.0;0.42133632;0.0;1.0;0.0;0.30561894;0.0;0.11504978;0.0;0.14801757;0.0;0.74173325;0.0;0.06710803;0.0;1.0;0.0;1.0;0.0;1.0;0.0;1.0;0.0;1.0;0.0;1.0;0.0;1.0;0.0;1.0;0.0;1.0;0.0;1.0;0.0;1.0;0.0;1.0;0.0;9.0;0.0;1.0;0.0;1.0;0.0;1.0;0.0;1.0;0.0;1.0;0.0;0.0;0.0;1.0;0.0;0.0
0.8072305;0.0;0.18070734;0.0;0.062764294;0.0;0.20985179;0.0;0.0;0.0;0.12669699;0.0;0.21044926;0.0;0.17981292;0.0;0.1754339;0.0;0.0;0.0;0.12602876;0.0;0.42762613;0.0;1.0;0.0;0.40640464;0.0;0.112062395;0.0;0.15141156;0.0;0.33549148;0.0;0.7295253;0.0;1.0;0.0;1.0;0.0;1.0;0.0;1.0;0.0;1.0;0.0;1.0;0.0;1.0;0.0;1.0;0.0;1.0;0.0;1.0;0.0;1.0;0.0;1.0;0.0;1.0;0.0;1.0;0.0;1.0;0.0;1.0;0.0;1.0;0.0;1.0;0.0;0.0;0.0;1.0;0.0;0.0
0.7941953;0.0;0.17450686;0.0;0.0582348;0.0;0.0;0.0;0.0;0.0;0.13317488;0.0;0.21565697;0.0;0.18150268;0.0;0.17489879;0.0;0.0;0.0;0.13050641;0.0;0.32338494;0.0;0.7950128;0.0;0.50568235;0.0;0.10935608;0.0;0.15515836;0.0;0.23461482;0.0;0.7273001;0.0;1.0;0.0;1.0;0.0;1.0;0.0;1.0;0.0;1.0;0.0;1.0;0.0;1.0;0.0;1.0;0.0;1.0;0.0;1.0;0.0;1.0;0.0;1.0;0.0;1.0;0.0;1.0;0.0;1.0;0.0;1.0;0.0;1.0;0.0;1.0;0.0;0.0;0.0;1.0;0.0;0.0
0.55880255;0.0;0.30348226;0.0;0.054376848;0.0;0.21139762;0.0;0.21401854;0.0;0.14053135;0.0;0.17760327;0.0;0.18345013;0.0;0.174579;0.0;0.0;0.0;0.1354851;0.0;0.32918853;0.0;0.7984273;0.0;0.5016228;0.0;0.22482386;0.0;0.15929426;0.0;0.23713215;0.0;0.72597015;0.0;1.0;0.0;1.0;0.0;1.0;0.0;1.0;0.0;1.0;0.0;1.0;0.0;1.0;0.0;1.0;0.0;1.0;0.0;1.0;0.0;1.0;0.0;1.0;0.0;1.0;0.0;1.0;0.0;1.0;0.0;1.0;0.0;1.0;0.0;1.0;0.0;0.0;0.0;1.0;0.0;0.0
0.77209556;0.0;0.2944099;0.0;0.051056642;0.0;0.21256956;0.0;0.212571;0.0;0.14894012;0.0;0.17010804;0.0;0.18566848;0.0;0.17447253;0.0;0.0;0.0;0.14103734;0.0;0.33562055;0.0;0.8028536;0.0;0.701316;0.0;0.2201567;0.0;0.16386183;0.0;0.23999962;0.0;0.72552747;0.0;1.0;0.0;1.0;0.0;1.0;0.0;1.0;0.0;1.0;0.0;1.0;0.0;1.0;0.0;1.0;0.0;1.0;0.0;1.0;0.0;1.0;0.0;1.0;0.0;1.0;0.0;1.0;0.0;1.0;0.0;1.0;0.0;1.0;0.0;1.0;0.0;0.0;0.0;1.0;0.0;0.0
0.7628695;0.0;0.28620276;0.0;0.24684724;0.0;0.21401677;0.0;0.21139875;0.0;0.23709562;0.0;0.16341084;0.0;0.024936315;0.0;0.0;0.0;0.18345241;0.0;0.14725119;0.0;0.22481842;0.0;0.35822558;0.0;0.7984316;0.0;0.2159371;0.0;0.13549091;0.0;0.13538468;0.0;0.7259692;0.0;1.0;0.0;1.0;0.0;1.0;0.0;1.0;0.0;1.0;0.0;1.0;0.0;1.0;0.0;1.0;0.0;1.0;0.0;1.0;0.0;1.0;0.0;1.0;0.0;1.0;0.0;1.0;0.0;1.0;0.0;1.0;0.0;1.0;0.0;1.0;0.0;0.0;0.0;1.0;0.0;0.0
0.39665693;0.0;0.27877122;0.0;0.2525074;0.0;0.2157485;0.0;0.2104944;0.0;0.23291525;0.0;0.15740553;0.0;0.022966383;0.0;0.17489833;0.0;0.18150468;0.0;0.15423438;0.0;0.22997344;0.0;0.71179926;0.0;0.79501593;0.0;0.21212979;0.0;0.13051163;0.0;0.13740572;0.0;0.72729814;0.0;1.0;0.0;1.0;0.0;1.0;0.0;1.0;0.0;1.0;0.0;1.0;0.0;1.0;0.0;1.0;0.0;1.0;0.0;1.0;0.0;1.0;0.0;1.0;0.0;1.0;0.0;1.0;0.0;1.0;0.0;1.0;0.0;1.0;0.0;1.0;0.0;0.0;0.0;1.0;0.0;0.0
0.7477422;0.0;0.27203888;0.0;0.25875583;0.0;0.21777594;0.0;0.20985234;0.0;0.22915411;0.0;0.15200457;0.0;0.02130897;0.0;0.1754332;0.0;0.17981465;0.0;0.2104547;0.0;0.23566428;0.0;0.6144589;0.0;0.7925909;0.0;0.20870428;0.0;0.12603347;0.0;0.13966076;0.0;0.72952235;0.0;1.0;0.0;1.0;0.0;1.0;0.0;1.0;0.0;1.0;0.0;1.0;0.0;1.0;0.0;1.0;0.0;1.0;0.0;1.0;0.0;1.0;0.0;1.0;0.0;1.0;0.0;1.0;0.0;1.0;0.0;1.0;0.0;1.0;0.0;1.0;0.0;0.0;0.0;1.0;0.0;0.0
0.7417393;0.0;0.3838597;0.0;0.2038956;0.0;0.22011259;0.0;0.2094686;0.0;0.2257832;0.0;0.14713526;0.0;0.019897286;0.0;0.17618667;0.0;0.1783711;0.0;0.2057368;0.0;0.24194615;0.0;0.5159062;0.0;0.7911416;0.0;0.31348854;0.0;0.12199612;0.0;0.14216714;0.0;0.7326556;0.0;1.0;0.0;1.0;0.0;1.0;0.0;1.0;0.0;1.0;0.0;1.0;0.0;1.0;0.0;1.0;0.0;1.0;0.0;1.0;0.0;1.0;0.0;1.0;0.0;1.0;0.0;1.0;0.0;1.0;0.0;1.0;0.0;1.0;0.0;1.0;0.0;0.0;0.0;1.0;0.0;0.0
0.7367225;0.0;0.3758911;0.0;0.19529076;0.0;0.22277427;0.0;0.20934086;0.0;0.22277752;0.0;0.14273676;0.0;0.018682372;0.0;0.1771634;0.0;0.17716467;0.0;0.20146587;0.0;0.2488836;0.0;0.41572776;0.0;1.0;0.0;0.3093153;0.0;0.118349135;0.0;0.14494494;0.0;0.7367173;0.0;1.0;0.0;1.0;0.0;1.0;0.0;1.0;0.0;1.0;0.0;1.0;0.0;1.0;0.0;1.0;0.0;1.0;0.0;1.0;0.0;1.0;0.0;1.0;0.0;1.0;0.0;9.0;0.0;1.0;0.0;1.0;0.0;1.0;0.0;1.0;0.0;0.0;0.0;1.0;0.0;0.0
0.0671072;0.0;0.36868662;0.0;0.18760209;0.0;0.22577953;0.0;0.20946832;0.0;0.0;0.0;0.120960295;0.0;0.01762752;0.0;0.17836957;0.0;0.17618766;0.0;0.19760449;0.0;0.2565525;0.0;0.42133602;0.0;1.0;0.0;0.30561915;0.0;0.11504996;0.0;0.14801739;0.0;0.74173295;0.0;1.0;0.0;1.0;0.0;1.0;0.0;1.0;0.0;1.0;0.0;1.0;0.0;1.0;0.0;1.0;0.0;1.0;0.0;1.0;0.0;1.0;0.0;1.0;0.0;1.0;0.0;9.0;0.0;1.0;0.0;1.0;0.0;1.0;0.0;1.0;0.0;0.0;0.0;1.0;0.0;0.0
0.72952545;0.0;0.80723125;0.0;0.18070774;0.0;0.06276456;0.0;0.20985174;0.0;0.0;0.0;0.12669668;0.0;0.21044895;0.0;0.17981285;0.0;0.17543395;0.0;0.0;0.0;0.12602854;0.0;0.4276258;0.0;1.0;0.0;0.4064049;0.0;0.11206255;0.0;0.15141138;0.0;0.33549133;0.0;1.0;0.0;1.0;0.0;1.0;0.0;1.0;0.0;1.0;0.0;1.0;0.0;1.0;0.0;1.0;0.0;1.0;0.0;1.0;0.0;1.0;0.0;1.0;0.0;1.0;0.0;1.0;0.0;1.0;0.0;1.0;0.0;1.0;0.0;1.0;0.0;0.0;0.0;1.0;0.0;0.0
0.7273002;0.0;0.79419595;0.0;0.17450722;0.0;0.05823503;0.0;0.0;0.0;0.0;0.0;0.13317451;0.0;0.21565664;0.0;0.1815026;0.0;0.17489883;0.0;0.0;0.0;0.13050616;0.0;0.32338467;0.0;0.7950126;0.0;0.50568265;0.0;0.109356225;0.0;0.15515813;0.0;0.2346147;0.0;1.0;0.0;1.0;0.0;1.0;0.0;1.0;0.0;1.0;0.0;1.0;0.0;1.0;0.0;1.0;0.0;1.0;0.0;1.0;0.0;1.0;0.0;1.0;0.0;1.0;0.0;1.0;0.0;1.0;0.0;1.0;0.0;1.0;0.0;1.0;0.0;0.0;0.0;1.0;0.0;0.0
0.7259702;0.0;0.55879986;0.0;0.30348286;0.0;0.05437704;0.0;0.21139756;0.0;0.21401861;0.0;0.14053091;0.0;0.17760377;0.0;0.18345001;0.0;0.174579;0.0;0.0;0.0;0.1354848;0.0;0.32918817;0.0;0.79842705;0.0;0.50162303;0.0;0.22482412;0.0;0.15929404;0.0;0.237132;0.0;1.0;0.0;1.0;0.0;1.0;0.0;1.0;0.0;1.0;0.0;1.0;0.0;1.0;0.0;1.0;0.0;1.0;0.0;1.0;0.0;1.0;0.0;1.0;0.0;1.0;0.0;1.0;0.0;1.0;0.0;1.0;0.0;1.0;0.0;1.0;0.0;1.0;0.0;0.0;0.0;0.0
0.7159702;0.0;0.55786765;0.0;0.2900345;0.0;0.03308869;0.0;0.21104488;0.0;0.21366158;0.0;0.15938956;0.0;0.1770365;0.0;0.19395813;0.0;0.18457898;0.0;0.0;0.0;0.13600673;0.0;0.3295837;0.0;0.7987797;0.0;0.50198007;0.0;0.10731653;0.0;0.14661182;0.0;0.22662386;0.0;1.0;0.0;1.0;0.0;1.0;0.0;1.0;0.0;1.0;0.0;1.0;0.0;1.0;0.0;1.0;0.0;1.0;0.0;1.0;0.0;1.0;0.0;1.0;0.0;1.0;0.0;1.0;0.0;1.0;0.0;1.0;0.0;1.0;0.0;1.0;0.0;1.0;0.0;0.0;0.0;0.0
0.7059702;0.0;0.5569354;0.0;0.27658615;0.0;0.23629951;0.0;0.21069221;0.0;0.21330452;0.0;0.24602981;0.0;0.17646924;0.0;0.20446627;0.0;0.19457898;0.0;0.0;0.0;0.13652864;0.0;0.32997924;0.0;0.7991324;0.0;0.5023371;0.0;0.10772835;0.0;0.1339296;0.0;0.21611576;0.0;1.0;0.0;1.0;0.0;1.0;0.0;1.0;0.0;1.0;0.0;1.0;0.0;1.0;0.0;1.0;0.0;1.0;0.0;1.0;0.0;1.0;0.0;1.0;0.0;1.0;0.0;1.0;0.0;1.0;0.0;1.0;0.0;1.0;0.0;1.0;0.0;1.0;0.0;0.0;0.0;0.0
0.69597024;0.0;0.5560032;0.0;0.2631378;0.0;0.23590398;0.0;0.21033955;0.0;0.21294749;0.0;0.24561799;0.0;0.17590196;0.0;0.21497437;0.0;0.20457895;0.0;0.0;0.0;0.13705054;0.0;0.33037478;0.0;0.7994851;0.0;0.40045962;0.0;0.108140156;0.0;0.12124739;0.0;0.20560762;0.0;1.0;0.0;1.0;0.0;1.0;0.0;1.0;0.0;1.0;0.0;1.0;0.0;1.0;0.0;1.0;0.0;1.0;0.0;1.0;0.0;1.0;0.0;1.0;0.0;1.0;0.0;1.0;0.0;1.0;0.0;1.0;0.0;1.0;0.0;1.0;0.0;1.0;0.0;0.0;0.0;0.0
0.6859703;0.0;0.555071;0.0;0.24968943;0.0;0.23550844;0.0;0.20998688;0.0;0.21259046;0.0;0.24520616;0.0;0.17533469;0.0;0.22548251;0.0;0.21457894;0.0;0.0;0.0;0.2885738;0.0;0.44402605;0.0;0.7998377;0.0;0.40081662;0.0;0.10855198;0.0;0.108565174;0.0;0.1950995;0.0;1.0;0.0;1.0;0.0;1.0;0.0;1.0;0.0;1.0;0.0;1.0;0.0;1.0;0.0;1.0;0.0;1.0;0.0;1.0;0.0;1.0;0.0;1.0;0.0;1.0;0.0;1.0;0.0;1.0;0.0;1.0;0.0;1.0;0.0;1.0;0.0;1.0;0.0;0.0;0.0;0.0
0.6759703;0.0;0.5541388;0.0;0.23624107;0.0;0.23511294;0.0;0.20963421;0.0;0.2122334;0.0;0.24479434;0.0;0.17476742;0.0;0.23599064;0.0;0.22457893;0.0;0.0;0.0;0.30202216;0.0;0.4444216;0.0;0.8001903;0.0;0.29893917;0.0;0.1089638;0.0;0.09588296;0.0;0.2897369;0.0;1.0;0.0;1.0;0.0;1.0;0.0;1.0;0.0;1.0;0.0;1.0;0.0;1.0;0.0;1.0;0.0;1.0;0.0;1.0;0.0;1.0;0.0;1.0;0.0;1.0;0.0;1.0;0.0;1.0;0.0;1.0;0.0;1.0;0.0;1.0;0.0;1.0;0.0;0.0;0.0;0.0
0.6659703;0.0;0.55320656;0.0;0.22279271;0.0;0.2347174;0.0;0.20928153;0.0;0.21187636;0.0;0.06498103;0.0;0.17420016;0.0;0.023448262;0.0;0.23457892;0.0;0.25284934;0.0;0.28806046;0.0;0.44481713;0.0;1.0;0.0;0.2992962;0.0;0.10937561;0.0;0.08320074;0.0;0.27922875;0.0;1.0;0.0;1.0;0.0;1.0;0.0;1.0;0.0;1.0;0.0;1.0;0.0;1.0;0.0;1.0;0.0;1.0;0.0;1.0;0.0;1.0;0.0;1.0;0.0;1.0;0.0;1.0;0.0;1.0;0.0;1.0;0.0;1.0;0.0;1.0;0.0;1.0;0.0;0.0;0.0;0.0
0.65597034;0.0;0.7070612;0.0;0.20934439;0.0;0.118372336;0.0;0.2089289;0.0;0.0;0.0;0.08383966;0.0;0.17363289;0.0;0.022318041;0.0;0.24457888;0.0;0.26362818;0.0;0.28858238;0.0;0.44521266;0.0;1.0;0.0;0.19741872;0.0;0.10978743;0.0;0.07051852;0.0;0.26872066;0.0;1.0;0.0;1.0;0.0;1.0;0.0;1.0;0.0;1.0;0.0;1.0;0.0;1.0;0.0;1.0;0.0;1.0;0.0;1.0;0.0;1.0;0.0;1.0;0.0;1.0;0.0;1.0;0.0;1.0;0.0;1.0;0.0;1.0;0.0;1.0;0.0;1.0;0.0;0.0;0.0;0.0
0.64597034;0.0;0.6962824;0.0;0.19589603;0.0;0.09708397;0.0;0.20857623;0.0;0.0;0.0;0.102698304;0.0;0.17306563;0.0;0.021187818;0.0;0.2545789;0.0;0.27440703;0.0;0.28910428;0.0;0.4456082;0.0;1.0;0.0;0.19777577;0.0;0.11019925;0.0;0.057836305;0.0;0.2582125;0.0;1.0;0.0;1.0;0.0;1.0;0.0;1.0;0.0;1.0;0.0;1.0;0.0;1.0;0.0;1.0;0.0;1.0;0.0;1.0;0.0;1.0;0.0;1.0;0.0;1.0;0.0;1.0;0.0;1.0;0.0;1.0;0.0;1.0;0.0;1.0;0.0;1.0;0.0;0.0;0.0;0.0
0.63597035;0.0;0.68550354;0.0;0.18244767;0.0;0.07579562;0.0;0.0;0.0;0.0;0.0;0.12155694;0.0;0.20864537;0.0;0.020057594;0.0;0.26457888;0.0;0.28518587;0.0;0.28962618;0.0;0.5592595;0.0;1.0;0.0;0.095898286;0.0;0.11061106;0.0;0.04515409;0.0;0.24770439;0.0;1.0;0.0;1.0;0.0;1.0;0.0;1.0;0.0;1.0;0.0;1.0;0.0;1.0;0.0;1.0;0.0;1.0;0.0;1.0;0.0;1.0;0.0;1.0;0.0;1.0;0.0;1.0;0.0;1.0;0.0;1.0;0.0;1.0;0.0;1.0;0.0;1.0;0.0;0.0;0.0;0.0
0.62597036;0.0;0.6747247;0.0;0.3035651;0.0;0.054507263;0.0;0.20787089;0.0;0.21044822;0.0;0.14041558;0.0;0.22132759;0.0;0.018927373;0.0;0.27457887;0.0;0.29596472;0.0;0.2901481;0.0;0.55965495;0.0;1.0;0.0;0.096255325;0.0;0.111022875;0.0;0.032471873;0.0;0.23719628;0.0;1.0;0.0;1.0;0.0;1.0;0.0;1.0;0.0;1.0;0.0;1.0;0.0;1.0;0.0;1.0;0.0;1.0;0.0;1.0;0.0;1.0;0.0;1.0;0.0;1.0;0.0;1.0;0.0;1.0;0.0;1.0;0.0;1.0;0.0;1.0;0.0;1.0;0.0;0.0;0.0;0.0
0.6159704;0.0;0.6639458;0.0;0.29011676;0.0;0.033218905;0.0;0.20751822;0.0;0.21009116;0.0;0.1592742;0.0;0.23400982;0.0;0.01779715;0.0;0.28457886;0.0;0.30674356;0.0;0.29067;0.0;0.5600505;0.0;1.0;0.0;0.09661237;0.0;0.029427487;0.0;0.14668939;0.0;0.22668815;0.0;1.0;0.0;1.0;0.0;1.0;0.0;1.0;0.0;1.0;0.0;1.0;0.0;1.0;0.0;1.0;0.0;1.0;0.0;1.0;0.0;1.0;0.0;1.0;0.0;1.0;0.0;1.0;0.0;1.0;0.0;1.0;0.0;1.0;0.0;1.0;0.0;1.0;0.0;0.0;0.0;0.0
0.6059704;0.0;0.653167;0.0;0.2766684;0.0;0.23234423;0.0;0.20716555;0.0;0.20973413;0.0;0.24191162;0.0;0.24669203;0.0;0.016666926;0.0;0.29457882;0.0;0.31752244;0.0;0.29119194;0.0;0.560446;0.0;1.0;0.0;0.09696941;0.0;0.010568863;0.0;0.13400719;0.0;0.21618004;0.0;1.0;0.0;1.0;0.0;1.0;0.0;1.0;0.0;1.0;0.0;1.0;0.0;1.0;0.0;1.0;0.0;1.0;0.0;1.0;0.0;1.0;0.0;1.0;0.0;1.0;0.0;1.0;0.0;1.0;0.0;1.0;0.0;1.0;0.0;1.0;0.0;1.0;0.0;0.0;0.0;0.0
0.5959704;0.0;0.64238816;0.0;0.26322004;0.0;0.23194869;0.0;0.20681289;0.0;0.2093771;0.0;0.24149983;0.0;0.25937423;0.0;0.015536705;0.0;0.3045788;0.0;0.32830125;0.0;0.29171383;0.0;0.56084156;0.0;1.0;0.0;0.09732644;0.0;0.0;0.0;0.12132496;0.0;0.2056719;0.0;1.0;0.0;1.0;0.0;1.0;0.0;1.0;0.0;1.0;0.0;1.0;0.0;1.0;0.0;1.0;0.0;1.0;0.0;1.0;0.0;1.0;0.0;1.0;0.0;1.0;0.0;1.0;0.0;1.0;0.0;1.0;0.0;1.0;0.0;1.0;0.0;1.0;0.0;0.0;0.0;0.0
0.58597046;0.0;0.6316093;0.0;0.24977168;0.0;0.23155315;0.0;0.20646021;0.0;0.20902006;0.0;0.241088;0.0;0.27205646;0.0;0.014406482;0.0;0.3145788;0.0;0.33908013;0.0;0.29223576;0.0;0.5612371;0.0;0.0;0.0;0.09768348;0.0;0.0;0.0;0.10864274;0.0;0.30922124;0.0;1.0;0.0;1.0;0.0;1.0;0.0;1.0;0.0;1.0;0.0;1.0;0.0;1.0;0.0;1.0;0.0;1.0;0.0;1.0;0.0;1.0;0.0;1.0;0.0;1.0;0.0;1.0;0.0;1.0;0.0;1.0;0.0;1.0;0.0;1.0;0.0;1.0;0.0;0.0;0.0;0.0
0.5759705;0.0;0.6208304;0.0;0.23632336;0.0;0.23115763;0.0;0.20610754;0.0;0.20866302;0.0;0.2406762;0.0;0.2847387;0.0;0.34107187;0.0;0.3245788;0.0;0.34985894;0.0;0.2927577;0.0;0.6748884;0.0;0.0;0.0;0.09804053;0.0;0.0;0.0;0.09596053;0.0;0.31035146;0.0;1.0;0.0;1.0;0.0;1.0;0.0;1.0;0.0;1.0;0.0;1.0;0.0;1.0;0.0;1.0;0.0;1.0;0.0;1.0;0.0;1.0;0.0;1.0;0.0;1.0;0.0;1.0;0.0;1.0;0.0;1.0;0.0;1.0;0.0;1.0;0.0;1.0;0.0;0.0;0.0;0.0
0.5659705;0.0;0.61005163;0.0;0.222875;0.0;0.2307621;0.0;0.20575488;0.0;0.20830598;0.0;0.06486567;0.0;0.2974209;0.0;0.35158;0.0;0.33457878;0.0;0.3606378;0.0;0.44995403;0.0;0.6752839;0.0;0.097192496;0.0;0.09839757;0.0;0.0;0.0;0.08327831;0.0;0.31148168;0.0;1.0;0.0;1.0;0.0;1.0;0.0;1.0;0.0;1.0;0.0;1.0;0.0;1.0;0.0;1.0;0.0;1.0;0.0;1.0;0.0;1.0;0.0;1.0;0.0;1.0;0.0;1.0;0.0;1.0;0.0;1.0;0.0;1.0;0.0;1.0;0.0;1.0;0.0;0.0;0.0;0.0
0.5559705;0.0;0.5992728;0.0;0.20942664;0.0;0.11850254;0.0;0.20540221;0.0;0.0;0.0;0.083724305;0.0;0.31010312;0.0;0.3620881;0.0;0.34457874;0.0;0.37141663;0.0;0.44324565;0.0;0.67567945;0.0;0.09754516;0.0;0.0987546;0.0;0.113905594;0.0;0.0705961;0.0;0.3126119;0.0;1.0;0.0;1.0;0.0;1.0;0.0;1.0;0.0;1.0;0.0;1.0;0.0;1.0;0.0;1.0;0.0;1.0;0.0;1.0;0.0;1.0;0.0;1.0;0.0;1.0;0.0;1.0;0.0;1.0;0.0;1.0;0.0;1.0;0.0;1.0;0.0;1.0;0.0;0.0;0.0;0.0
0.5459705;0.0;0.58849394;0.0;0.19597828;0.0;0.09721419;0.0;0.20504956;0.0;0.0;0.0;0.10258295;0.0;0.32278532;0.0;0.37259623;0.0;0.35457873;0.0;0.3821955;0.0;0.4437676;0.0;0.0;0.0;0.097897835;0.0;0.09911164;0.0;0.1143174;0.0;0.05791388;0.0;0.31374213;0.0;1.0;0.0;1.0;0.0;1.0;0.0;1.0;0.0;1.0;0.0;1.0;0.0;1.0;0.0;1.0;0.0;1.0;0.0;1.0;0.0;1.0;0.0;1.0;0.0;1.0;0.0;1.0;0.0;1.0;0.0;1.0;0.0;1.0;0.0;1.0;0.0;1.0;0.0;0.0;0.0;0.0
0.5359705;0.0;0.57771504;0.0;0.18252993;0.0;0.075925834;0.0;0.0;0.0;0.20723486;0.0;0.12144158;0.0;0.20856781;0.0;0.38310438;0.0;0.36457872;0.0;0.39297432;0.0;0.4442895;0.0;0.0;0.0;0.09825049;0.0;0.0;0.0;0.114729226;0.0;0.045231666;0.0;0.31487235;0.0;1.0;0.0;1.0;0.0;1.0;0.0;1.0;0.0;1.0;0.0;1.0;0.0;1.0;0.0;1.0;0.0;1.0;0.0;1.0;0.0;1.0;0.0;1.0;0.0;1.0;0.0;1.0;0.0;1.0;0.0;1.0;0.0;1.0;0.0;1.0;0.0;1.0;0.0;0.0;0.0;0.0
0.5259705;0.0;0.56693625;0.0;0.16908158;0.0;0.05463748;0.0;0.20434423;0.0;0.20687783;0.0;0.14030021;0.0;0.22125001;0.0;0.39361247;0.0;0.3745787;0.0;0.4037532;0.0;0.4448114;0.0;0.0;0.0;0.09860317;0.0;0.0;0.0;0.11514105;0.0;0.03254945;0.0;0.31600258;0.0;1.0;0.0;1.0;0.0;1.0;0.0;1.0;0.0;1.0;0.0;1.0;0.0;1.0;0.0;1.0;0.0;1.0;0.0;1.0;0.0;1.0;0.0;1.0;0.0;1.0;0.0;1.0;0.0;1.0;0.0;1.0;0.0;1.0;0.0;1.0;0.0;1.0;0.0;0.0;0.0;0.0
0.5159705;0.0;0.5561574;0.0;0.5593306;0.0;0.03334912;0.0;0.20399156;0.0;0.20652077;0.0;0.15915886;0.0;0.23393223;0.0;0.4041206;0.0;0.3845787;0.0;0.41453204;0.0;0.44533333;0.0;0.0;0.0;0.09895583;0.0;0.10018276;0.0;0.029542843;0.0;0.14676698;0.0;0.3171328;0.0;1.0;0.0;1.0;0.0;1.0;0.0;1.0;0.0;1.0;0.0;1.0;0.0;1.0;0.0;1.0;0.0;1.0;0.0;1.0;0.0;1.0;0.0;1.0;0.0;1.0;0.0;1.0;0.0;1.0;0.0;1.0;0.0;1.0;0.0;1.0;0.0;1.0;0.0;0.0;0.0;0.0
0.50597054;0.0;0.54537857;0.0;0.5458823;0.0;0.22838894;0.0;0.20363888;0.0;0.20616373;0.0;0.23779348;0.0;0.24661446;0.0;0.41462874;0.0;0.39457867;0.0;0.26250795;0.0;0.44585523;0.0;0.0;0.0;0.0993085;0.0;0.1005398;0.0;0.010684217;0.0;0.13408475;0.0;0.5316808;0.0;1.0;0.0;1.0;0.0;1.0;0.0;1.0;0.0;1.0;0.0;1.0;0.0;1.0;0.0;1.0;0.0;1.0;0.0;1.0;0.0;1.0;0.0;1.0;0.0;1.0;0.0;1.0;0.0;1.0;0.0;1.0;0.0;1.0;0.0;1.0;0.0;1.0;0.0;0.0;0.0;0.0
0.4959705;0.0;0.2704257;0.0;0.53243387;0.0;0.2279934;0.0;0.20328622;0.0;0.2058067;0.0;0.23738165;0.0;0.25929672;0.0;0.4251369;0.0;0.40457875;0.0;0.26344016;0.0;0.44637713;0.0;0.009227695;0.0;0.099661164;0.0;0.100896835;0.0;0.0;0.0;0.12140248;0.0;0.52117264;0.0;1.0;0.0;1.0;0.0;1.0;0.0;1.0;0.0;1.0;0.0;1.0;0.0;1.0;0.0;1.0;0.0;1.0;0.0;1.0;0.0;1.0;0.0;1.0;0.0;1.0;0.0;1.0;0.0;1.0;0.0;1.0;0.0;1.0;0.0;1.0;0.0;1.0;0.0;0.0;0.0;0.0
0.4859705;0.0;0.26949346;0.0;0.5189854;0.0;0.22759786;0.0;0.20293355;0.0;0.20544966;0.0;0.23696983;0.0;0.271979;0.0;0.43564504;0.0;0.41457874;0.0;0.26437238;0.0;0.01927777;0.0;0.1121694;0.0;0.0;0.0;0.10125388;0.0;0.0;0.0;0.1087202;0.0;0.51066446;0.0;1.0;0.0;1.0;0.0;1.0;0.0;1.0;0.0;1.0;0.0;1.0;0.0;1.0;0.0;1.0;0.0;1.0;0.0;1.0;0.0;1.0;0.0;1.0;0.0;1.0;0.0;1.0;0.0;1.0;0.0;1.0;0.0;1.0;0.0;1.0;0.0;1.0;0.0;0.0;0.0;0.0
0.47597045;0.0;0.26856124;0.0;0.50553703;0.0;0.22720234;0.0;0.20258088;0.0;0.20509262;0.0;0.23655804;0.0;0.2846613;0.0;0.44615325;0.0;0.42457876;0.0;0.26530463;0.0;0.03272619;0.0;0.11256492;0.0;0.0;0.0;0.10161092;0.0;0.0;0.0;0.096037924;0.0;0.5001563;0.0;1.0;0.0;1.0;0.0;1.0;0.0;1.0;0.0;1.0;0.0;1.0;0.0;1.0;0.0;1.0;0.0;1.0;0.0;1.0;0.0;1.0;0.0;1.0;0.0;1.0;0.0;1.0;0.0;1.0;0.0;1.0;0.0;1.0;0.0;1.0;0.0;1.0;0.0;0.0;0.0;0.0
0.46597043;0.0;0.267629;0.0;0.49208862;0.0;0.2268068;0.0;0.20222822;0.0;0.20473559;0.0;0.06475068;0.0;0.29734355;0.0;0.4566614;0.0;0.4345788;0.0;0.26623684;0.0;0.04617461;0.0;0.11296044;0.0;0.10071917;0.0;0.10196795;0.0;0.0;0.0;0.08335565;0.0;0.4896481;0.0;1.0;0.0;1.0;0.0;1.0;0.0;1.0;0.0;1.0;0.0;1.0;0.0;1.0;0.0;1.0;0.0;1.0;0.0;1.0;0.0;1.0;0.0;1.0;0.0;1.0;0.0;1.0;0.0;1.0;0.0;1.0;0.0;1.0;0.0;1.0;0.0;1.0;0.0;0.0;0.0;0.0
0.45597038;0.0;0.26669678;0.0;0.47864017;0.0;0.11863226;0.0;0.20187554;0.0;0.0;0.0;0.0836094;0.0;0.31002584;0.0;0.4671696;0.0;0.44457883;0.0;0.26716906;0.0;0.059623025;0.0;0.11335598;0.0;0.101071835;0.0;0.102325;0.0;0.11802375;0.0;0.07067337;0.0;0.47913995;0.0;1.0;0.0;1.0;0.0;1.0;0.0;1.0;0.0;1.0;0.0;1.0;0.0;1.0;0.0;1.0;0.0;1.0;0.0;1.0;0.0;1.0;0.0;1.0;0.0;1.0;0.0;1.0;0.0;1.0;0.0;1.0;0.0;1.0;0.0;1.0;0.0;1.0;0.0;0.0;0.0;0.0
0.44597036;0.0;0.26576456;0.0;0.46519175;0.0;0.097343795;0.0;0.20152287;0.0;0.0;0.0;0.10246813;0.0;0.3227081;0.0;0.47767776;0.0;0.45457888;0.0;0.26810127;0.0;0.07307145;0.0;0.0;0.0;0.1014245;0.0;0.10268203;0.0;0.11843558;0.0;0.057991095;0.0;0.4686318;0.0;1.0;0.0;1.0;0.0;1.0;0.0;1.0;0.0;1.0;0.0;1.0;0.0;1.0;0.0;1.0;0.0;1.0;0.0;1.0;0.0;1.0;0.0;1.0;0.0;1.0;0.0;1.0;0.0;1.0;0.0;1.0;0.0;1.0;0.0;1.0;0.0;1.0;0.0;0.0;0.0;0.0
0.4359703;0.0;0.26483232;0.0;0.4471565;0.0;0.07605534;0.0;0.0;0.0;0.20366447;0.0;0.12132685;0.0;0.20849065;0.0;0.48818594;0.0;0.46457893;0.0;0.2690335;0.0;0.08651987;0.0;0.0;0.0;0.10177716;0.0;0.0;0.0;0.11884739;0.0;0.045308817;0.0;0.4581236;0.0;1.0;0.0;1.0;0.0;1.0;0.0;1.0;0.0;1.0;0.0;1.0;0.0;1.0;0.0;1.0;0.0;1.0;0.0;1.0;0.0;1.0;0.0;1.0;0.0;1.0;0.0;1.0;0.0;1.0;0.0;1.0;0.0;1.0;0.0;1.0;0.0;1.0;0.0;0.0;0.0;0.0
0.42597026;0.0;0.2639001;0.0;0.4466346;0.0;0.054766882;0.0;0.20081756;0.0;0.20330743;0.0;0.14018558;0.0;0.22117293;0.0;0.49869412;0.0;0.47457895;0.0;0.2699657;0.0;0.099968284;0.0;0.0;0.0;0.10212983;0.0;0.0;0.0;0.1192592;0.0;0.41332573;0.0;0.44761544;0.0;1.0;0.0;1.0;0.0;1.0;0.0;1.0;0.0;1.0;0.0;1.0;0.0;1.0;0.0;1.0;0.0;1.0;0.0;1.0;0.0;1.0;0.0;1.0;0.0;1.0;0.0;1.0;0.0;1.0;0.0;1.0;0.0;1.0;0.0;1.0;0.0;1.0;0.0;0.0;0.0;0.0
0.41597024;0.0;0.26296788;0.0;0.4461127;0.0;0.033478424;0.0;0.20046489;0.0;0.20295039;0.0;0.1590443;0.0;0.2338552;0.0;0.5092023;0.0;0.484579;0.0;0.27089795;0.0;0.11341671;0.0;0.0;0.0;0.1024825;0.0;0.10375315;0.0;0.029657388;0.0;0.4006435;0.0;0.43710726;0.0;1.0;0.0;1.0;0.0;1.0;0.0;1.0;0.0;1.0;0.0;1.0;0.0;1.0;0.0;1.0;0.0;1.0;0.0;1.0;0.0;1.0;0.0;1.0;0.0;1.0;0.0;1.0;0.0;1.0;0.0;1.0;0.0;1.0;0.0;1.0;0.0;1.0;0.0;0.0;0.0;0.0
0.4059702;0.0;0.26203567;0.0;0.44559073;0.0;0.012189966;0.0;0.20011222;0.0;0.20259336;0.0;0.23367532;0.0;0.24653749;0.0;0.5197104;0.0;0.49457902;0.0;0.27183017;0.0;0.12686512;0.0;0.0;0.0;0.10283516;0.0;0.104110196;0.0;0.010798672;0.0;0.3879612;0.0;0.4265991;0.0;1.0;0.0;1.0;0.0;1.0;0.0;1.0;0.0;1.0;0.0;1.0;0.0;1.0;0.0;1.0;0.0;1.0;0.0;1.0;0.0;1.0;0.0;1.0;0.0;1.0;0.0;1.0;0.0;1.0;0.0;1.0;0.0;1.0;0.0;1.0;0.0;1.0;0.0;0.0;0.0;0.0
0.39597017;0.0;0.26110345;0.0;0.44506884;0.0;0.4505496;0.0;0.19975956;0.0;0.20223632;0.0;0.2332635;0.0;0.25921977;0.0;0.53021866;0.0;0.50457907;0.0;0.54387873;0.0;0.14031354;0.0;0.009098494;0.0;0.10318784;0.0;0.104467236;0.0;0.0;0.0;0.37527892;0.0;0.4160909;0.0;1.0;0.0;1.0;0.0;1.0;0.0;9.0;0.0;1.0;0.0;1.0;0.0;1.0;0.0;1.0;0.0;1.0;0.0;1.0;0.0;1.0;0.0;1.0;0.0;1.0;0.0;1.0;0.0;1.0;0.0;1.0;0.0;1.0;0.0;1.0;0.0;1.0;0.0;0.0;0.0;0.0
0.38597015;0.0;0.41603178;0.0;0.44454694;0.0;0.45015407;0.0;0.19940689;0.0;0.20187926;0.0;0.23285167;0.0;0.27190202;0.0;0.31542966;0.0;0.51457906;0.0;0.55465764;0.0;0.01919615;0.0;0.11612469;0.0;0.1035405;0.0;0.10482427;0.0;0.0;0.0;0.32897723;0.0;0.40558273;0.0;1.0;0.0;1.0;0.0;1.0;0.0;9.0;0.0;1.0;0.0;1.0;0.0;1.0;0.0;1.0;0.0;1.0;0.0;1.0;0.0;1.0;0.0;1.0;0.0;1.0;0.0;1.0;0.0;1.0;0.0;1.0;0.0;1.0;0.0;1.0;0.0;1.0;0.0;0.0;0.0;0.0
0.3759701;0.0;0.40525287;0.0;0.44402498;0.0;0.44975853;0.0;0.19905421;0.0;0.20152223;0.0;0.045777496;0.0;0.2845843;0.0;0.31429943;0.0;0.5245791;0.0;0.56543654;0.0;0.03264457;0.0;0.11652021;0.0;0.0;0.0;0.105181314;0.0;0.0;0.0;0.32954448;0.0;0.39507455;0.0;1.0;0.0;1.0;0.0;1.0;0.0;9.0;0.0;1.0;0.0;1.0;0.0;1.0;0.0;1.0;0.0;1.0;0.0;1.0;0.0;1.0;0.0;1.0;0.0;1.0;0.0;1.0;0.0;1.0;0.0;1.0;0.0;1.0;0.0;1.0;0.0;1.0;0.0;0.0;0.0;0.0
0.36597008;0.0;0.394474;0.0;0.44350308;0.0;0.44936305;0.0;0.19870155;0.0;0.2011652;0.0;0.06463622;0.0;0.29726657;0.0;0.3131692;0.0;0.53457916;0.0;0.5762154;0.0;0.04609299;0.0;0.11691574;0.0;0.10424583;0.0;0.105538346;0.0;0.0;0.0;0.33011177;0.0;0.3845664;0.0;1.0;0.0;1.0;0.0;1.0;0.0;9.0;0.0;1.0;0.0;1.0;0.0;1.0;0.0;1.0;0.0;1.0;0.0;1.0;0.0;1.0;0.0;1.0;0.0;1.0;0.0;1.0;0.0;1.0;0.0;1.0;0.0;1.0;0.0;1.0;0.0;1.0;0.0;0.0;0.0;0.0
0.35597005;0.0;0.3836951;0.0;0.44298118;0.0;0.33177525;0.0;0.19834888;0.0;0.0;0.0;0.08349495;0.0;0.30994886;0.0;0.312039;0.0;0.54457915;0.0;0.5869943;0.0;0.05954141;0.0;0.11731128;0.0;0.1045985;0.0;0.105895385;0.0;0.35798073;0.0;0.33067903;0.0;0.37405822;0.0;1.0;0.0;1.0;0.0;1.0;0.0;9.0;0.0;1.0;0.0;1.0;0.0;1.0;0.0;1.0;0.0;1.0;0.0;1.0;0.0;1.0;0.0;1.0;0.0;1.0;0.0;1.0;0.0;1.0;0.0;1.0;0.0;1.0;0.0;1.0;0.0;1.0;0.0;0.0;0.0;0.0
0.34597;0.0;0.37291622;0.0;0.4424593;0.0;0.3104868;0.0;0.19799623;0.0;0.0;0.0;0.10235367;0.0;0.1957314;0.0;0.31090876;0.0;0.5545792;0.0;0.5977732;0.0;0.07298983;0.0;0.1177068;0.0;0.104951166;0.0;0.10625243;0.0;0.2750496;0.0;0.33124632;0.0;0.36355004;0.0;1.0;0.0;1.0;0.0;1.0;0.0;9.0;0.0;1.0;0.0;1.0;0.0;1.0;0.0;1.0;0.0;1.0;0.0;1.0;0.0;1.0;0.0;1.0;0.0;1.0;0.0;1.0;0.0;1.0;0.0;1.0;0.0;1.0;0.0;1.0;0.0;1.0;0.0;0.0;0.0;0.0
0.33596998;0.0;0.36213732;0.0;0.45182496;0.0;0.28919834;0.0;0.0;0.0;0.20009407;0.0;0.1212124;0.0;0.20841368;0.0;0.30977854;0.0;0.56457925;0.0;0.17713457;0.0;0.086438246;0.0;0.0;0.0;0.10530384;0.0;0.0;0.0;0.25619087;0.0;0.33181357;0.0;0.35304186;0.0;1.0;0.0;1.0;0.0;1.0;0.0;9.0;0.0;1.0;0.0;1.0;0.0;1.0;0.0;1.0;0.0;1.0;0.0;1.0;0.0;1.0;0.0;1.0;0.0;1.0;0.0;1.0;0.0;1.0;0.0;1.0;0.0;1.0;0.0;1.0;0.0;1.0;0.0;0.0;0.0;0.0
0.32596993;0.0;0.3513584;0.0;0.29197127;0.0;0.26790985;0.0;0.3992558;0.0;0.19973704;0.0;0.14007112;0.0;0.22109596;0.0;0.30864832;0.0;0.5745793;0.0;0.18791346;0.0;0.09988667;0.0;0.0;0.0;0.10565649;0.0;0.0;0.0;0.23733215;0.0;0.33238083;0.0;0.3425337;0.0;1.0;0.0;1.0;0.0;1.0;0.0;9.0;0.0;1.0;0.0;1.0;0.0;1.0;0.0;1.0;0.0;1.0;0.0;1.0;0.0;1.0;0.0;1.0;0.0;1.0;0.0;1.0;0.0;1.0;0.0;1.0;0.0;1.0;0.0;1.0;0.0;1.0;0.0;0.0;0.0;0.0
0.3159699;0.0;0.34057954;0.0;0.29144937;0.0;0.24662142;0.0;0.39890313;0.0;0.19938;0.0;0.15892985;0.0;0.23377824;0.0;0.3075181;0.0;0.58457935;0.0;0.19869237;0.0;0.11333509;0.0;0.0;0.0;0.10600916;0.0;0.31179258;0.0;0.21847343;0.0;0.33294812;0.0;0.016109537;0.0;1.0;0.0;1.0;0.0;1.0;0.0;9.0;0.0;1.0;0.0;1.0;0.0;1.0;0.0;1.0;0.0;1.0;0.0;1.0;0.0;1.0;0.0;1.0;0.0;1.0;0.0;1.0;0.0;1.0;0.0;1.0;0.0;1.0;0.0;1.0;0.0;1.0;0.0;0.0;0.0;0.0
0.3059699;0.0;0.32980064;0.0;0.29092744;0.0;0.44698986;0.0;0.39855045;0.0;0.19902296;0.0;0.22955713;0.0;0.24646051;0.0;0.30638787;0.0;0.59457934;0.0;0.20947127;0.0;0.1267835;0.0;0.0;0.0;0.10636183;0.0;0.3121496;0.0;0.19961473;0.0;0.33351538;0.0;0.01723976;0.0;1.0;0.0;1.0;0.0;1.0;0.0;1.0;0.0;1.0;0.0;1.0;0.0;1.0;0.0;1.0;0.0;1.0;0.0;1.0;0.0;1.0;0.0;1.0;0.0;1.0;0.0;1.0;0.0;1.0;0.0;1.0;0.0;1.0;0.0;1.0;0.0;1.0;0.0;0.0;0.0;0.0
0.29596984;0.0;0.31902176;0.0;0.29040554;0.0;0.44659433;0.0;0.39819783;0.0;0.19866592;0.0;0.22914533;0.0;0.2591428;0.0;0.5301548;0.0;0.6045794;0.0;0.22025016;0.0;0.14023192;0.0;0.008969294;0.0;0.1067145;0.0;0.31250665;0.0;0.180756;0.0;0.33408266;0.0;0.018369982;0.0;1.0;0.0;1.0;0.0;1.0;0.0;1.0;0.0;1.0;0.0;1.0;0.0;1.0;0.0;1.0;0.0;1.0;0.0;1.0;0.0;1.0;0.0;1.0;0.0;1.0;0.0;1.0;0.0;1.0;0.0;1.0;0.0;1.0;0.0;1.0;0.0;1.0;0.0;0.0;0.0;0.0
0.2859698;0.0;0.30824286;0.0;0.2898836;0.0;0.4461988;0.0;0.39784515;0.0;0.19830887;0.0;0.22873351;0.0;0.27182508;0.0;0.54066306;0.0;0.6145794;0.0;0.23102906;0.0;0.15368035;0.0;0.12007998;0.0;0.10706717;0.0;0.0;0.0;0.36086345;0.0;0.3626736;0.0;0.019500205;0.0;1.0;0.0;1.0;0.0;1.0;0.0;1.0;0.0;1.0;0.0;1.0;0.0;1.0;0.0;1.0;0.0;1.0;0.0;1.0;0.0;1.0;0.0;1.0;0.0;1.0;0.0;1.0;0.0;1.0;0.0;1.0;0.0;1.0;0.0;1.0;0.0;1.0;0.0;0.0;0.0;0.0
0.27596977;0.0;0.29746395;0.0;0.2893617;0.0;0.44580325;0.0;0.39749247;0.0;0.19795184;0.0;0.045663044;0.0;0.28450733;0.0;0.5511712;0.0;0.6245794;0.0;0.24180797;0.0;0.03256295;0.0;0.12047551;0.0;0.10741983;0.0;0.0;0.0;0.36127526;0.0;0.34999132;0.0;0.020630429;0.0;1.0;0.0;1.0;0.0;1.0;0.0;1.0;0.0;1.0;0.0;1.0;0.0;1.0;0.0;1.0;0.0;1.0;0.0;1.0;0.0;1.0;0.0;1.0;0.0;1.0;0.0;1.0;0.0;1.0;0.0;1.0;0.0;1.0;0.0;1.0;0.0;1.0;0.0;0.0;0.0;0.0
0.26596975;0.0;0.28668505;0.0;0.2888398;0.0;0.44540772;0.0;0.0;0.0;0.19759479;0.0;0.064521775;0.0;0.29718962;0.0;0.56167936;0.0;0.6345795;0.0;0.25258684;0.0;0.04601137;0.0;0.12087103;0.0;0.20875497;0.0;0.0;0.0;0.36168706;0.0;0.33730906;0.0;0.021760652;0.0;1.0;0.0;1.0;0.0;1.0;0.0;1.0;0.0;1.0;0.0;1.0;0.0;1.0;0.0;1.0;0.0;1.0;0.0;1.0;0.0;1.0;0.0;1.0;0.0;1.0;0.0;1.0;0.0;1.0;0.0;1.0;0.0;1.0;0.0;1.0;0.0;1.0;0.0;0.0;0.0;0.0
0.2559697;0.0;0.27590615;0.0;0.28831786;0.0;0.33190444;0.0;0.0;0.0;0.19723776;0.0;0.0833805;0.0;0.30987188;0.0;0.57218754;0.0;0.6445795;0.0;0.26336575;0.0;0.059459787;0.0;0.121266566;0.0;0.0;0.0;0.31393483;0.0;0.36209887;0.0;0.17392042;0.0;0.022890875;0.0;1.0;0.0;1.0;0.0;1.0;0.0;1.0;0.0;1.0;0.0;1.0;0.0;1.0;0.0;1.0;0.0;1.0;0.0;1.0;0.0;1.0;0.0;1.0;0.0;1.0;0.0;1.0;0.0;1.0;0.0;1.0;0.0;1.0;0.0;1.0;0.0;1.0;0.0;0.0;0.0;0.0
0.24596968;0.0;0.26512724;0.0;0.28779596;0.0;0.310616;0.0;0.3964345;0.0;0.19688073;0.0;0.102239214;0.0;0.19565444;0.0;0.5826957;0.0;0.6545795;0.0;0.27414465;0.0;0.07290821;0.0;0.121662095;0.0;0.0;0.0;0.31429186;0.0;0.27516404;0.0;0.17448768;0.0;0.024021098;0.0;1.0;0.0;1.0;0.0;1.0;0.0;1.0;0.0;9.0;0.0;1.0;0.0;1.0;0.0;1.0;0.0;1.0;0.0;1.0;0.0;1.0;0.0;1.0;0.0;1.0;0.0;1.0;0.0;1.0;0.0;1.0;0.0;1.0;0.0;1.0;0.0;1.0;0.0;0.0;0.0;0.0
0.23596963;0.0;0.25434837;0.0;0.28727406;0.0;0.28932753;0.0;0.3960818;0.0;0.2987582;0.0;0.121097945;0.0;0.20833671;0.0;0.5932039;0.0;0.6645796;0.0;0.28492355;0.0;0.086356625;0.0;0.12205763;0.0;0.31079543;0.0;0.3146489;0.0;0.25630534;0.0;0.17505495;0.0;0.025151322;0.0;1.0;0.0;1.0;0.0;1.0;0.0;1.0;0.0;9.0;0.0;1.0;0.0;1.0;0.0;1.0;0.0;1.0;0.0;1.0;0.0;1.0;0.0;1.0;0.0;1.0;0.0;1.0;0.0;1.0;0.0;1.0;0.0;1.0;0.0;1.0;0.0;1.0;0.0;0.0;0.0;0.0
0.2259696;0.0;0.0;0.0;0.28675213;0.0;0.26803905;0.0;0.39572912;0.0;0.29840118;0.0;0.13995667;0.0;0.22101898;0.0;0.6037121;0.0;0.6745796;0.0;0.18784806;0.0;0.09980504;0.0;0.12245315;0.0;0.3111481;0.0;0.31500596;0.0;0.23744662;0.0;0.17562221;0.0;0.23745199;0.0;1.0;0.0;1.0;0.0;1.0;0.0;1.0;0.0;9.0;0.0;1.0;0.0;1.0;0.0;1.0;0.0;1.0;0.0;1.0;0.0;1.0;0.0;1.0;0.0;1.0;0.0;1.0;0.0;1.0;0.0;1.0;0.0;1.0;0.0;1.0;0.0;1.0;0.0;0.0;0.0;0.0
0.21596959;0.0;0.0;0.0;0.29044396;0.0;0.24675062;0.0;0.39537647;0.0;0.0;0.0;0.22585079;0.0;0.23370127;0.0;0.61422026;0.0;0.6845797;0.0;0.19862695;0.0;0.11325346;0.0;0.122848675;0.0;0.31150076;0.0;0.315363;0.0;0.2185879;0.0;0.17618948;0.0;0.2269438;0.0;1.0;0.0;1.0;0.0;1.0;0.0;1.0;0.0;9.0;0.0;1.0;0.0;1.0;0.0;1.0;0.0;1.0;0.0;1.0;0.0;1.0;0.0;1.0;0.0;1.0;0.0;1.0;0.0;1.0;0.0;1.0;0.0;1.0;0.0;1.0;0.0;1.0;0.0;0.0;0.0;0.0
0.20596954;0.0;0.0;0.0;0.13626412;0.0;0.3297788;0.0;0.3950238;0.0;0.0;0.0;0.22543898;0.0;0.24638355;0.0;0.5195829;0.0;0.6945797;0.0;0.20940585;0.0;0.12670189;0.0;0.12324421;0.0;0.3118534;0.0;0.31572002;0.0;0.19972917;0.0;0.17675675;0.0;0.21643563;0.0;1.0;0.0;1.0;0.0;1.0;0.0;1.0;0.0;9.0;0.0;1.0;0.0;1.0;0.0;1.0;0.0;1.0;0.0;1.0;0.0;1.0;0.0;1.0;0.0;1.0;0.0;1.0;0.0;1.0;0.0;1.0;0.0;1.0;0.0;1.0;0.0;1.0;0.0;0.0;0.0;0.0
0.1959695;0.0;0.0;0.0;0.13574222;0.0;0.32938328;0.0;0.39467114;0.0;0.01995848;0.0;0.22502716;0.0;0.2590658;0.0;0.5300911;0.0;0.7045797;0.0;0.22018473;0.0;0.14015031;0.0;0.12363974;0.0;0.3122061;0.0;0.31607705;0.0;0.18087047;0.0;0.17732403;0.0;0.20592745;0.0;1.0;0.0;1.0;0.0;1.0;0.0;1.0;0.0;9.0;0.0;1.0;0.0;1.0;0.0;1.0;0.0;1.0;0.0;1.0;0.0;1.0;0.0;1.0;0.0;1.0;0.0;1.0;0.0;1.0;0.0;1.0;0.0;1.0;0.0;1.0;0.0;0.0;0.0;0.0;1.0;0.0
0.19632852;0.0;0.0;0.0;0.1307541;0.0;0.21865956;0.0;0.39298332;0.0;0.01715291;0.0;0.23018745;0.0;0.25233948;0.0;0.6284932;0.0;0.7058705;0.0;0.22347209;0.0;0.14478846;0.0;0.23271906;0.0;0.31087095;0.0;0.0;0.0;0.25230652;0.0;0.1857341;0.0;0.20374143;0.0;1.0;0.0;1.0;0.0;1.0;0.0;1.0;0.0;9.0;0.0;1.0;0.0;1.0;0.0;1.0;0.0;1.0;0.0;1.0;0.0;1.0;0.0;1.0;0.0;1.0;0.0;1.0;0.0;1.0;0.0;1.0;0.0;1.0;0.0;1.0;0.0;0.0;0.0;0.0;1.0;0.0
0.1969292;0.0;0.21790524;0.0;0.2652816;0.0;0.23566695;0.0;0.39178517;0.0;0.3025535;0.0;0.17718561;0.0;0.24624598;0.0;0.37548834;0.0;0.70803016;0.0;0.22713998;0.0;0.15175924;0.0;0.2289615;0.0;0.30992314;0.0;0.0;0.0;0.25855055;0.0;0.23623447;0.0;0.20184462;0.0;1.0;0.0;1.0;0.0;1.0;0.0;1.0;0.0;9.0;0.0;1.0;0.0;1.0;0.0;1.0;0.0;1.0;0.0;1.0;0.0;1.0;0.0;1.0;0.0;1.0;0.0;1.0;0.0;1.0;0.0;1.0;0.0;1.0;0.0;1.0;0.0;0.0;0.0;0.0;1.0;0.0
0.19777527;0.0;0.22181621;0.0;0.25678426;0.0;0.2558812;0.0;0.39106932;0.0;0.30580023;0.0;0.16916327;0.0;0.35864255;0.0;0.719878;0.0;0.06586979;0.0;0.2312167;0.0;0.14689818;0.0;0.22559378;0.0;0.30935687;0.0;0.3250813;0.0;0.26544306;0.0;0.23093912;0.0;0.20022452;0.0;1.0;0.0;1.0;0.0;1.0;0.0;1.0;0.0;9.0;0.0;1.0;0.0;1.0;0.0;1.0;0.0;1.0;0.0;1.0;0.0;1.0;0.0;1.0;0.0;1.0;0.0;1.0;0.0;1.0;0.0;1.0;0.0;1.0;0.0;1.0;0.0;0.0;0.0;0.0;1.0;0.0
0.198872;0.0;0.2261507;0.0;0.24910846;0.0;0.41591102;0.0;0.39083138;0.0;0.20307998;0.0;0.16202478;0.0;0.35119808;0.0;0.7150101;0.0;0.7150152;0.0;0.12026347;0.0;0.1425071;0.0;0.22259097;0.0;0.30916864;0.0;0.3290128;0.0;0.27305493;0.0;0.22614543;0.0;0.19887058;0.0;1.0;0.0;1.0;0.0;1.0;0.0;1.0;0.0;9.0;0.0;1.0;0.0;1.0;0.0;1.0;0.0;1.0;0.0;1.0;0.0;1.0;0.0;1.0;0.0;1.0;0.0;1.0;0.0;1.0;0.0;1.0;0.0;1.0;0.0;1.0;0.0;0.0;0.0;0.0;1.0;0.0
0.20022623;0.0;0.23094492;0.0;0.24216473;0.0;0.41094178;0.0;0.3910699;0.0;0.20581992;0.0;0.15564631;0.0;0.34446752;0.0;0.7110681;0.0;0.7198842;0.0;0.12281297;0.0;0.13853481;0.0;0.013430534;0.0;0.3093573;0.0;0.3334518;0.0;0.28146926;0.0;0.01953041;0.0;0.19777416;0.0;1.0;0.0;1.0;0.0;1.0;0.0;1.0;0.0;1.0;0.0;1.0;0.0;1.0;0.0;1.0;0.0;1.0;0.0;1.0;0.0;1.0;0.0;1.0;0.0;1.0;0.0;1.0;0.0;1.0;0.0;1.0;0.0;1.0;0.0;1.0;0.0;0.0;0.0;0.0;1.0;0.0
0.20184667;0.0;0.16242829;0.0;0.23587719;0.0;0.40657935;0.0;0.39178628;0.0;0.20889278;0.0;0.14992677;0.0;0.3383946;0.0;0.70802724;0.0;0.72571015;0.0;0.12562929;0.0;0.13493791;0.0;0.015057082;0.0;0.309924;0.0;0.33843023;0.0;0.15176518;0.0;0.020916063;0.0;0.19692838;0.0;1.0;0.0;1.0;0.0;1.0;0.0;1.0;0.0;1.0;0.0;1.0;0.0;1.0;0.0;1.0;0.0;1.0;0.0;1.0;0.0;1.0;0.0;1.0;0.0;1.0;0.0;1.0;0.0;1.0;0.0;1.0;0.0;1.0;0.0;1.0;0.0;0.0;0.0;0.0;1.0;0.0
0.20374377;0.0;0.15452746;0.0;0.23018122;0.0;0.40279418;0.0;0.39298502;0.0;0.21232137;0.0;0.14478283;0.0;0.4423934;0.0;0.70586854;0.0;0.31640884;0.0;0.12873833;0.0;0.13167942;0.0;0.31863186;0.0;0.31087226;0.0;0.21864143;0.0;0.15715763;0.0;0.022542918;0.0;0.19632795;0.0;1.0;0.0;1.0;0.0;1.0;0.0;1.0;0.0;1.0;0.0;1.0;0.0;1.0;0.0;1.0;0.0;1.0;0.0;1.0;0.0;1.0;0.0;1.0;0.0;1.0;0.0;1.0;0.0;1.0;0.0;1.0;0.0;1.0;0.0;1.0;0.0;0.0;0.0;0.0;1.0;0.0
0.0;0.0;0.147531;0.0;0.34293792;0.0;0.0;0.0;0.39467338;0.0;0.21613212;0.0;0.27470618;0.0;0.43588638;0.0;0.70457876;0.0;0.31980425;0.0;0.13217026;0.0;0.12872773;0.0;0.31607434;0.0;0.31220785;0.0;0.20415816;0.0;0.1631535;0.0;0.024476524;0.0;0.0;0.0;1.0;0.0;1.0;0.0;1.0;0.0;9.0;0.0;1.0;0.0;1.0;0.0;1.0;0.0;1.0;0.0;1.0;0.0;1.0;0.0;1.0;0.0;1.0;0.0;1.0;0.0;1.0;0.0;1.0;0.0;1.0;0.0;1.0;0.0;1.0;0.0;0.0;0.0;0.0;1.0;0.0
0.0;0.0;0.14130534;0.0;0.33581945;0.0;0.39685923;0.0;0.39686194;0.0;0.22035551;0.0;0.26649463;0.0;0.5365015;0.0;0.70415;0.0;0.2172534;0.0;0.13596037;0.0;0.12605567;0.0;0.313937;0.0;0.3139391;0.0;0.19169351;0.0;0.16984014;0.0;0.20841774;0.0;0.19584998;0.0;1.0;0.0;1.0;0.0;1.0;0.0;9.0;0.0;1.0;0.0;1.0;0.0;1.0;0.0;1.0;0.0;1.0;0.0;1.0;0.0;1.0;0.0;1.0;0.0;1.0;0.0;1.0;0.0;1.0;0.0;1.0;0.0;1.0;0.0;1.0;0.0;0.0;0.0;0.0;1.0;0.0
0.0;0.0;0.13574255;0.0;0.3293836;0.0;0.39467126;0.0;0.019958658;0.0;0.22502689;0.0;0.25906628;0.0;0.5300914;0.0;0.7045797;0.0;0.22018456;0.0;0.14015007;0.0;0.12363987;0.0;0.31220618;0.0;0.3160769;0.0;0.18087102;0.0;0.1773236;0.0;0.20592758;0.0;0.19596949;0.0;1.0;0.0;1.0;0.0;1.0;0.0;9.0;0.0;1.0;0.0;1.0;0.0;1.0;0.0;1.0;0.0;1.0;0.0;1.0;0.0;1.0;0.0;1.0;0.0;1.0;0.0;1.0;0.0;1.0;0.0;1.0;0.0;1.0;0.0;1.0;0.0;0.0;0.0;0.0;1.0;0.0
0.0;0.0;0.13075438;0.0;0.21865872;0.0;0.3929834;0.0;0.017153043;0.0;0.23018713;0.0;0.25233987;0.0;0.62849355;0.0;0.7058704;0.0;0.22347185;0.0;0.14478819;0.0;0.23271927;0.0;0.310871;0.0;0.0;0.0;0.25230616;0.0;0.1857336;0.0;0.20374152;0.0;0.19632849;0.0;1.0;0.0;1.0;0.0;1.0;0.0;9.0;0.0;1.0;0.0;1.0;0.0;1.0;0.0;1.0;0.0;1.0;0.0;1.0;0.0;1.0;0.0;1.0;0.0;1.0;0.0;1.0;0.0;1.0;0.0;1.0;0.0;1.0;0.0;1.0;0.0;0.0;0.0;0.0;1.0;0.0
0.21790501;0.0;0.26528212;0.0;0.23566595;0.0;0.39178523;0.0;0.30255333;0.0;0.17718604;0.0;0.24624634;0.0;0.37548548;0.0;0.70803005;0.0;0.22713974;0.0;0.1517595;0.0;0.22896168;0.0;0.3099232;0.0;0.0;0.0;0.2585502;0.0;0.23623478;0.0;0.20184472;0.0;0.19692917;0.0;1.0;0.0;1.0;0.0;1.0;0.0;9.0;0.0;1.0;0.0;1.0;0.0;1.0;0.0;1.0;0.0;1.0;0.0;1.0;0.0;1.0;0.0;1.0;0.0;1.0;0.0;1.0;0.0;1.0;0.0;1.0;0.0;1.0;0.0;1.0;0.0;0.0;0.0;0.0;1.0;0.0
0.22181599;0.0;0.25678474;0.0;0.25588;0.0;0.39106935;0.0;0.30580002;0.0;0.16916369;0.0;0.35864303;0.0;0.7198783;0.0;0.06587069;0.0;0.23121643;0.0;0.14689843;0.0;0.22559395;0.0;0.30935687;0.0;0.32508105;0.0;0.26544267;0.0;0.23093942;0.0;0.20022461;0.0;0.19777523;0.0;1.0;0.0;1.0;0.0;1.0;0.0;9.0;0.0;1.0;0.0;1.0;0.0;1.0;0.0;1.0;0.0;1.0;0.0;1.0;0.0;1.0;0.0;1.0;0.0;1.0;0.0;1.0;0.0;1.0;0.0;1.0;0.0;1.0;0.0;1.0;0.0;0.0;0.0;0.0;1.0;0.0
0.22615044;0.0;0.24910894;0.0;0.41591135;0.0;0.39083138;0.0;0.20307985;0.0;0.16202514;0.0;0.3511985;0.0;0.7150104;0.0;0.715015;0.0;0.12026332;0.0;0.14250734;0.0;0.22259113;0.0;0.30916864;0.0;0.32901257;0.0;0.27305448;0.0;0.22614567;0.0;0.19887064;0.0;0.19887194;0.0;1.0;0.0;1.0;0.0;1.0;0.0;9.0;0.0;1.0;0.0;1.0;0.0;1.0;0.0;1.0;0.0;1.0;0.0;1.0;0.0;1.0;0.0;1.0;0.0;1.0;0.0;1.0;0.0;1.0;0.0;1.0;0.0;1.0;0.0;1.0;0.0;0.0;0.0;0.0;1.0;0.0
0.23094466;0.0;0.24216513;0.0;0.41094202;0.0;0.39106986;0.0;0.20581976;0.0;0.15564665;0.0;0.34446794;0.0;0.7110683;0.0;0.71988386;0.0;0.12281282;0.0;0.13853502;0.0;0.013430456;0.0;0.3093573;0.0;0.3334515;0.0;0.28146878;0.0;0.019530337;0.0;0.1977742;0.0;0.20022616;0.0;1.0;0.0;1.0;0.0;1.0;0.0;1.0;0.0;1.0;0.0;1.0;0.0;1.0;0.0;1.0;0.0;1.0;0.0;1.0;0.0;1.0;0.0;1.0;0.0;1.0;0.0;1.0;0.0;1.0;0.0;1.0;0.0;1.0;0.0;1.0;0.0;0.0;0.0;0.0;1.0;0.0
0.16242875;0.0;0.23587754;0.0;0.40657958;0.0;0.39178622;0.0;0.20889261;0.0;0.14992706;0.0;0.33839497;0.0;0.7080273;0.0;0.7257098;0.0;0.12562911;0.0;0.13493809;0.0;0.015056983;0.0;0.30992395;0.0;0.33842987;0.0;0.1517649;0.0;0.020915981;0.0;0.19692841;0.0;0.20184655;0.0;1.0;0.0;1.0;0.0;1.0;0.0;1.0;0.0;1.0;0.0;1.0;0.0;1.0;0.0;1.0;0.0;1.0;0.0;1.0;0.0;1.0;0.0;1.0;0.0;1.0;0.0;1.0;0.0;1.0;0.0;1.0;0.0;1.0;0.0;1.0;0.0;0.0;0.0;0.0;1.0;0.0
0.15452787;0.0;0.23018155;0.0;0.40279436;0.0;0.39298493;0.0;0.21232119;0.0;0.1447831;0.0;0.44239384;0.0;0.7058686;0.0;0.3164087;0.0;0.12873814;0.0;0.13167958;0.0;0.318632;0.0;0.31087217;0.0;0.2186425;0.0;0.15715732;0.0;0.022542821;0.0;0.196328;0.0;0.20374367;0.0;1.0;0.0;1.0;0.0;1.0;0.0;1.0;0.0;1.0;0.0;1.0;0.0;1.0;0.0;1.0;0.0;1.0;0.0;1.0;0.0;1.0;0.0;1.0;0.0;1.0;0.0;1.0;0.0;1.0;0.0;1.0;0.0;1.0;0.0;1.0;0.0;0.0;0.0;0.0;1.0;0.0
0.14753136;0.0;0.34293842;0.0;0.0;0.0;0.39467326;0.0;0.2161319;0.0;0.27470666;0.0;0.4358868;0.0;0.70457876;0.0;0.31980404;0.0;0.13217005;0.0;0.12872788;0.0;0.31607446;0.0;0.31220776;0.0;0.20415907;0.0;0.16315316;0.0;0.024476409;0.0;0.0;0.0;0.0;0.0;1.0;0.0;1.0;0.0;9.0;0.0;1.0;0.0;1.0;0.0;1.0;0.0;1.0;0.0;1.0;0.0;1.0;0.0;1.0;0.0;1.0;0.0;1.0;0.0;1.0;0.0;1.0;0.0;1.0;0.0;1.0;0.0;1.0;0.0;1.0;0.0;0.0;0.0;0.0;1.0;0.0
0.14130567;0.0;0.33581987;0.0;0.39685938;0.0;0.39686176;0.0;0.22035527;0.0;0.26649508;0.0;0.5365019;0.0;0.70415;0.0;0.21725325;0.0;0.13596013;0.0;0.1260558;0.0;0.3139371;0.0;0.313939;0.0;0.19169432;0.0;0.16983977;0.0;0.20841789;0.0;0.19584998;0.0;0.0;0.0;1.0;0.0;1.0;0.0;9.0;0.0;1.0;0.0;1.0;0.0;1.0;0.0;1.0;0.0;1.0;0.0;1.0;0.0;1.0;0.0;1.0;0.0;1.0;0.0;1.0;0.0;1.0;0.0;1.0;0.0;1.0;0.0;1.0;0.0;1.0;0.0;0.0;0.0;0.0;1.0;0.0
0.1357428;0.0;0.32938394;0.0;0.39467135;0.0;0.019958837;0.0;0.22502664;0.0;0.2590666;0.0;0.53009176;0.0;0.70457965;0.0;0.2201844;0.0;0.14014982;0.0;0.12363998;0.0;0.31220624;0.0;0.3160768;0.0;0.18087165;0.0;0.1773232;0.0;0.2059277;0.0;0.19596949;0.0;0.0;0.0;1.0;0.0;1.0;0.0;9.0;0.0;1.0;0.0;1.0;0.0;1.0;0.0;1.0;0.0;1.0;0.0;1.0;0.0;1.0;0.0;1.0;0.0;1.0;0.0;1.0;0.0;1.0;0.0;1.0;0.0;1.0;0.0;1.0;0.0;1.0;0.0;0.0;0.0;0.0;1.0;0.0
0.13075458;0.0;0.21865794;0.0;0.39298347;0.0;0.017153155;0.0;0.23018691;0.0;0.25234014;0.0;0.62849385;0.0;0.70587033;0.0;0.22347172;0.0;0.14478795;0.0;0.23271945;0.0;0.31087106;0.0;0.0;0.0;0.25230587;0.0;0.18573324;0.0;0.20374162;0.0;0.19632848;0.0;0.0;0.0;1.0;0.0;1.0;0.0;9.0;0.0;1.0;0.0;1.0;0.0;1.0;0.0;1.0;0.0;1.0;0.0;1.0;0.0;1.0;0.0;1.0;0.0;1.0;0.0;1.0;0.0;1.0;0.0;1.0;0.0;1.0;0.0;1.0;0.0;1.0;0.0;0.0;0.0;0.0;1.0;0.0
0.26528245;0.0;0.23566517;0.0;0.39178526;0.0;0.3025532;0.0;0.17718641;0.0;0.24624655;0.0;0.37548333;0.0;0.70803;0.0;0.22713962;0.0;0.15175971;0.0;0.2289618;0.0;0.3099232;0.0;0.0;0.0;0.25854987;0.0;0.23623498;0.0;0.20184478;0.0;0.19692914;0.0;0.21790493;0.0;1.0;0.0;1.0;0.0;9.0;0.0;1.0;0.0;1.0;0.0;1.0;0.0;1.0;0.0;1.0;0.0;1.0;0.0;1.0;0.0;1.0;0.0;1.0;0.0;1.0;0.0;1.0;0.0;1.0;0.0;1.0;0.0;1.0;0.0;1.0;0.0;0.0;0.0;0.0;1.0;0.0
0.25678498;0.0;0.25587922;0.0;0.39106935;0.0;0.3057999;0.0;0.1691639;0.0;0.35864323;0.0;0.7198785;0.0;0.065871134;0.0;0.23121631;0.0;0.1468986;0.0;0.22559404;0.0;0.30935687;0.0;0.32508096;0.0;0.26544237;0.0;0.23093954;0.0;0.20022464;0.0;0.19777521;0.0;0.2218159;0.0;1.0;0.0;1.0;0.0;9.0;0.0;1.0;0.0;1.0;0.0;1.0;0.0;1.0;0.0;1.0;0.0;1.0;0.0;1.0;0.0;1.0;0.0;1.0;0.0;1.0;0.0;1.0;0.0;1.0;0.0;1.0;0.0;1.0;0.0;1.0;0.0;0.0;0.0;0.0;1.0;0.0
0.24910906;0.0;0.4159115;0.0;0.39083138;0.0;0.20307977;0.0;0.16202535;0.0;0.35119864;0.0;0.71501046;0.0;0.7150148;0.0;0.12026328;0.0;0.14250745;0.0;0.22259119;0.0;0.30916864;0.0;0.32901245;0.0;0.27305418;0.0;0.22614577;0.0;0.19887067;0.0;0.19887191;0.0;0.22615036;0.0;1.0;0.0;1.0;0.0;9.0;0.0;1.0;0.0;1.0;0.0;1.0;0.0;1.0;0.0;1.0;0.0;1.0;0.0;1.0;0.0;1.0;0.0;1.0;0.0;1.0;0.0;1.0;0.0;1.0;0.0;1.0;0.0;1.0;0.0;1.0;0.0;0.0;0.0;0.0;1.0;0.0
0.24216524;0.0;0.41094214;0.0;0.39106983;0.0;0.2058197;0.0;0.15564673;0.0;0.34446803;0.0;0.71106833;0.0;0.7198838;0.0;0.122812785;0.0;0.1385351;0.0;0.013430436;0.0;0.30935726;0.0;0.33345145;0.0;0.28146854;0.0;0.01953032;0.0;0.19777423;0.0;0.20022614;0.0;0.2309446;0.0;1.0;0.0;1.0;0.0;1.0;0.0;1.0;0.0;1.0;0.0;1.0;0.0;1.0;0.0;1.0;0.0;1.0;0.0;1.0;0.0;1.0;0.0;1.0;0.0;1.0;0.0;1.0;0.0;1.0;0.0;1.0;0.0;1.0;0.0;1.0;0.0;0.0;0.0;0.0;1.0;0.0
0.23587759;0.0;0.40657964;0.0;0.39178622;0.0;0.20889255;0.0;0.14992714;0.0;0.33839503;0.0;0.70802736;0.0;0.7257098;0.0;0.1256291;0.0;0.13493815;0.0;0.01505697;0.0;0.30992395;0.0;0.3384298;0.0;0.15176478;0.0;0.020915974;0.0;0.19692841;0.0;0.20184655;0.0;0.16242877;0.0;1.0;0.0;1.0;0.0;1.0;0.0;1.0;0.0;1.0;0.0;1.0;0.0;1.0;0.0;1.0;0.0;1.0;0.0;1.0;0.0;1.0;0.0;1.0;0.0;1.0;0.0;1.0;0.0;1.0;0.0;1.0;0.0;1.0;0.0;1.0;0.0;0.0;0.0;0.0;1.0;0.0
0.23018155;0.0;0.40279442;0.0;0.39298493;0.0;0.21232116;0.0;0.1447831;0.0;0.44239384;0.0;0.7058686;0.0;0.3164087;0.0;0.12873814;0.0;0.13167961;0.0;0.318632;0.0;0.31087217;0.0;0.2186425;0.0;0.15715723;0.0;0.022542821;0.0;0.196328;0.0;0.20374367;0.0;0.15452781;0.0;1.0;0.0;1.0;0.0;1.0;0.0;1.0;0.0;1.0;0.0;1.0;0.0;1.0;0.0;1.0;0.0;1.0;0.0;1.0;0.0;1.0;0.0;1.0;0.0;1.0;0.0;1.0;0.0;1.0;0.0;1.0;0.0;1.0;0.0;1.0;0.0;0.0;0.0;0.0;1.0;0.0
0.34293836;0.0;0.0;0.0;0.3946733;0.0;0.2161319;0.0;0.27470666;0.0;0.4358867;0.0;0.70457876;0.0;0.31980407;0.0;0.13217007;0.0;0.12872788;0.0;0.31607443;0.0;0.31220776;0.0;0.20415898;0.0;0.16315311;0.0;0.024476422;0.0;0.0;0.0;0.0;0.0;0.14753127;0.0;1.0;0.0;9.0;0.0;1.0;0.0;1.0;0.0;1.0;0.0;1.0;0.0;1.0;0.0;1.0;0.0;1.0;0.0;1.0;0.0;1.0;0.0;1.0;0.0;1.0;0.0;1.0;0.0;1.0;0.0;1.0;0.0;1.0;0.0;1.0;0.0;0.0;0.0;0.0;1.0;0.0
0.33581978;0.0;0.39685935;0.0;0.39686182;0.0;0.22035532;0.0;0.26649496;0.0;0.53650177;0.0;0.70415;0.0;0.2172533;0.0;0.13596019;0.0;0.1260558;0.0;0.31393707;0.0;0.31393903;0.0;0.19169416;0.0;0.16983977;0.0;0.20841785;0.0;0.19584998;0.0;0.0;0.0;0.14130555;0.0;1.0;0.0;9.0;0.0;1.0;0.0;1.0;0.0;1.0;0.0;1.0;0.0;1.0;0.0;1.0;0.0;1.0;0.0;1.0;0.0;1.0;0.0;1.0;0.0;1.0;0.0;1.0;0.0;1.0;0.0;1.0;0.0;1.0;0.0;1.0;0.0;0.0;0.0;0.0;1.0;0.0
0.32938385;0.0;0.39467132;0.0;0.019958792;0.0;0.22502668;0.0;0.25906652;0.0;0.53009164;0.0;0.70457965;0.0;0.22018445;0.0;0.14014989;0.0;0.123639956;0.0;0.3122062;0.0;0.31607682;0.0;0.18087152;0.0;0.1773232;0.0;0.20592768;0.0;0.19596949;0.0;0.0;0.0;0.1357427;0.0;1.0;0.0;9.0;0.0;1.0;0.0;1.0;0.0;1.0;0.0;1.0;0.0;1.0;0.0;1.0;0.0;1.0;0.0;1.0;0.0;1.0;0.0;1.0;0.0;1.0;0.0;1.0;0.0;1.0;0.0;1.0;0.0;1.0;0.0;1.0;0.0;0.0;0.0;0.0;1.0;0.0
0.21865816;0.0;0.39298347;0.0;0.017153123;0.0;0.23018694;0.0;0.25234005;0.0;0.6284937;0.0;0.70587033;0.0;0.22347179;0.0;0.14478803;0.0;0.23271942;0.0;0.31087103;0.0;0.0;0.0;0.25230595;0.0;0.18573324;0.0;0.2037416;0.0;0.19632848;0.0;0.0;0.0;0.1307545;0.0;1.0;0.0;9.0;0.0;1.0;0.0;1.0;0.0;1.0;0.0;1.0;0.0;1.0;0.0;1.0;0.0;1.0;0.0;1.0;0.0;1.0;0.0;1.0;0.0;1.0;0.0;1.0;0.0;1.0;0.0;1.0;0.0;1.0;0.0;1.0;0.0;0.0;0.0;0.0;1.0;0.0
0.23566544;0.0;0.39178526;0.0;0.30255324;0.0;0.17718628;0.0;0.24624649;0.0;0.37548405;0.0;0.70803;0.0;0.22713967;0.0;0.15175965;0.0;0.22896175;0.0;0.3099232;0.0;0.0;0.0;0.25854996;0.0;0.23623498;0.0;0.20184477;0.0;0.19692916;0.0;0.21790497;0.0;0.26528227;0.0;1.0;0.0;9.0;0.0;1.0;0.0;1.0;0.0;1.0;0.0;1.0;0.0;1.0;0.0;1.0;0.0;1.0;0.0;1.0;0.0;1.0;0.0;1.0;0.0;1.0;0.0;1.0;0.0;1.0;0.0;1.0;0.0;1.0;0.0;1.0;0.0;0.0;0.0;0.0;1.0;0.0
0.25587955;0.0;0.39106935;0.0;0.30579996;0.0;0.16916385;0.0;0.35864314;0.0;0.71987844;0.0;0.065871015;0.0;0.23121639;0.0;0.14689854;0.0;0.22559401;0.0;0.30935687;0.0;0.32508102;0.0;0.26544246;0.0;0.23093954;0.0;0.20022464;0.0;0.19777521;0.0;0.22181594;0.0;0.25678483;0.0;1.0;0.0;9.0;0.0;1.0;0.0;1.0;0.0;1.0;0.0;1.0;0.0;1.0;0.0;1.0;0.0;1.0;0.0;1.0;0.0;1.0;0.0;1.0;0.0;1.0;0.0;1.0;0.0;1.0;0.0;1.0;0.0;1.0;0.0;1.0;0.0;0.0;0.0;0.0;1.0;0.0
0.41591138;0.0;0.39083138;0.0;0.20307982;0.0;0.16202524;0.0;0.3511986;0.0;0.7150104;0.0;0.7150149;0.0;0.1202633;0.0;0.14250739;0.0;0.22259116;0.0;0.30916864;0.0;0.3290125;0.0;0.2730543;0.0;0.22614577;0.0;0.19887066;0.0;0.19887193;0.0;0.22615042;0.0;0.24910894;0.0;1.0;0.0;9.0;0.0;1.0;0.0;1.0;0.0;1.0;0.0;1.0;0.0;1.0;0.0;1.0;0.0;1.0;0.0;1.0;0.0;1.0;0.0;1.0;0.0;1.0;0.0;1.0;0.0;1.0;0.0;1.0;0.0;1.0;0.0;1.0;0.0;0.0;0.0;0.0;1.0;0.0
0.41094208;0.0;0.39106986;0.0;0.20581976;0.0;0.1556467;0.0;0.34446794;0.0;0.7110683;0.0;0.7198838;0.0;0.12281282;0.0;0.13853505;0.0;0.013430446;0.0;0.3093573;0.0;0.3334515;0.0;0.28146866;0.0;0.01953032;0.0;0.1977742;0.0;0.20022616;0.0;0.23094468;0.0;0.24216509;0.0;1.0;0.0;1.0;0.0;1.0;0.0;1.0;0.0;1.0;0.0;1.0;0.0;1.0;0.0;1.0;0.0;1.0;0.0;1.0;0.0;1.0;0.0;1.0;0.0;1.0;0.0;1.0;0.0;1.0;0.0;1.0;0.0;1.0;0.0;1.0;0.0;0.0;0.0;0.0;1.0;0.0
0.40657958;0.0;0.39178622;0.0;0.20889261;0.0;0.14992706;0.0;0.33839497;0.0;0.7080273;0.0;0.7257098;0.0;0.12562913;0.0;0.13493809;0.0;0.015056983;0.0;0.30992395;0.0;0.3384299;0.0;0.15176487;0.0;0.020915974;0.0;0.19692841;0.0;0.20184657;0.0;0.16242865;0.0;0.23587747;0.0;1.0;0.0;1.0;0.0;1.0;0.0;1.0;0.0;1.0;0.0;1.0;0.0;1.0;0.0;1.0;0.0;1.0;0.0;1.0;0.0;1.0;0.0;1.0;0.0;1.0;0.0;1.0;0.0;1.0;0.0;1.0;0.0;1.0;0.0;1.0;0.0;0.0;0.0;0.0;1.0;0.0
0.40279436;0.0;0.39298493;0.0;0.2123212;0.0;0.14478306;0.0;0.44239372;0.0;0.7058686;0.0;0.3164087;0.0;0.12873816;0.0;0.13167956;0.0;0.31863198;0.0;0.3108722;0.0;0.21864228;0.0;0.15715732;0.0;0.022542821;0.0;0.19632798;0.0;0.2037437;0.0;0.15452772;0.0;0.23018143;0.0;1.0;0.0;1.0;0.0;1.0;0.0;1.0;0.0;1.0;0.0;1.0;0.0;1.0;0.0;1.0;0.0;1.0;0.0;1.0;0.0;1.0;0.0;1.0;0.0;1.0;0.0;1.0;0.0;1.0;0.0;1.0;0.0;1.0;0.0;1.0;0.0;0.0;0.0;0.0;1.0;0.0
0.0;0.0;0.3946733;0.0;0.21613196;0.0;0.27470654;0.0;0.43588668;0.0;0.70457876;0.0;0.3198041;0.0;0.13217011;0.0;0.12872784;0.0;0.31607443;0.0;0.3122078;0.0;0.20415881;0.0;0.1631532;0.0;0.024476422;0.0;0.0;0.0;0.0;0.0;0.14753118;0.0;0.34293824;0.0;9.0;0.0;1.0;0.0;1.0;0.0;1.0;0.0;1.0;0.0;1.0;0.0;1.0;0.0;1.0;0.0;1.0;0.0;1.0;0.0;1.0;0.0;1.0;0.0;1.0;0.0;1.0;0.0;1.0;0.0;1.0;0.0;1.0;0.0;1.0;0.0;0.0;0.0;0.0;1.0;0.0
0.39685935;0.0;0.39686182;0.0;0.22035536;0.0;0.26649493;0.0;0.53650177;0.0;0.70415;0.0;0.21725333;0.0;0.13596025;0.0;0.12605576;0.0;0.31393704;0.0;0.31393903;0.0;0.19169399;0.0;0.16983986;0.0;0.20841785;0.0;0.19584998;0.0;0.0;0.0;0.14130548;0.0;0.33581966;0.0;9.0;0.0;1.0;0.0;1.0;0.0;1.0;0.0;1.0;0.0;1.0;0.0;1.0;0.0;1.0;0.0;1.0;0.0;1.0;0.0;1.0;0.0;1.0;0.0;1.0;0.0;1.0;0.0;1.0;0.0;1.0;0.0;1.0;0.0;1.0;0.0;0.0;0.0;0.0;1.0;0.0
0.3946713;0.0;0.01995877;0.0;0.22502677;0.0;0.25906646;0.0;0.5300916;0.0;0.7045797;0.0;0.22018448;0.0;0.14014995;0.0;0.12363993;0.0;0.3122062;0.0;0.31607684;0.0;0.18087137;0.0;0.17732331;0.0;0.20592768;0.0;0.19596949;0.0;0.0;0.0;0.13574263;0.0;0.32938373;0.0;9.0;0.0;1.0;0.0;1.0;0.0;1.0;0.0;1.0;0.0;1.0;0.0;1.0;0.0;1.0;0.0;1.0;0.0;1.0;0.0;1.0;0.0;1.0;0.0;1.0;0.0;1.0;0.0;1.0;0.0;1.0;0.0;1.0;0.0;1.0;0.0;0.0;0.0;0.0;1.0;0.0
0.39298344;0.0;0.017153108;0.0;0.23018703;0.0;0.25234002;0.0;0.62849367;0.0;0.7058704;0.0;0.22347179;0.0;0.14478809;0.0;0.23271938;0.0;0.31087103;0.0;0.0;0.0;0.25230604;0.0;0.18573338;0.0;0.2037416;0.0;0.19632849;0.0;0.0;0.0;0.13075444;0.0;0.21865848;0.0;9.0;0.0;1.0;0.0;1.0;0.0;1.0;0.0;1.0;0.0;1.0;0.0;1.0;0.0;1.0;0.0;1.0;0.0;1.0;0.0;1.0;0.0;1.0;0.0;1.0;0.0;1.0;0.0;1.0;0.0;1.0;0.0;1.0;0.0;1.0;0.0;0.0;0.0;0.0;1.0;0.0
0.39178523;0.0;0.30255327;0.0;0.17718618;0.0;0.24624641;0.0;0.3754846;0.0;0.70803;0.0;0.22713968;0.0;0.1517596;0.0;0.22896174;0.0;0.3099232;0.0;0.0;0.0;0.25855005;0.0;0.2362349;0.0;0.20184477;0.0;0.19692917;0.0;0.21790501;0.0;0.26528215;0.0;0.23566577;0.0;9.0;0.0;1.0;0.0;1.0;0.0;1.0;0.0;1.0;0.0;1.0;0.0;1.0;0.0;1.0;0.0;1.0;0.0;1.0;0.0;1.0;0.0;1.0;0.0;1.0;0.0;1.0;0.0;1.0;0.0;1.0;0.0;1.0;0.0;1.0;0.0;1.0;0.0;0.0;0.0;0.0
0.38178527;0.0;0.2921756;0.0;0.22355294;0.0;0.24708764;0.0;0.3342467;0.0;0.7087313;0.0;0.22791567;0.0;0.15093665;0.0;0.2398813;0.0;0.31992316;0.0;0.0;0.0;0.27088076;0.0;0.23539367;0.0;0.20112601;0.0;0.19622791;0.0;0.21712907;0.0;0.25141466;0.0;0.23395105;0.0;9.0;0.0;1.0;0.0;1.0;0.0;1.0;0.0;1.0;0.0;1.0;0.0;1.0;0.0;1.0;0.0;1.0;0.0;1.0;0.0;1.0;0.0;1.0;0.0;1.0;0.0;1.0;0.0;1.0;0.0;1.0;0.0;1.0;0.0;1.0;0.0;1.0;0.0;0.0;0.0;0.0
0.3717853;0.0;0.2817979;0.0;0.21122222;0.0;0.24792889;0.0;0.62408;0.0;0.70943254;0.0;0.22869162;0.0;0.15194064;0.0;0.2508009;0.0;0.32992312;0.0;0.0;0.0;0.28321147;0.0;0.23455243;0.0;0.20040722;0.0;0.19552664;0.0;0.2163531;0.0;0.23754713;0.0;0.2322363;0.0;9.0;0.0;1.0;0.0;1.0;0.0;1.0;0.0;1.0;0.0;1.0;0.0;1.0;0.0;1.0;0.0;1.0;0.0;1.0;0.0;1.0;0.0;1.0;0.0;1.0;0.0;1.0;0.0;1.0;0.0;1.0;0.0;1.0;0.0;1.0;0.0;1.0;0.0;0.0;0.0;0.0
0.36178535;0.0;0.022645283;0.0;0.1988915;0.0;0.24877012;0.0;0.6247987;0.0;0.7101338;0.0;0.22946759;0.0;0.15294465;0.0;0.15225776;0.0;0.33992308;0.0;0.3527627;0.0;0.29554218;0.0;0.069916025;0.0;0.19968846;0.0;0.19482538;0.0;0.21557716;0.0;0.22367963;0.0;0.23052153;0.0;9.0;0.0;1.0;0.0;1.0;0.0;1.0;0.0;1.0;0.0;1.0;0.0;1.0;0.0;1.0;0.0;1.0;0.0;1.0;0.0;1.0;0.0;1.0;0.0;1.0;0.0;1.0;0.0;1.0;0.0;1.0;0.0;1.0;0.0;1.0;0.0;1.0;0.0;0.0;0.0;0.0
0.35178536;0.0;0.025175342;0.0;0.1865608;0.0;0.24961135;0.0;0.5224566;0.0;0.7108351;0.0;0.23024353;0.0;0.15394863;0.0;0.16317734;0.0;0.34992307;0.0;0.3631404;0.0;0.3078729;0.0;0.08775582;0.0;0.0;0.0;0.19412412;0.0;0.21480119;0.0;0.20981213;0.0;0.22880681;0.0;9.0;0.0;1.0;0.0;1.0;0.0;1.0;0.0;1.0;0.0;1.0;0.0;1.0;0.0;1.0;0.0;1.0;0.0;1.0;0.0;1.0;0.0;1.0;0.0;1.0;0.0;1.0;0.0;1.0;0.0;1.0;0.0;1.0;0.0;1.0;0.0;1.0;0.0;0.0;0.0;0.0
0.34178537;0.0;0.027705397;0.0;0.17423008;0.0;0.25045258;0.0;0.52317536;0.0;0.7115363;0.0;0.3422807;0.0;0.15495263;0.0;0.17409693;0.0;0.35992303;0.0;0.37351808;0.0;0.3202036;0.0;0.105595626;0.0;0.0;0.0;0.19342284;0.0;0.093417905;0.0;0.19594464;0.0;0.22709206;0.0;9.0;0.0;1.0;0.0;1.0;0.0;1.0;0.0;1.0;0.0;1.0;0.0;1.0;0.0;1.0;0.0;1.0;0.0;1.0;0.0;1.0;0.0;1.0;0.0;1.0;0.0;1.0;0.0;1.0;0.0;1.0;0.0;1.0;0.0;1.0;0.0;1.0;0.0;0.0;0.0;0.0
0.3317854;0.0;0.030235458;0.0;0.16189937;0.0;0.13067348;0.0;0.5238942;0.0;0.7122376;0.0;0.34305662;0.0;0.15595664;0.0;0.18501653;0.0;0.36992303;0.0;0.38389575;0.0;0.20892589;0.0;0.12343542;0.0;0.0;0.0;0.19272158;0.0;0.07066265;0.0;0.18207712;0.0;0.22537729;0.0;9.0;0.0;1.0;0.0;1.0;0.0;1.0;0.0;1.0;0.0;1.0;0.0;1.0;0.0;1.0;0.0;1.0;0.0;1.0;0.0;1.0;0.0;1.0;0.0;1.0;0.0;1.0;0.0;1.0;0.0;1.0;0.0;1.0;0.0;1.0;0.0;1.0;0.0;0.0;0.0;0.0
0.32178545;0.0;0.032765515;0.0;0.14956866;0.0;0.13151471;0.0;0.42155203;0.0;0.0;0.0;0.34383258;0.0;0.15696064;0.0;0.19593611;0.0;0.379923;0.0;0.39427346;0.0;0.22125661;0.0;0.14127524;0.0;0.19681337;0.0;0.0;0.0;0.04790739;0.0;0.16820961;0.0;0.35137758;0.0;9.0;0.0;1.0;0.0;1.0;0.0;1.0;0.0;1.0;0.0;1.0;0.0;1.0;0.0;1.0;0.0;1.0;0.0;1.0;0.0;1.0;0.0;1.0;0.0;1.0;0.0;1.0;0.0;1.0;0.0;1.0;0.0;1.0;0.0;1.0;0.0;1.0;0.0;0.0;0.0;0.0
0.3117855;0.0;0.035295572;0.0;0.13723795;0.0;0.13235596;0.0;0.42227077;0.0;0.7136401;0.0;0.34460855;0.0;0.15796463;0.0;0.2068557;0.0;0.38992295;0.0;0.40465117;0.0;0.23358731;0.0;0.15911505;0.0;0.1960946;0.0;0.19131905;0.0;0.025152128;0.0;0.15434211;0.0;0.34045798;0.0;9.0;0.0;1.0;0.0;1.0;0.0;1.0;0.0;1.0;0.0;1.0;0.0;1.0;0.0;1.0;0.0;1.0;0.0;1.0;0.0;1.0;0.0;1.0;0.0;1.0;0.0;1.0;0.0;1.0;0.0;1.0;0.0;1.0;0.0;1.0;0.0;1.0;0.0;0.0;0.0;0.0
0.30178553;0.0;0.037825633;0.0;0.12490724;0.0;0.13319719;0.0;0.31992868;0.0;0.7143414;0.0;0.3453845;0.0;0.15896863;0.0;0.2177753;0.0;0.3999229;0.0;0.41502887;0.0;0.24591804;0.0;0.2286638;0.0;0.19537583;0.0;0.19061778;0.0;0.0023968704;0.0;0.1404746;0.0;0.3295384;0.0;9.0;0.0;1.0;0.0;1.0;0.0;1.0;0.0;1.0;0.0;1.0;0.0;1.0;0.0;1.0;0.0;1.0;0.0;1.0;0.0;1.0;0.0;1.0;0.0;1.0;0.0;1.0;0.0;1.0;0.0;1.0;0.0;1.0;0.0;1.0;0.0;1.0;0.0;0.0;0.0;0.0
0.29178554;0.0;0.04035569;0.0;0.11257653;0.0;0.13403842;0.0;0.32064742;0.0;0.71504265;0.0;0.79120517;0.0;0.15997262;0.0;0.22869489;0.0;0.4099229;0.0;0.42540652;0.0;0.25824875;0.0;0.22782257;0.0;0.19465707;0.0;0.18991652;0.0;0.21014543;0.0;0.265621;0.0;0.31861883;0.0;9.0;0.0;1.0;0.0;1.0;0.0;1.0;0.0;1.0;0.0;1.0;0.0;1.0;0.0;1.0;0.0;1.0;0.0;1.0;0.0;1.0;0.0;1.0;0.0;1.0;0.0;1.0;0.0;1.0;0.0;1.0;0.0;1.0;0.0;1.0;0.0;1.0;0.0;0.0;0.0;0.0
0.28178555;0.0;0.29242915;0.0;0.10024582;0.0;0.13487965;0.0;0.3213662;0.0;0.7157439;0.0;0.7919811;0.0;0.16097662;0.0;0.23961449;0.0;0.4199229;0.0;0.4357842;0.0;0.27057946;0.0;0.22698133;0.0;0.1939383;0.0;0.18921526;0.0;0.20936947;0.0;0.2517535;0.0;0.30769923;0.0;9.0;0.0;1.0;0.0;1.0;0.0;1.0;0.0;1.0;0.0;1.0;0.0;1.0;0.0;1.0;0.0;1.0;0.0;1.0;0.0;1.0;0.0;1.0;0.0;1.0;0.0;1.0;0.0;1.0;0.0;1.0;0.0;1.0;0.0;1.0;0.0;1.0;0.0;0.0;0.0;0.0
0.2717856;0.0;0.28205147;0.0;0.08791511;0.0;0.13572088;0.0;0.21902406;0.0;0.7164452;0.0;0.7927571;0.0;0.305939;0.0;0.2505341;0.0;0.42992282;0.0;0.4461619;0.0;0.28291017;0.0;0.051640294;0.0;0.19321953;0.0;0.188514;0.0;0.20859352;0.0;0.237886;0.0;0.29677963;0.0;9.0;0.0;1.0;0.0;1.0;0.0;1.0;0.0;1.0;0.0;1.0;0.0;1.0;0.0;1.0;0.0;1.0;0.0;1.0;0.0;1.0;0.0;1.0;0.0;1.0;0.0;1.0;0.0;1.0;0.0;1.0;0.0;1.0;0.0;1.0;0.0;1.0;0.0;0.0;0.0;0.0
0.26178563;0.0;0.2716738;0.0;0.0755844;0.0;0.13656211;0.0;0.21974285;0.0;0.71714646;0.0;0.793533;0.0;0.306943;0.0;0.2614537;0.0;0.4399228;0.0;0.45653957;0.0;0.29524088;0.0;0.0694801;0.0;0.19250076;0.0;0.18781273;0.0;0.20781755;0.0;0.2240185;0.0;0.28586003;0.0;9.0;0.0;1.0;0.0;1.0;0.0;1.0;0.0;1.0;0.0;1.0;0.0;1.0;0.0;1.0;0.0;1.0;0.0;1.0;0.0;1.0;0.0;1.0;0.0;1.0;0.0;1.0;0.0;1.0;0.0;1.0;0.0;1.0;0.0;1.0;0.0;1.0;0.0;0.0;0.0;0.0
0.25178567;0.0;0.2612961;0.0;0.18686211;0.0;0.13740334;0.0;0.117400706;0.0;0.7178477;0.0;0.56759703;0.0;0.30794698;0.0;0.27237326;0.0;0.44992274;0.0;0.46691728;0.0;0.3075716;0.0;0.087319896;0.0;0.0;0.0;0.18711147;0.0;0.20704159;0.0;0.21015099;0.0;0.27494043;0.0;9.0;0.0;1.0;0.0;1.0;0.0;1.0;0.0;1.0;0.0;1.0;0.0;1.0;0.0;1.0;0.0;1.0;0.0;1.0;0.0;1.0;0.0;1.0;0.0;1.0;0.0;1.0;0.0;1.0;0.0;1.0;0.0;1.0;0.0;1.0;0.0;1.0;0.0;0.0;0.0;0.0
0.24178569;0.0;0.25091842;0.0;0.1745314;0.0;0.07367424;0.0;0.11811948;0.0;0.71854895;0.0;0.59035236;0.0;0.30895096;0.0;0.28329286;0.0;0.45992273;0.0;0.47729498;0.0;0.19629388;0.0;0.1051597;0.0;0.0;0.0;0.1864102;0.0;0.20626561;0.0;0.19628349;0.0;0.26402086;0.0;9.0;0.0;1.0;0.0;1.0;0.0;1.0;0.0;1.0;0.0;1.0;0.0;1.0;0.0;1.0;0.0;1.0;0.0;1.0;0.0;1.0;0.0;1.0;0.0;1.0;0.0;1.0;0.0;1.0;0.0;1.0;0.0;1.0;0.0;1.0;0.0;1.0;0.0;0.0;0.0;0.0
0.2317857;0.0;0.24054071;0.0;0.16220067;0.0;0.055834435;0.0;0.11883825;0.0;0.71925026;0.0;0.61310756;0.0;0.30995497;0.0;0.29421243;0.0;0.46992272;0.0;0.48767266;0.0;0.20862457;0.0;0.122999504;0.0;0.0;0.0;0.18570893;0.0;0.071218684;0.0;0.18241599;0.0;0.25310126;0.0;9.0;0.0;1.0;0.0;1.0;0.0;1.0;0.0;1.0;0.0;1.0;0.0;1.0;0.0;1.0;0.0;1.0;0.0;1.0;0.0;1.0;0.0;1.0;0.0;1.0;0.0;1.0;0.0;1.0;0.0;1.0;0.0;1.0;0.0;1.0;0.0;1.0;0.0;0.0;0.0;0.0
0.22178574;0.0;0.23016302;0.0;0.14986996;0.0;0.037994638;0.0;0.11955702;0.0;0.0;0.0;0.6358629;0.0;0.31095898;0.0;0.30513203;0.0;0.47992268;0.0;0.49805036;0.0;0.2209553;0.0;0.14083931;0.0;0.18962568;0.0;0.0;0.0;0.048463427;0.0;0.16854848;0.0;0.24218169;0.0;9.0;0.0;1.0;0.0;1.0;0.0;1.0;0.0;1.0;0.0;1.0;0.0;1.0;0.0;1.0;0.0;1.0;0.0;1.0;0.0;1.0;0.0;1.0;0.0;1.0;0.0;1.0;0.0;1.0;0.0;1.0;0.0;1.0;0.0;1.0;0.0;1.0;0.0;0.0;0.0;0.0
0.21178576;0.0;0.21978533;0.0;0.13753925;0.0;0.020154838;0.0;0.12027578;0.0;0.72065276;0.0;0.65861815;0.0;0.31196296;0.0;0.31605163;0.0;0.48992267;0.0;0.50842804;0.0;0.233286;0.0;0.15867911;0.0;0.18890692;0.0;0.18430641;0.0;0.025708165;0.0;0.15468097;0.0;0.23126209;0.0;9.0;0.0;1.0;0.0;1.0;0.0;1.0;0.0;1.0;0.0;1.0;0.0;1.0;0.0;1.0;0.0;1.0;0.0;1.0;0.0;1.0;0.0;1.0;0.0;1.0;0.0;1.0;0.0;1.0;0.0;1.0;0.0;1.0;0.0;1.0;0.0;1.0;0.0;0.0;0.0;0.0
0.2017858;0.0;0.20940766;0.0;0.12520854;0.0;0.0023150365;0.0;0.12099455;0.0;0.72135407;0.0;0.7981888;0.0;0.31296697;0.0;0.32697123;0.0;0.4999226;0.0;0.51880574;0.0;0.24561672;0.0;0.22025147;0.0;0.18818815;0.0;0.18360513;0.0;0.002952906;0.0;0.14081347;0.0;0.22034249;0.0;9.0;0.0;1.0;0.0;1.0;0.0;1.0;0.0;1.0;0.0;1.0;0.0;1.0;0.0;1.0;0.0;1.0;0.0;1.0;0.0;1.0;0.0;1.0;0.0;1.0;0.0;1.0;0.0;1.0;0.0;1.0;0.0;1.0;0.0;1.0;0.0;1.0;0.0;0.0;0.0;0.0
0.19178583;0.0;0.19902995;0.0;0.11287783;0.0;0.0;0.0;0.121713325;0.0;0.7220553;0.0;0.7989648;0.0;0.31397098;0.0;0.3378908;0.0;0.5099226;0.0;0.52918345;0.0;0.25794742;0.0;0.21941023;0.0;0.18746938;0.0;0.18290387;0.0;0.0;0.0;0.12694596;0.0;0.2094229;0.0;9.0;0.0;1.0;0.0;1.0;0.0;1.0;0.0;1.0;0.0;1.0;0.0;1.0;0.0;1.0;0.0;1.0;0.0;1.0;0.0;1.0;0.0;1.0;0.0;1.0;0.0;1.0;0.0;1.0;0.0;1.0;0.0;1.0;0.0;1.0;0.0;1.0;0.0;0.0;0.0;0.0
0.18178585;0.0;0.18865228;0.0;0.10054712;0.0;0.0;0.0;0.1224321;0.0;0.0;0.0;0.79974073;0.0;0.31497496;0.0;0.3488104;0.0;0.5199226;0.0;0.53956115;0.0;0.27027816;0.0;0.21856901;0.0;0.1867506;0.0;0.1822026;0.0;0.20160988;0.0;0.116900146;0.0;0.0;0.0;9.0;0.0;1.0;0.0;1.0;0.0;1.0;0.0;1.0;0.0;1.0;0.0;1.0;0.0;1.0;0.0;1.0;0.0;1.0;0.0;1.0;0.0;1.0;0.0;1.0;0.0;1.0;0.0;1.0;0.0;1.0;0.0;1.0;0.0;9.0;0.0;1.0;0.0;0.0;0.0;0.0
0.17178589;0.0;0.17827459;0.0;0.08821642;0.0;0.14413321;0.0;0.12315086;0.0;0.12015172;0.0;0.8005167;0.0;0.31597894;0.0;0.35973;0.0;0.52992254;0.0;0.5499388;0.0;0.28260887;0.0;0.051204372;0.0;0.18603185;0.0;0.18150134;0.0;0.20083392;0.0;0.11589615;0.0;0.0;0.0;9.0;0.0;1.0;0.0;1.0;0.0;1.0;0.0;1.0;0.0;1.0;0.0;1.0;0.0;1.0;0.0;1.0;0.0;1.0;0.0;1.0;0.0;1.0;0.0;1.0;0.0;1.0;0.0;1.0;0.0;1.0;0.0;1.0;0.0;9.0;0.0;1.0;0.0;0.0;0.0;0.0
0.16178592;0.0;0.1678969;0.0;0.034349643;0.0;0.14497444;0.0;0.123869635;0.0;0.12085299;0.0;0.8012926;0.0;0.4609413;0.0;0.3706496;0.0;0.53992254;0.0;0.28952613;0.0;0.29493958;0.0;0.06904417;0.0;0.18531308;0.0;0.18080008;0.0;0.20005795;0.0;0.11489215;0.0;0.0;0.0;9.0;0.0;1.0;0.0;1.0;0.0;1.0;0.0;1.0;0.0;1.0;0.0;1.0;0.0;1.0;0.0;1.0;0.0;1.0;0.0;1.0;0.0;1.0;0.0;1.0;0.0;1.0;0.0;1.0;0.0;1.0;0.0;1.0;0.0;9.0;0.0;1.0;0.0;0.0;0.0;0.0
0.15178594;0.0;0.1575192;0.0;0.03553614;0.0;0.14581567;0.0;0.0;0.0;0.121554255;0.0;0.8020686;0.0;0.4619453;0.0;0.38156918;0.0;0.54992247;0.0;0.28699607;0.0;0.18366185;0.0;0.08688398;0.0;0.0;0.0;0.1800988;0.0;0.19928199;0.0;0.11388816;0.0;0.0;0.0;9.0;0.0;1.0;0.0;1.0;0.0;1.0;0.0;1.0;0.0;1.0;0.0;1.0;0.0;1.0;0.0;1.0;0.0;1.0;0.0;1.0;0.0;1.0;0.0;1.0;0.0;1.0;0.0;1.0;0.0;1.0;0.0;1.0;0.0;9.0;0.0;1.0;0.0;0.0;0.0;0.0
0.14178598;0.0;0.14714152;0.0;0.036722638;0.0;0.074110165;0.0;0.0;0.0;0.12225552;0.0;0.5897963;0.0;0.46294934;0.0;0.39248878;0.0;0.55992246;0.0;0.28446603;0.0;0.19599256;0.0;0.104723774;0.0;0.0;0.0;0.17939755;0.0;0.19850603;0.0;0.11288415;0.0;0.0;0.0;9.0;0.0;1.0;0.0;1.0;0.0;1.0;0.0;1.0;0.0;1.0;0.0;1.0;0.0;1.0;0.0;1.0;0.0;1.0;0.0;1.0;0.0;1.0;0.0;1.0;0.0;1.0;0.0;1.0;0.0;1.0;0.0;1.0;0.0;9.0;0.0;1.0;0.0;0.0;0.0;0.0
0.131786;0.0;0.13676383;0.0;0.03790913;0.0;0.05627036;0.0;0.0;0.0;0.12295679;0.0;0.0;0.0;0.46395332;0.0;0.40340838;0.0;0.56992245;0.0;0.281936;0.0;0.20832328;0.0;0.122563586;0.0;0.0;0.0;0.17869629;0.0;0.07177472;0.0;0.11188016;0.0;0.0;0.0;9.0;0.0;1.0;0.0;1.0;0.0;1.0;0.0;1.0;0.0;1.0;0.0;1.0;0.0;1.0;0.0;1.0;0.0;1.0;0.0;1.0;0.0;1.0;0.0;1.0;0.0;1.0;0.0;1.0;0.0;1.0;0.0;1.0;0.0;9.0;0.0;1.0;0.0;0.0;0.0;0.0
0.121786036;0.0;0.12638614;0.0;0.03909563;0.0;0.038430564;0.0;0.12674472;0.0;0.123658046;0.0;0.0;0.0;0.46495733;0.0;0.41432795;0.0;0.5799224;0.0;0.2794059;0.0;0.22065398;0.0;0.14040339;0.0;0.18243799;0.0;0.0;0.0;0.04901946;0.0;0.110876165;0.0;0.0;0.0;9.0;0.0;1.0;0.0;1.0;0.0;1.0;0.0;1.0;0.0;1.0;0.0;1.0;0.0;1.0;0.0;1.0;0.0;1.0;0.0;1.0;0.0;1.0;0.0;1.0;0.0;1.0;0.0;1.0;0.0;1.0;0.0;1.0;0.0;9.0;0.0;1.0;0.0;0.0;0.0;0.0
0.11178607;0.0;0.116008446;0.0;0.040282123;0.0;0.020590762;0.0;0.12746349;0.0;0.12435931;0.0;0.0;0.0;0.4659613;0.0;0.42524758;0.0;0.58992237;0.0;0.27687585;0.0;0.2329847;0.0;0.21268038;0.0;0.18171921;0.0;0.17729375;0.0;0.0262642;0.0;0.10987216;0.0;0.0;0.0;9.0;0.0;1.0;0.0;1.0;0.0;1.0;0.0;1.0;0.0;1.0;0.0;1.0;0.0;1.0;0.0;1.0;0.0;1.0;0.0;1.0;0.0;1.0;0.0;1.0;0.0;1.0;0.0;1.0;0.0;1.0;0.0;1.0;0.0;9.0;0.0;1.0;0.0;0.0;0.0;0.0
0.10178609;0.0;0.105630755;0.0;0.04146862;0.0;0.0027509606;0.0;0.12818226;0.0;0.12506059;0.0;0.0;0.0;0.4669653;0.0;0.43616715;0.0;0.5999223;0.0;0.27434582;0.0;0.2453154;0.0;0.21183915;0.0;0.18100044;0.0;0.1765925;0.0;0.0035089417;0.0;0.10886817;0.0;0.0;0.0;9.0;0.0;1.0;0.0;1.0;0.0;1.0;0.0;1.0;0.0;1.0;0.0;1.0;0.0;1.0;0.0;1.0;0.0;1.0;0.0;1.0;0.0;1.0;0.0;1.0;0.0;1.0;0.0;1.0;0.0;1.0;0.0;1.0;0.0;9.0;0.0;1.0;0.0;0.0;0.0;0.0
0.091786124;0.0;0.095253065;0.0;0.042655118;0.0;0.0;0.0;0.12890102;0.0;0.12576184;0.0;0.01924633;0.0;0.46796933;0.0;0.30751532;0.0;0.6099223;0.0;0.27181575;0.0;0.25764614;0.0;0.21099791;0.0;0.18028168;0.0;0.17589122;0.0;0.0;0.0;0.107864164;0.0;0.0;0.0;9.0;0.0;1.0;0.0;1.0;0.0;1.0;0.0;1.0;0.0;1.0;0.0;1.0;0.0;1.0;0.0;1.0;0.0;1.0;0.0;1.0;0.0;1.0;0.0;1.0;0.0;1.0;0.0;1.0;0.0;1.0;0.0;1.0;0.0;9.0;0.0;1.0;0.0;0.0;0.0;0.0
0.08178615;0.0;0.0;0.0;0.043841608;0.0;0.031083971;0.0;0.12961979;0.0;0.0;0.0;0.13993327;0.0;0.4689733;0.0;0.3092301;0.0;0.6199223;0.0;0.53930753;0.0;0.26997682;0.0;0.032928646;0.0;0.17956291;0.0;0.17518996;0.0;0.082589075;0.0;0.106860176;0.0;0.0;0.0;9.0;0.0;9.0;0.0;1.0;0.0;1.0;0.0;1.0;0.0;1.0;0.0;1.0;0.0;1.0;0.0;1.0;0.0;1.0;0.0;1.0;0.0;1.0;0.0;1.0;0.0;1.0;0.0;1.0;0.0;1.0;0.0;1.0;0.0;9.0;0.0;1.0;0.0;0.0;0.0;0.0
0.07178618;0.0;0.0;0.0;0.088517725;0.0;0.031925205;0.0;0.13033856;0.0;0.12716438;0.0;0.14070925;0.0;0.4699773;0.0;0.31094486;0.0;0.6299223;0.0;0.54968524;0.0;0.28230757;0.0;0.050768446;0.0;0.17884414;0.0;0.1744887;0.0;0.08181312;0.0;0.0;0.0;0.0;0.0;9.0;0.0;9.0;0.0;1.0;0.0;1.0;0.0;1.0;0.0;1.0;0.0;1.0;0.0;1.0;0.0;1.0;0.0;1.0;0.0;1.0;0.0;1.0;0.0;1.0;0.0;1.0;0.0;1.0;0.0;1.0;0.0;9.0;0.0;9.0;0.0;1.0;0.0;0.0;0.0;0.0
0.061786212;0.0;0.0;0.0;0.076187015;0.0;0.03276644;0.0;0.13105734;0.0;0.12786564;0.0;0.1414852;0.0;0.053331606;0.0;0.31265956;0.0;0.63992226;0.0;0.56006294;0.0;0.17102984;0.0;0.06860825;0.0;0.17812537;0.0;0.17378743;0.0;0.08103716;0.0;0.0;0.0;0.06746821;0.0;9.0;0.0;9.0;0.0;1.0;0.0;1.0;0.0;1.0;0.0;1.0;0.0;1.0;0.0;1.0;0.0;1.0;0.0;1.0;0.0;1.0;0.0;1.0;0.0;1.0;0.0;1.0;0.0;1.0;0.0;1.0;0.0;9.0;0.0;9.0;0.0;1.0;0.0;0.0;0.0;0.0
0.051786236;0.0;0.0;0.0;0.0638563;0.0;0.03360767;0.0;0.0;0.0;0.1285669;0.0;0.14226116;0.0;0.06719911;0.0;0.31437433;0.0;0.6499222;0.0;0.57044065;0.0;0.18336055;0.0;0.08644806;0.0;0.0;0.0;0.17308617;0.0;0.0802612;0.0;0.0;0.0;0.056548618;0.0;9.0;0.0;9.0;0.0;1.0;0.0;1.0;0.0;1.0;0.0;1.0;0.0;1.0;0.0;1.0;0.0;1.0;0.0;1.0;0.0;1.0;0.0;1.0;0.0;1.0;0.0;1.0;0.0;1.0;0.0;1.0;0.0;9.0;0.0;9.0;0.0;1.0;0.0;0.0;0.0;0.0
0.04178627;0.0;0.0;0.0;0.051525593;0.0;0.0344489;0.0;0.0;0.0;0.12926817;0.0;0.14303711;0.0;0.08106662;0.0;0.3160891;0.0;0.6599222;0.0;0.5808183;0.0;0.19569126;0.0;0.10428785;0.0;0.0;0.0;0.17238489;0.0;0.07948524;0.0;0.0;0.0;0.045629032;0.0;9.0;0.0;9.0;0.0;1.0;0.0;1.0;0.0;1.0;0.0;1.0;0.0;1.0;0.0;1.0;0.0;1.0;0.0;1.0;0.0;1.0;0.0;1.0;0.0;1.0;0.0;1.0;0.0;1.0;0.0;1.0;0.0;9.0;0.0;9.0;0.0;1.0;0.0;0.0;0.0;0.0
0.031786297;0.0;0.0;0.0;0.0;0.0;0.035290133;0.0;0.030152734;0.0;0.12996943;0.0;0.0;0.0;0.09493412;0.0;0.3178038;0.0;0.6699221;0.0;0.59119594;0.0;0.20802197;0.0;0.12212767;0.0;0.17596906;0.0;0.17168364;0.0;0.0;0.0;0.0;0.0;0.03470944;0.0;9.0;0.0;9.0;0.0;9.0;0.0;1.0;0.0;1.0;0.0;1.0;0.0;1.0;0.0;1.0;0.0;1.0;0.0;1.0;0.0;1.0;0.0;1.0;0.0;1.0;0.0;1.0;0.0;1.0;0.0;9.0;0.0;9.0;0.0;9.0;0.0;1.0;0.0;0.0;0.0;0.0
0.021786327;0.0;0.0;0.0;0.0;0.0;0.036131367;0.0;0.030871505;0.0;0.1306707;0.0;0.0;0.0;0.108801626;0.0;0.31951857;0.0;0.6799221;0.0;0.60157365;0.0;0.22035268;0.0;0.13996747;0.0;0.17525029;0.0;0.0;0.0;0.0;0.0;0.0;0.0;0.02378985;0.0;9.0;0.0;9.0;0.0;9.0;0.0;1.0;0.0;1.0;0.0;1.0;0.0;1.0;0.0;1.0;0.0;1.0;0.0;1.0;0.0;1.0;0.0;1.0;0.0;1.0;0.0;1.0;0.0;1.0;0.0;9.0;0.0;9.0;0.0;9.0;0.0;1.0;0.0;0.0;0.0;0.0
0.011786356;0.0;0.0;0.0;0.0;0.0;0.0;0.0;0.031590275;0.0;0.13137196;0.0;0.0;0.0;0.12266914;0.0;0.32123333;0.0;0.6899221;0.0;0.61195135;0.0;0.23268339;0.0;0.20426805;0.0;0.17453153;0.0;0.06973008;0.0;0.0;0.0;0.0;0.0;0.012870257;0.0;9.0;0.0;9.0;0.0;9.0;0.0;9.0;0.0;1.0;0.0;1.0;0.0;1.0;0.0;1.0;0.0;1.0;0.0;1.0;0.0;1.0;0.0;1.0;0.0;1.0;0.0;1.0;0.0;1.0;0.0;9.0;0.0;9.0;0.0;9.0;0.0;1.0;0.0;0.0;0.0;0.0
0.0017863851;0.0;0.0018538603;0.0;0.0;0.0;0.0;0.0;0.0;0.0;0.13207322;0.0;0.0;0.0;0.13653664;0.0;0.32294804;0.0;0.699922;0.0;0.51829857;0.0;0.2450141;0.0;0.20342681;0.0;0.17381276;0.0;0.0;0.0;0.0;0.0;0.0;0.0;0.0019506651;0.0;9.0;0.0;9.0;0.0;9.0;0.0;9.0;0.0;9.0;0.0;1.0;0.0;1.0;0.0;1.0;0.0;1.0;0.0;1.0;0.0;1.0;0.0;1.0;0.0;1.0;0.0;1.0;0.0;9.0;0.0;9.0;0.0;9.0;0.0;9.0;0.0;1.0;0.0;0.0;0.0;0.0
1.0;0.0;1.0;0.0;0.0022027462;0.0;0.038655065;0.0;0.033027813;0.0;0.1327745;0.0;0.0;0.0;0.13653664;0.0;0.3246628;0.0;0.699922;0.0;0.51829857;0.0;0.2450141;0.0;0.20258558;0.0;0.17309399;0.0;0.068327546;0.0;0.07560544;0.0;0.0024772775;0.0;0.8776525;0.0;1.0;0.0;1.0;0.0;1.0;0.0;1.0;0.0;1.0;0.0;1.0;0.0;1.0;0.0;1.0;0.0;1.0;0.0;1.0;0.0;1.0;0.0;1.0;0.0;1.0;0.0;1.0;0.0;1.0;0.0;1.0;0.0;1.0;0.0;2.0;0.0;1.0;0.0;0.0;0.0;0.0
0.99422705;0.0;1.0;0.0;0.0;0.0;0.0394963;0.0;0.03374658;0.0;0.0;0.0;0.018690294;0.0;0.15040414;0.0;0.32637757;0.0;0.709922;0.0;0.5286763;0.0;0.2573448;0.0;0.20174435;0.0;0.17237522;0.0;0.06762628;0.0;0.074829474;0.0;0.0;0.0;0.86673295;0.0;1.0;0.0;1.0;0.0;1.0;0.0;1.0;0.0;1.0;0.0;1.0;0.0;1.0;0.0;1.0;0.0;1.0;0.0;1.0;0.0;1.0;0.0;1.0;0.0;1.0;0.0;1.0;0.0;1.0;0.0;1.0;0.0;1.0;0.0;2.0;0.0;1.0;0.0;0.0;0.0;0.0
0.98422706;0.0;1.0;0.0;0.0;0.0;0.0;0.0;0.03446535;0.0;0.033626005;0.0;0.0;0.0;0.16427165;0.0;0.3280923;0.0;0.71992195;0.0;0.539054;0.0;0.26967555;0.0;0.03249272;0.0;0.0;0.0;0.06692502;0.0;0.07405352;0.0;0.0;0.0;0.8558134;0.0;1.0;0.0;1.0;0.0;1.0;0.0;1.0;0.0;1.0;0.0;1.0;0.0;1.0;0.0;1.0;0.0;1.0;0.0;1.0;0.0;1.0;0.0;1.0;0.0;1.0;0.0;1.0;0.0;1.0;0.0;1.0;0.0;1.0;0.0;2.0;0.0;1.0;0.0;0.0;0.0;0.0
0.9742271;0.0;1.0;0.0;0.0;0.0;0.0;0.0;0.035184123;0.0;0.03432727;0.0;0.0;0.0;0.17813917;0.0;0.57812184;0.0;0.72992194;0.0;0.5494317;0.0;0.28200623;0.0;0.050332524;0.0;0.0;0.0;0.066223755;0.0;0.0;0.0;0.0;0.0;0.8448938;0.0;1.0;0.0;1.0;0.0;1.0;0.0;1.0;0.0;1.0;0.0;1.0;0.0;1.0;0.0;1.0;0.0;1.0;0.0;1.0;0.0;1.0;0.0;1.0;0.0;1.0;0.0;1.0;0.0;1.0;0.0;1.0;0.0;1.0;0.0;2.0;0.0;1.0;0.0;0.0;0.0;0.0
0.9642271;0.0;1.0;0.0;0.0;0.0;0.0;0.0;0.03590289;0.0;0.035028536;0.0;0.0;0.0;0.0;0.0;0.5890414;0.0;0.7399219;0.0;0.5598093;0.0;0.17072853;0.0;0.06817232;0.0;0.0;0.0;0.065522484;0.0;0.0;0.0;0.50306284;0.0;0.8339742;0.0;1.0;0.0;1.0;0.0;1.0;0.0;1.0;0.0;1.0;0.0;1.0;0.0;1.0;0.0;1.0;0.0;1.0;0.0;1.0;0.0;1.0;0.0;1.0;0.0;1.0;0.0;1.0;0.0;1.0;0.0;1.0;0.0;2.0;0.0;2.0;0.0;1.0;0.0;0.0;0.0;0.0
0.95422715;0.0;0.99027026;0.0;0.0;0.0;0.0;0.0;0.03662166;0.0;0.0357298;0.0;0.0;0.0;0.0;0.0;0.59996104;0.0;0.7499219;0.0;0.57018703;0.0;0.18305925;0.0;0.0;0.0;0.06643924;0.0;0.06482123;0.0;0.0;0.0;0.4891954;0.0;0.8230546;0.0;1.0;0.0;1.0;0.0;1.0;0.0;1.0;0.0;1.0;0.0;1.0;0.0;1.0;0.0;1.0;0.0;1.0;0.0;1.0;0.0;1.0;0.0;1.0;0.0;1.0;0.0;1.0;0.0;1.0;0.0;1.0;0.0;2.0;0.0;2.0;0.0;1.0;0.0;0.0;0.0;0.0
0.9442272;0.0;0.97989255;0.0;0.54626054;0.0;0.0;0.0;0.03734043;0.0;0.036431067;0.0;0.0;0.0;0.0;0.0;0.6108806;0.0;0.7599219;0.0;0.5805647;0.0;0.19538996;0.0;0.0;0.0;0.06572047;0.0;0.06411996;0.0;0.0;0.0;0.47532788;0.0;0.81213504;0.0;1.0;0.0;1.0;0.0;1.0;0.0;1.0;0.0;1.0;0.0;1.0;0.0;1.0;0.0;1.0;0.0;1.0;0.0;1.0;0.0;1.0;0.0;1.0;0.0;1.0;0.0;1.0;0.0;1.0;0.0;1.0;0.0;2.0;0.0;2.0;0.0;1.0;0.0;0.0;0.0;0.0
0.93422717;0.0;0.96951485;0.0;0.5339299;0.0;0.0;0.0;0.0;0.0;0.03713233;0.0;0.041087467;0.0;0.0;0.0;0.6218002;0.0;0.76992184;0.0;0.5909424;0.0;0.20772067;0.0;0.0;0.0;0.065001704;0.0;0.063418694;0.0;0.0;0.0;0.46146035;0.0;0.80121547;0.0;1.0;0.0;1.0;0.0;1.0;0.0;1.0;0.0;1.0;0.0;1.0;0.0;1.0;0.0;1.0;0.0;1.0;0.0;1.0;0.0;1.0;0.0;1.0;0.0;1.0;0.0;1.0;0.0;1.0;0.0;1.0;0.0;2.0;0.0;2.0;0.0;1.0;0.0;0.0;0.0;0.0
0.92422724;0.0;0.95913714;0.0;0.5215992;0.0;0.40724593;0.0;0.0;0.0;0.037833594;0.0;0.041863427;0.0;0.0;0.0;0.6327198;0.0;0.7799218;0.0;0.4972896;0.0;0.22005138;0.0;0.0;0.0;0.06428293;0.0;0.06271742;0.0;0.27824014;0.0;0.44759288;0.0;0.79029584;0.0;1.0;0.0;1.0;0.0;1.0;0.0;1.0;0.0;1.0;0.0;1.0;0.0;1.0;0.0;1.0;0.0;1.0;0.0;1.0;0.0;1.0;0.0;1.0;0.0;1.0;0.0;1.0;0.0;1.0;0.0;2.0;0.0;2.0;0.0;2.0;0.0;1.0;0.0;0.0;0.0;0.0
0.9142273;0.0;0.94875944;0.0;0.5092684;0.0;0.40808716;0.0;0.0;0.0;0.038534857;0.0;0.042639386;0.0;0.0;0.0;0.0;0.0;0.78992176;0.0;0.5076673;0.0;0.0;0.0;0.0;0.0;0.06356417;0.0;0.0;0.0;0.25548488;0.0;0.43372536;0.0;0.88883895;0.0;1.0;0.0;1.0;0.0;1.0;0.0;1.0;0.0;1.0;0.0;1.0;0.0;1.0;0.0;1.0;0.0;1.0;0.0;1.0;0.0;1.0;0.0;1.0;0.0;1.0;0.0;1.0;0.0;1.0;0.0;2.0;0.0;2.0;0.0;2.0;0.0;1.0;0.0;0.0;0.0;0.0
0.90422726;0.0;0.9383818;0.0;0.4969377;0.0;0.4089284;0.0;0.008374361;0.0;0.039236125;0.0;0.043415345;0.0;0.0;0.0;0.0;0.0;0.79992175;0.0;0.518045;0.0;0.0;0.0;0.0;0.0;0.062845394;0.0;0.36296797;0.0;0.23272964;0.0;0.4198579;0.0;0.8779194;0.0;1.0;0.0;1.0;0.0;1.0;0.0;1.0;0.0;1.0;0.0;1.0;0.0;1.0;0.0;1.0;0.0;1.0;0.0;1.0;0.0;1.0;0.0;1.0;0.0;1.0;0.0;1.0;0.0;2.0;0.0;2.0;0.0;2.0;0.0;2.0;0.0;1.0;0.0;0.0;0.0;0.0
0.8942273;0.0;0.9280041;0.0;0.48460704;0.0;0.34345087;0.0;0.0;0.0;0.03993739;0.0;0.04419131;0.0;0.011051369;0.0;0.008702101;0.0;0.80992174;0.0;0.5284227;0.0;0.009826658;0.0;0.014216994;0.0;0.062126625;0.0;0.36226672;0.0;0.20997438;0.0;0.40599036;0.0;0.8669998;0.0;1.0;0.0;1.0;0.0;1.0;0.0;1.0;0.0;1.0;0.0;1.0;0.0;1.0;0.0;1.0;0.0;1.0;0.0;1.0;0.0;1.0;0.0;1.0;0.0;1.0;0.0;1.0;0.0;2.0;0.0;2.0;0.0;2.0;0.0;2.0;0.0;1.0;0.0;0.0;0.0;0.0
0.8842274;0.0;0.9176264;0.0;0.4722763;0.0;0.32561105;0.0;0.35083574;0.0;0.14118966;0.0;0.044967268;0.0;0.024918875;0.0;0.019621693;0.0;0.8199217;0.0;0.53880036;0.0;0.022157371;0.0;0.07187047;0.0;0.061407853;0.0;0.36156544;0.0;0.18721911;0.0;0.39212283;0.0;0.85608023;0.0;1.0;0.0;1.0;0.0;1.0;0.0;1.0;0.0;1.0;0.0;1.0;0.0;1.0;0.0;1.0;0.0;1.0;0.0;1.0;0.0;1.0;0.0;1.0;0.0;1.0;0.0;1.0;0.0;2.0;0.0;2.0;0.0;2.0;0.0;2.0;0.0;1.0;0.0;0.0;0.0;0.0
0.87422734;0.0;0.9072487;0.0;0.4599456;0.0;0.30777127;0.0;0.3515545;0.0;0.24244197;0.0;0.045743227;0.0;0.03878638;0.0;0.030541286;0.0;0.8299216;0.0;0.54917806;0.0;0.034488082;0.0;0.07102923;0.0;0.060689084;0.0;0.3608642;0.0;0.39930153;0.0;0.37825534;0.0;0.8451606;0.0;1.0;0.0;1.0;0.0;1.0;0.0;1.0;0.0;1.0;0.0;1.0;0.0;1.0;0.0;1.0;0.0;1.0;0.0;1.0;0.0;1.0;0.0;1.0;0.0;1.0;0.0;1.0;0.0;2.0;0.0;2.0;0.0;2.0;0.0;2.0;0.0;1.0;0.0;0.0;0.0;0.0
0.8642274;0.0;0.896871;0.0;0.5712233;0.0;0.28993148;0.0;0.3522733;0.0;0.0;0.0;0.046519183;0.0;0.052653886;0.0;0.04146088;0.0;0.83992165;0.0;0.55955577;0.0;0.046818797;0.0;0.070188;0.0;0.05997031;0.0;0.3601629;0.0;0.39852557;0.0;0.50340176;0.0;0.83424103;0.0;1.0;0.0;1.0;0.0;1.0;0.0;1.0;0.0;1.0;0.0;1.0;0.0;1.0;0.0;1.0;0.0;1.0;0.0;1.0;0.0;1.0;0.0;1.0;0.0;1.0;0.0;1.0;0.0;2.0;0.0;2.0;0.0;9.0;0.0;2.0;0.0;1.0;0.0;0.0;0.0;0.0
0.8542274;0.0;0.8864933;0.0;0.5588926;0.0;0.2720917;0.0;0.35299206;0.0;0.3443955;0.0;0.047295146;0.0;0.06119414;0.0;0.052380465;0.0;0.8499216;0.0;0.5699334;0.0;0.059149504;0.0;0.06934677;0.0;0.16231245;0.0;0.35946164;0.0;0.3977496;0.0;0.48953423;0.0;0.82332146;0.0;1.0;0.0;1.0;0.0;1.0;0.0;1.0;0.0;1.0;0.0;1.0;0.0;1.0;0.0;1.0;0.0;1.0;0.0;1.0;0.0;1.0;0.0;1.0;0.0;1.0;0.0;1.0;0.0;2.0;0.0;2.0;0.0;9.0;0.0;2.0;0.0;1.0;0.0;0.0;0.0;0.0
0.8442275;0.0;0.5195113;0.0;0.54656184;0.0;0.25425187;0.0;0.35371083;0.0;0.34509677;0.0;0.048071105;0.0;0.06219814;0.0;0.06330006;0.0;0.8599216;0.0;0.47628063;0.0;0.07148022;0.0;0.06850554;0.0;0.16159368;0.0;0.0;0.0;0.39697364;0.0;0.47566676;0.0;0.8124019;0.0;1.0;0.0;1.0;0.0;1.0;0.0;1.0;0.0;1.0;0.0;1.0;0.0;1.0;0.0;1.0;0.0;1.0;0.0;1.0;0.0;1.0;0.0;1.0;0.0;1.0;0.0;1.0;0.0;2.0;0.0;2.0;0.0;9.0;0.0;2.0;0.0;1.0;0.0;0.0;0.0;0.0
0.83422744;0.0;0.5220413;0.0;0.5342312;0.0;0.23641208;0.0;0.3544296;0.0;0.34579805;0.0;0.048847064;0.0;0.063202135;0.0;0.07421966;0.0;0.86992157;0.0;0.48665833;0.0;0.08381093;0.0;0.06766431;0.0;0.2639358;0.0;0.3580591;0.0;0.39619768;0.0;0.46179923;0.0;0.8014823;0.0;1.0;0.0;1.0;0.0;1.0;0.0;1.0;0.0;1.0;0.0;1.0;0.0;1.0;0.0;1.0;0.0;1.0;0.0;1.0;0.0;1.0;0.0;1.0;0.0;1.0;0.0;1.0;0.0;2.0;0.0;2.0;0.0;9.0;0.0;2.0;0.0;1.0;0.0;0.0;0.0;0.0
0.8242275;0.0;0.52457136;0.0;0.5219005;0.0;0.41565824;0.0;0.35514838;0.0;0.3464993;0.0;0.1608842;0.0;0.06420613;0.0;0.085139245;0.0;0.87992156;0.0;0.49703604;0.0;0.096141644;0.0;0.06682307;0.0;0.26321703;0.0;0.35735786;0.0;0.3954217;0.0;0.4479317;0.0;0.7905627;0.0;1.0;0.0;1.0;0.0;1.0;0.0;1.0;0.0;1.0;0.0;1.0;0.0;1.0;0.0;1.0;0.0;1.0;0.0;1.0;0.0;1.0;0.0;1.0;0.0;1.0;0.0;1.0;0.0;2.0;0.0;2.0;0.0;9.0;0.0;2.0;0.0;1.0;0.0;0.0;0.0;0.0
0.8142276;0.0;0.5271014;0.0;0.50956976;0.0;0.41649947;0.0;0.35586712;0.0;0.34720057;0.0;0.16166016;0.0;0.06521013;0.0;0.09605884;0.0;0.8899215;0.0;0.50741374;0.0;0.10847236;0.0;0.06598184;0.0;0.26249826;0.0;0.3566566;0.0;0.25604093;0.0;0.43406424;0.0;0.77964306;0.0;1.0;0.0;1.0;0.0;1.0;0.0;1.0;0.0;1.0;0.0;1.0;0.0;1.0;0.0;1.0;0.0;1.0;0.0;1.0;0.0;1.0;0.0;1.0;0.0;1.0;0.0;1.0;0.0;2.0;0.0;2.0;0.0;9.0;0.0;2.0;0.0;1.0;0.0;0.0;0.0;0.0
0.80422753;0.0;0.5296315;0.0;0.49723902;0.0;0.4173407;0.0;0.009382029;0.0;0.34790182;0.0;0.16243611;0.0;0.06621413;0.0;0.10697843;0.0;0.8999214;0.0;0.10166945;0.0;0.12080307;0.0;0.065140605;0.0;0.0;0.0;0.3559553;0.0;0.23328567;0.0;0.4201967;0.0;0.7687235;0.0;1.0;0.0;1.0;0.0;1.0;0.0;1.0;0.0;1.0;0.0;1.0;0.0;1.0;0.0;1.0;0.0;1.0;0.0;1.0;0.0;1.0;0.0;1.0;0.0;1.0;0.0;2.0;0.0;2.0;0.0;2.0;0.0;9.0;0.0;2.0;0.0;1.0;0.0;0.0;0.0;0.0
0.7942276;0.0;0.53216153;0.0;0.48490834;0.0;0.3438868;0.0;0.0;0.0;0.3486031;0.0;0.16321209;0.0;0.067218125;0.0;0.117898025;0.0;0.90992147;0.0;0.11204715;0.0;0.13313378;0.0;0.1849197;0.0;0.031855844;0.0;0.35525405;0.0;0.21053043;0.0;0.4063292;0.0;0.622805;0.0;1.0;0.0;1.0;0.0;1.0;0.0;1.0;0.0;1.0;0.0;1.0;0.0;1.0;0.0;1.0;0.0;1.0;0.0;1.0;0.0;1.0;0.0;1.0;0.0;1.0;0.0;2.0;0.0;2.0;0.0;2.0;0.0;9.0;0.0;1.0;0.0;1.0;0.0;0.0;0.0;0.0
0.78422767;0.0;0.53469163;0.0;0.47257763;0.0;0.326047;0.0;0.35802346;0.0;0.34930438;0.0;0.16398804;0.0;0.06822212;0.0;0.12881762;0.0;0.9199214;0.0;0.12242484;0.0;0.089502946;0.0;0.18407847;0.0;0.36340287;0.0;0.3545528;0.0;0.18777516;0.0;0.39246172;0.0;0.62109023;0.0;1.0;0.0;1.0;0.0;1.0;0.0;1.0;0.0;1.0;0.0;1.0;0.0;1.0;0.0;1.0;0.0;1.0;0.0;1.0;0.0;1.0;0.0;1.0;0.0;1.0;0.0;2.0;0.0;2.0;0.0;2.0;0.0;9.0;0.0;1.0;0.0;1.0;0.0;0.0;0.0;0.0
0.7742277;0.0;0.53722167;0.0;0.5838553;0.0;0.3082072;0.0;0.3587422;0.0;0.35000563;0.0;0.27602518;0.0;0.069226116;0.0;0.1397372;0.0;0.9299213;0.0;0.13280253;0.0;0.088316455;0.0;0.18323722;0.0;0.36268407;0.0;0.35385153;0.0;0.1650199;0.0;0.37859422;0.0;0.61937547;0.0;1.0;0.0;1.0;0.0;1.0;0.0;1.0;0.0;1.0;0.0;1.0;0.0;1.0;0.0;1.0;0.0;1.0;0.0;1.0;0.0;1.0;0.0;1.0;0.0;1.0;0.0;2.0;0.0;2.0;0.0;2.0;0.0;9.0;0.0;1.0;0.0;1.0;0.0;0.0;0.0;0.0
0.76422775;0.0;0.7930941;0.0;0.5715246;0.0;0.2903674;0.0;0.35946098;0.0;0.0;0.0;0.27680114;0.0;0.07023011;0.0;0.15065679;0.0;0.9399214;0.0;0.14318022;0.0;0.08712996;0.0;0.182396;0.0;0.36196533;0.0;0.35315028;0.0;0.39076596;0.0;0.5037406;0.0;0.6176607;0.0;1.0;0.0;1.0;0.0;1.0;0.0;1.0;0.0;1.0;0.0;1.0;0.0;1.0;0.0;1.0;0.0;1.0;0.0;1.0;0.0;1.0;0.0;1.0;0.0;1.0;0.0;2.0;0.0;2.0;0.0;2.0;0.0;2.0;0.0;1.0;0.0;1.0;0.0;0.0;0.0;0.0
0.75422776;0.0;0.7827164;0.0;0.5591939;0.0;0.2725276;0.0;0.36017975;0.0;0.35140815;0.0;0.2775771;0.0;0.071234114;0.0;0.16157639;0.0;0.9499213;0.0;0.15355791;0.0;0.08594346;0.0;0.18155476;0.0;0.36124656;0.0;0.352449;0.0;0.38999;0.0;0.4898731;0.0;0.615946;0.0;1.0;0.0;1.0;0.0;1.0;0.0;1.0;0.0;1.0;0.0;1.0;0.0;1.0;0.0;1.0;0.0;1.0;0.0;1.0;0.0;1.0;0.0;1.0;0.0;1.0;0.0;2.0;0.0;2.0;0.0;2.0;0.0;2.0;0.0;1.0;0.0;1.0;0.0;0.0;0.0;0.0
0.74422777;0.0;0.77233875;0.0;0.5468632;0.0;0.2546878;0.0;0.36089852;0.0;0.3521094;0.0;0.27835304;0.0;0.21906395;0.0;0.17249599;0.0;0.95992124;0.0;0.1639356;0.0;0.08475696;0.0;0.18071353;0.0;0.36052778;0.0;0.0;0.0;0.38921404;0.0;0.4760056;0.0;0.6142312;0.0;1.0;0.0;1.0;0.0;1.0;0.0;1.0;0.0;1.0;0.0;1.0;0.0;1.0;0.0;1.0;0.0;1.0;0.0;1.0;0.0;1.0;0.0;1.0;0.0;1.0;0.0;2.0;0.0;2.0;0.0;2.0;0.0;2.0;0.0;1.0;0.0;1.0;0.0;0.0;0.0;0.0
0.7342278;0.0;0.76196104;0.0;0.5345324;0.0;0.42322937;0.0;0.36161727;0.0;0.35281068;0.0;0.279129;0.0;0.21720047;0.0;0.18341556;0.0;0.96992123;0.0;0.17431329;0.0;0.083570465;0.0;0.1798723;0.0;0.359809;0.0;0.35104647;0.0;0.38843808;0.0;0.4621381;0.0;0.6125165;0.0;1.0;0.0;1.0;0.0;1.0;0.0;1.0;0.0;1.0;0.0;1.0;0.0;1.0;0.0;1.0;0.0;1.0;0.0;1.0;0.0;1.0;0.0;1.0;0.0;1.0;0.0;2.0;0.0;2.0;0.0;2.0;0.0;2.0;0.0;1.0;0.0;1.0;0.0;0.0;0.0;0.0
0.7242278;0.0;0.75158334;0.0;0.5222018;0.0;0.4240706;0.0;0.36233607;0.0;0.35351196;0.0;0.17686515;0.0;0.21820447;0.0;0.19433516;0.0;0.9799212;0.0;0.18469098;0.0;0.082383975;0.0;0.29965138;0.0;0.35909027;0.0;0.3503452;0.0;0.3876621;0.0;0.44827062;0.0;0.61080176;0.0;1.0;0.0;1.0;0.0;1.0;0.0;1.0;0.0;1.0;0.0;1.0;0.0;1.0;0.0;1.0;0.0;1.0;0.0;1.0;0.0;1.0;0.0;1.0;0.0;1.0;0.0;2.0;0.0;2.0;0.0;2.0;0.0;2.0;0.0;1.0;0.0;1.0;0.0;0.0;0.0;0.0
